application_id,customer_age,region,vehicle_type,vehicle_age,contract_type,application_channel,occupation,premium_amount,claim_amount,num_claims_12m,num_claims_total,payment_delay_count,previous_cancellations,address_changes_12m,policy_changes_3m,contract_age_months,accident_report_delay_days,application_hour,fraud_label,claims_to_premium_ratio,short_contract_large_claim,high_claim_frequency_flag,high_payment_delay_flag,multiple_recent_changes_flag,created_at
APP100000,49,Bayern,SUV,7,Teilkasko,Partnerportal,Student,869.96,1722.37,0,2,0,0,0,0,35,3,7,0,1.978,0,0,0,0,2025-11-16
APP100001,41,Hessen,Kleinwagen,9,Teilkasko,Online,Rentner,535.54,652.78,0,3,1,0,0,2,29,2,10,1,1.217,0,0,0,1,2025-07-17
APP100002,51,Sachsen,Motorrad,2,Teilkasko,Makler,Freiberuflich,1523.78,0.0,0,0,1,0,0,0,154,0,16,0,0.0,0,0,0,0,2025-09-03
APP100003,62,Rheinland-Pfalz,Motorrad,3,Haftpflicht,Filiale,Selbstständig,331.31,7392.36,0,2,0,0,0,0,47,5,13,0,22.245,0,0,0,0,2025-11-05
APP100004,39,Sachsen,Limousine,2,Haftpflicht,Online,Freiberuflich,443.29,0.0,0,0,0,0,0,0,54,0,8,0,0.0,0,0,0,0,2025-11-06
APP100005,39,Bayern,Elektrofahrzeug,2,Teilkasko,Online,Rentner,362.5,0.0,0,0,0,0,0,0,74,0,5,0,0.0,0,0,0,0,2025-08-13
APP100006,63,Baden-Württemberg,Limousine,7,Haftpflicht,Online,Angestellt,464.13,6076.07,1,2,0,0,0,0,8,5,7,0,13.063,0,0,0,0,2025-11-16
APP100007,52,NRW,Elektrofahrzeug,4,Vollkasko,Filiale,Angestellt,456.33,1166.88,0,3,1,0,1,0,3,4,16,0,2.552,0,0,0,0,2025-07-01
APP100008,36,Sachsen,Elektrofahrzeug,5,Vollkasko,Online,Angestellt,341.6,665.08,0,1,0,0,1,0,23,5,21,0,1.941,0,0,0,0,2025-03-06
APP100009,50,Hessen,Motorrad,4,Haftpflicht,Partnerportal,Freiberuflich,599.84,3272.97,2,4,1,0,0,0,25,7,12,0,5.447,0,1,0,0,2025-04-13
APP100010,36,NRW,Kleinwagen,3,Haftpflicht,Filiale,Selbstständig,450.37,1270.22,0,1,1,0,0,0,63,7,12,0,2.814,0,0,0,0,2025-06-19
APP100011,36,Baden-Württemberg,SUV,6,Teilkasko,Makler,Student,867.06,0.0,0,0,1,0,0,0,21,0,16,0,0.0,0,0,0,0,2025-04-22
APP100012,46,Baden-Württemberg,Transporter,4,Vollkasko,Makler,Rentner,375.26,1427.26,0,2,1,0,0,0,30,8,18,0,3.793,0,0,0,0,2025-08-24
APP100013,18,Hessen,Kleinwagen,6,Vollkasko,Online,Student,1076.83,692.71,0,2,0,0,0,0,26,7,1,1,0.643,0,0,0,0,2025-04-03
APP100014,20,Bayern,Motorrad,7,Haftpflicht,Telefon,Freiberuflich,553.28,510.37,0,2,0,0,0,0,1,6,17,0,0.921,0,0,0,0,2025-03-16
APP100015,35,Baden-Württemberg,Motorrad,7,Teilkasko,Online,Angestellt,840.47,0.0,0,0,1,1,0,0,34,0,3,0,0.0,0,0,0,0,2025-11-08
APP100016,29,Hessen,Elektrofahrzeug,2,Vollkasko,Partnerportal,Freiberuflich,517.23,513.19,0,3,0,0,0,0,63,7,6,0,0.99,0,0,0,0,2025-01-15
APP100017,47,Bayern,SUV,4,Vollkasko,Filiale,Freiberuflich,355.0,0.0,0,0,0,0,0,0,6,0,15,0,0.0,0,0,0,0,2025-10-13
APP100018,31,NRW,Limousine,4,Teilkasko,Filiale,Freiberuflich,441.12,1638.02,0,1,1,0,1,0,32,2,18,0,3.705,0,0,0,0,2025-01-23
APP100019,24,Hessen,SUV,9,Haftpflicht,Partnerportal,Rentner,280.0,2502.64,1,4,0,0,0,0,32,5,14,0,8.906,0,0,0,0,2025-09-25
APP100020,62,Bayern,Transporter,8,Teilkasko,Online,Angestellt,470.2,3161.29,1,3,1,0,0,0,6,11,22,0,6.709,0,0,0,0,2025-04-02
APP100021,40,Rheinland-Pfalz,Limousine,3,Haftpflicht,Filiale,Angestellt,529.68,0.0,0,0,0,0,1,0,4,0,13,0,0.0,0,0,0,0,2025-12-17
APP100022,43,Hessen,Limousine,2,Haftpflicht,Partnerportal,Angestellt,502.3,0.0,0,0,0,0,0,0,140,0,12,0,0.0,0,0,0,0,2025-06-07
APP100023,24,Hessen,Kleinwagen,17,Haftpflicht,Telefon,Selbstständig,861.49,1842.07,1,1,1,0,0,0,18,7,19,0,2.136,0,0,0,0,2025-05-03
APP100024,35,NRW,Limousine,6,Haftpflicht,Filiale,Angestellt,462.83,1601.42,1,5,0,0,0,0,9,8,6,0,3.453,0,0,0,0,2025-04-13
APP100025,44,NRW,Limousine,1,Vollkasko,Telefon,Student,280.0,0.0,0,0,1,0,1,0,6,0,14,0,0.0,0,0,0,0,2025-09-29
APP100026,28,NRW,SUV,3,Teilkasko,Partnerportal,Selbstständig,2183.11,505.8,1,2,1,0,0,0,39,9,0,0,0.232,0,0,0,0,2025-06-07
APP100027,47,Baden-Württemberg,Limousine,9,Teilkasko,Partnerportal,Angestellt,368.69,1856.97,1,6,0,0,0,0,33,7,1,0,5.023,0,0,0,0,2025-03-09
APP100028,35,Bayern,Kleinwagen,15,Haftpflicht,Telefon,Angestellt,740.16,284.05,0,2,0,0,0,0,37,3,23,0,0.383,0,0,0,0,2025-10-16
APP100029,39,Baden-Württemberg,SUV,14,Vollkasko,Makler,Angestellt,280.0,965.2,2,2,0,0,2,0,3,10,2,1,3.435,0,1,0,1,2025-12-19
APP100030,35,Niedersachsen,Transporter,6,Haftpflicht,Filiale,Angestellt,546.2,138.3,1,2,0,0,0,0,80,6,20,0,0.253,0,0,0,0,2025-09-09
APP100031,67,Berlin,Elektrofahrzeug,5,Haftpflicht,Online,Rentner,352.94,389.19,1,2,0,0,0,1,17,4,23,0,1.1,0,0,0,0,2025-06-05
APP100032,42,Bayern,Kleinwagen,2,Teilkasko,Online,Angestellt,280.0,575.04,0,2,1,0,0,0,13,1,4,0,2.046,0,0,0,0,2025-07-26
APP100033,29,Hessen,Limousine,5,Vollkasko,Partnerportal,Angestellt,437.56,0.0,0,0,1,0,0,0,22,0,15,0,0.0,0,0,0,0,2025-01-26
APP100034,53,Bayern,Motorrad,2,Teilkasko,Telefon,Rentner,482.5,0.0,0,0,0,0,0,1,17,0,16,0,0.0,0,0,0,0,2025-05-05
APP100035,27,Niedersachsen,Kleinwagen,4,Haftpflicht,Online,Arbeitsuchend,449.47,0.0,0,0,1,0,0,0,71,0,17,0,0.0,0,0,0,0,2025-01-14
APP100036,45,Hessen,Limousine,8,Haftpflicht,Filiale,Angestellt,545.72,0.0,0,0,1,1,0,0,95,0,15,0,0.0,0,0,0,0,2025-07-04
APP100037,18,Niedersachsen,SUV,4,Haftpflicht,Filiale,Arbeitsuchend,440.01,2577.25,0,2,0,0,0,0,13,5,10,0,5.844,0,0,0,0,2025-05-23
APP100038,25,Sachsen,Limousine,4,Teilkasko,Makler,Arbeitsuchend,507.27,1057.26,1,1,0,1,1,0,71,3,2,0,2.08,0,0,0,0,2025-07-13
APP100039,45,Niedersachsen,SUV,5,Haftpflicht,Online,Selbstständig,529.24,373.63,0,1,0,0,0,0,54,5,9,0,0.705,0,0,0,0,2025-01-16
APP100040,52,Bayern,Elektrofahrzeug,19,Haftpflicht,Online,Angestellt,485.52,0.0,0,0,0,0,0,0,96,0,17,0,0.0,0,0,0,0,2025-10-20
APP100041,45,Bayern,Kleinwagen,2,Haftpflicht,Telefon,Angestellt,458.64,1115.2,1,2,0,0,0,0,10,8,15,0,2.426,0,0,0,0,2025-09-08
APP100042,41,Baden-Württemberg,Kleinwagen,6,Teilkasko,Online,Freiberuflich,338.55,0.0,0,0,0,0,0,0,30,0,8,0,0.0,0,0,0,0,2025-09-24
APP100043,39,Hessen,Kleinwagen,13,Vollkasko,Online,Student,632.49,0.0,0,0,0,0,0,0,11,0,20,0,0.0,0,0,0,0,2025-09-24
APP100044,23,NRW,Limousine,5,Vollkasko,Filiale,Student,437.53,1537.39,0,1,1,0,0,0,62,6,0,0,3.506,0,0,0,0,2025-06-10
APP100045,33,Hessen,SUV,10,Teilkasko,Makler,Freiberuflich,422.92,0.0,0,0,0,0,0,0,1,0,10,0,0.0,0,0,0,0,2025-09-15
APP100046,37,Berlin,Kleinwagen,2,Haftpflicht,Makler,Angestellt,611.04,0.0,0,0,0,0,2,0,29,0,10,0,0.0,0,0,0,1,2025-02-02
APP100047,56,NRW,Motorrad,4,Teilkasko,Online,Angestellt,538.63,2253.79,0,1,0,0,0,0,14,11,12,0,4.177,0,0,0,0,2025-03-04
APP100048,47,NRW,Transporter,3,Teilkasko,Telefon,Rentner,367.51,0.0,0,0,0,0,1,0,14,0,7,0,0.0,0,0,0,0,2025-12-06
APP100049,20,Berlin,Limousine,5,Teilkasko,Online,Angestellt,833.2,0.0,0,0,0,0,0,0,37,0,18,0,0.0,0,0,0,0,2025-10-16
APP100050,47,Niedersachsen,Limousine,5,Teilkasko,Online,Angestellt,299.02,0.0,0,0,1,0,0,0,68,0,8,0,0.0,0,0,0,0,2025-10-09
APP100051,37,Sachsen,Kleinwagen,5,Vollkasko,Filiale,Angestellt,319.51,737.43,0,1,0,0,1,0,33,7,5,0,2.301,0,0,0,0,2025-10-17
APP100052,34,Berlin,Limousine,8,Vollkasko,Partnerportal,Freiberuflich,652.43,3780.12,2,2,1,0,0,0,69,6,3,1,5.785,0,1,0,0,2025-03-19
APP100053,50,NRW,Limousine,0,Vollkasko,Online,Rentner,1028.11,213.32,0,1,1,0,0,1,11,5,8,0,0.207,0,0,0,0,2025-12-15
APP100054,56,Hessen,SUV,3,Vollkasko,Online,Angestellt,386.64,0.0,0,0,0,0,0,0,26,0,14,0,0.0,0,0,0,0,2025-08-30
APP100055,55,Hessen,SUV,6,Teilkasko,Online,Angestellt,586.04,0.0,0,0,1,1,0,0,21,0,17,0,0.0,0,0,0,0,2025-11-23
APP100056,32,Berlin,Elektrofahrzeug,1,Haftpflicht,Partnerportal,Angestellt,298.63,640.64,0,5,0,0,1,1,1,5,21,0,2.138,0,0,0,0,2025-07-22
APP100057,38,Hessen,Transporter,7,Vollkasko,Online,Student,333.56,1513.74,0,1,0,1,0,0,29,3,3,0,4.525,0,0,0,0,2025-08-19
APP100058,47,NRW,Kleinwagen,3,Teilkasko,Online,Student,792.76,341.67,2,2,0,0,1,0,38,3,18,0,0.43,0,1,0,0,2025-04-04
APP100059,55,Bayern,Transporter,4,Teilkasko,Telefon,Angestellt,574.57,605.7,0,2,0,0,0,0,32,4,15,0,1.052,0,0,0,0,2025-06-26
APP100060,36,Bayern,Kleinwagen,8,Haftpflicht,Filiale,Angestellt,803.16,588.89,3,4,0,0,0,0,47,5,5,1,0.732,0,1,0,0,2025-10-30
APP100061,40,Hessen,Limousine,10,Haftpflicht,Makler,Arbeitsuchend,777.63,0.0,0,0,0,0,0,0,30,0,11,0,0.0,0,0,0,0,2025-05-29
APP100062,28,Bayern,SUV,7,Teilkasko,Partnerportal,Angestellt,280.0,0.0,0,0,0,0,0,0,2,0,14,0,0.0,0,0,0,0,2025-07-18
APP100063,27,Hessen,SUV,2,Teilkasko,Makler,Angestellt,298.18,4726.55,0,1,0,0,1,0,4,3,14,0,15.798,1,0,0,0,2025-07-31
APP100064,53,Niedersachsen,Transporter,7,Haftpflicht,Online,Student,552.96,5582.9,0,3,0,0,0,0,32,8,14,0,10.078,0,0,0,0,2025-11-13
APP100065,60,Berlin,Motorrad,7,Haftpflicht,Makler,Angestellt,280.0,217.31,0,1,0,0,0,0,11,8,15,0,0.773,0,0,0,0,2025-08-31
APP100066,42,Bayern,Motorrad,6,Haftpflicht,Partnerportal,Angestellt,316.46,1924.99,2,2,0,0,0,0,2,6,13,0,6.064,0,1,0,0,2025-01-05
APP100067,56,Niedersachsen,Kleinwagen,11,Haftpflicht,Online,Angestellt,897.24,2514.59,1,2,0,0,0,1,20,7,7,0,2.799,0,0,0,0,2025-06-08
APP100068,47,NRW,SUV,5,Vollkasko,Makler,Angestellt,392.5,1922.8,1,1,0,0,1,0,29,7,1,0,4.886,0,0,0,0,2025-07-09
APP100069,34,Hessen,Elektrofahrzeug,11,Haftpflicht,Online,Angestellt,664.03,0.0,0,0,0,0,0,0,14,0,14,0,0.0,0,0,0,0,2025-02-25
APP100070,47,Bayern,Transporter,11,Teilkasko,Partnerportal,Angestellt,486.95,984.88,0,1,0,0,0,0,45,5,7,0,2.018,0,0,0,0,2025-07-13
APP100071,62,Hessen,SUV,7,Haftpflicht,Partnerportal,Selbstständig,370.34,641.6,0,1,0,0,0,0,37,8,10,0,1.728,0,0,0,0,2025-01-26
APP100072,42,Sachsen,Elektrofahrzeug,6,Teilkasko,Filiale,Rentner,280.0,847.91,0,2,1,0,0,0,14,4,15,0,3.017,0,0,0,0,2025-03-09
APP100073,63,NRW,Kleinwagen,6,Vollkasko,Telefon,Angestellt,543.48,0.0,0,0,0,0,0,0,50,0,7,0,0.0,0,0,0,0,2025-01-30
APP100074,18,Sachsen,Kleinwagen,13,Haftpflicht,Makler,Selbstständig,907.72,1099.3,1,1,0,0,0,0,37,4,4,1,1.21,0,0,0,0,2025-10-03
APP100075,53,NRW,Transporter,9,Teilkasko,Online,Arbeitsuchend,374.79,0.0,0,0,0,1,0,0,36,0,19,0,0.0,0,0,0,0,2025-07-13
APP100076,44,Baden-Württemberg,SUV,2,Haftpflicht,Telefon,Freiberuflich,507.15,1022.38,0,1,0,0,1,0,29,4,3,0,2.012,0,0,0,0,2025-04-19
APP100077,39,Bayern,Kleinwagen,6,Haftpflicht,Makler,Angestellt,280.0,0.0,0,0,0,0,0,1,1,0,11,0,0.0,0,0,0,0,2025-12-01
APP100078,44,Sachsen,Limousine,3,Haftpflicht,Makler,Angestellt,371.55,1444.9,0,2,0,0,0,0,42,6,9,0,3.878,0,0,0,0,2025-11-03
APP100079,18,NRW,Kleinwagen,3,Haftpflicht,Online,Student,568.6,680.27,1,3,1,0,0,0,16,7,3,0,1.194,0,0,0,0,2025-08-28
APP100080,40,Berlin,SUV,4,Teilkasko,Makler,Selbstständig,673.41,0.0,0,0,1,0,1,0,102,0,18,0,0.0,0,0,0,0,2025-09-27
APP100081,47,Hessen,Kleinwagen,1,Teilkasko,Filiale,Selbstständig,622.35,3039.18,1,3,0,0,0,1,61,8,9,0,4.876,0,0,0,0,2025-11-07
APP100082,62,NRW,Kleinwagen,2,Teilkasko,Makler,Angestellt,280.0,0.0,0,0,0,0,0,0,31,0,18,0,0.0,0,0,0,0,2025-11-05
APP100083,36,Berlin,Limousine,11,Vollkasko,Telefon,Angestellt,406.7,141.34,1,3,0,0,0,1,10,8,18,0,0.347,0,0,0,0,2025-07-01
APP100084,32,NRW,Kleinwagen,3,Haftpflicht,Filiale,Rentner,328.24,0.0,0,0,0,0,0,0,8,0,10,0,0.0,0,0,0,0,2025-08-10
APP100085,36,NRW,Limousine,8,Vollkasko,Online,Rentner,432.77,936.71,1,3,1,0,0,0,14,1,22,0,2.159,0,0,0,0,2025-06-04
APP100086,54,Sachsen,Limousine,5,Teilkasko,Makler,Angestellt,470.27,0.0,0,0,0,0,0,0,23,0,12,0,0.0,0,0,0,0,2025-01-02
APP100087,47,Bayern,SUV,7,Vollkasko,Telefon,Angestellt,771.14,298.03,1,2,0,0,0,0,12,5,20,0,0.386,0,0,0,0,2025-03-19
APP100088,36,NRW,Transporter,7,Haftpflicht,Online,Angestellt,557.8,525.96,0,1,0,0,0,0,26,6,1,0,0.941,0,0,0,0,2025-04-01
APP100089,49,Sachsen,Kleinwagen,2,Teilkasko,Filiale,Selbstständig,893.81,1353.98,2,2,0,0,0,0,6,5,13,0,1.513,0,1,0,0,2025-10-06
APP100090,44,Baden-Württemberg,SUV,8,Haftpflicht,Online,Angestellt,367.31,0.0,0,0,0,0,0,0,136,0,19,0,0.0,0,0,0,0,2025-06-12
APP100091,55,Bayern,Motorrad,2,Haftpflicht,Online,Selbstständig,280.0,1670.66,1,1,0,0,0,0,4,4,17,0,5.945,0,0,0,0,2025-11-14
APP100092,33,Baden-Württemberg,Kleinwagen,3,Haftpflicht,Online,Freiberuflich,907.96,0.0,0,0,0,0,0,0,96,0,15,0,0.0,0,0,0,0,2025-04-22
APP100093,38,Bayern,Elektrofahrzeug,7,Teilkasko,Filiale,Angestellt,591.14,0.0,0,0,0,0,0,0,88,0,23,0,0.0,0,0,0,0,2025-11-24
APP100094,37,Baden-Württemberg,Kleinwagen,2,Teilkasko,Partnerportal,Selbstständig,360.62,1428.82,0,1,1,0,0,0,26,6,3,1,3.951,0,0,0,0,2025-02-28
APP100095,23,Hessen,Kleinwagen,1,Teilkasko,Partnerportal,Student,592.22,1270.77,3,4,0,0,0,0,46,2,0,1,2.142,0,1,0,0,2025-07-11
APP100096,46,Niedersachsen,Kleinwagen,6,Haftpflicht,Telefon,Arbeitsuchend,699.81,2132.5,0,1,0,0,0,0,20,5,2,0,3.043,0,0,0,0,2025-12-14
APP100097,46,Bayern,Limousine,1,Teilkasko,Partnerportal,Student,518.04,0.0,0,0,1,1,0,0,35,0,11,0,0.0,0,0,0,0,2025-08-13
APP100098,43,Berlin,Limousine,7,Haftpflicht,Online,Angestellt,362.78,4503.83,1,2,0,0,1,0,14,2,22,0,12.381,0,0,0,0,2025-05-17
APP100099,39,NRW,Limousine,4,Teilkasko,Online,Selbstständig,409.39,186.08,0,2,0,0,0,0,12,9,2,0,0.453,0,0,0,0,2025-12-01
APP100100,24,Baden-Württemberg,Elektrofahrzeug,6,Haftpflicht,Partnerportal,Student,556.72,0.0,0,0,0,0,0,0,31,0,20,0,0.0,0,0,0,0,2025-11-26
APP100101,37,Niedersachsen,Limousine,6,Vollkasko,Partnerportal,Angestellt,535.68,999.5,1,5,1,0,1,0,24,4,17,0,1.862,0,0,0,0,2025-11-01
APP100102,38,Baden-Württemberg,Motorrad,8,Haftpflicht,Online,Angestellt,819.87,0.0,0,0,1,0,0,0,31,0,23,0,0.0,0,0,0,0,2025-09-15
APP100103,32,Niedersachsen,Kleinwagen,7,Vollkasko,Online,Angestellt,438.83,95.01,0,1,0,0,0,0,12,3,3,0,0.216,0,0,0,0,2025-05-11
APP100104,40,Berlin,Motorrad,2,Haftpflicht,Makler,Angestellt,328.72,1183.34,0,1,2,0,1,0,16,2,16,0,3.589,0,0,1,0,2025-05-31
APP100105,48,Berlin,Elektrofahrzeug,4,Haftpflicht,Filiale,Angestellt,1454.42,0.0,0,0,0,0,0,1,3,0,11,0,0.0,0,0,0,0,2025-07-21
APP100106,67,Hessen,Limousine,6,Haftpflicht,Partnerportal,Arbeitsuchend,530.22,2822.39,1,1,0,0,0,1,1,3,19,0,5.313,0,0,0,0,2025-10-02
APP100107,45,Niedersachsen,SUV,11,Haftpflicht,Online,Angestellt,699.52,0.0,0,0,0,0,0,1,10,0,7,0,0.0,0,0,0,0,2025-08-21
APP100108,46,Baden-Württemberg,Kleinwagen,7,Vollkasko,Partnerportal,Angestellt,613.5,938.51,0,1,0,0,0,0,2,5,16,0,1.527,0,0,0,0,2025-10-01
APP100109,42,Baden-Württemberg,Kleinwagen,10,Vollkasko,Filiale,Freiberuflich,532.91,717.86,2,2,0,0,0,0,3,4,13,0,1.345,0,1,0,0,2025-06-12
APP100110,18,NRW,Transporter,6,Haftpflicht,Online,Rentner,447.8,868.03,1,2,0,0,1,0,60,7,21,0,1.934,0,0,0,0,2025-08-21
APP100111,42,Hessen,SUV,9,Haftpflicht,Partnerportal,Student,280.0,0.0,0,0,0,0,0,0,1,0,19,0,0.0,0,0,0,0,2025-05-17
APP100112,43,Niedersachsen,Transporter,6,Haftpflicht,Telefon,Angestellt,315.28,569.15,0,1,0,0,0,0,38,3,10,0,1.8,0,0,0,0,2025-08-11
APP100113,75,Sachsen,Limousine,9,Teilkasko,Online,Angestellt,565.79,1753.24,0,3,0,0,1,1,11,10,7,0,3.093,0,0,0,0,2025-12-16
APP100114,40,Bayern,Kleinwagen,4,Teilkasko,Online,Freiberuflich,280.0,1355.43,1,2,0,0,0,1,73,2,0,0,4.824,0,0,0,0,2025-08-17
APP100115,46,Bayern,Limousine,12,Teilkasko,Telefon,Freiberuflich,507.8,1840.6,1,3,0,0,0,0,23,5,20,0,3.618,0,0,0,0,2025-01-12
APP100116,42,Sachsen,Kleinwagen,7,Teilkasko,Online,Selbstständig,650.48,0.0,0,0,0,0,0,0,13,0,16,0,0.0,0,0,0,0,2025-01-17
APP100117,27,NRW,Limousine,1,Vollkasko,Telefon,Student,699.23,2205.45,0,1,0,0,0,0,26,3,19,0,3.15,0,0,0,0,2025-08-07
APP100118,57,Niedersachsen,Limousine,6,Haftpflicht,Online,Angestellt,633.48,0.0,0,0,0,1,0,0,17,0,17,0,0.0,0,0,0,0,2025-12-07
APP100119,52,Sachsen,Transporter,7,Vollkasko,Makler,Angestellt,736.95,0.0,0,0,0,0,0,0,29,0,9,0,0.0,0,0,0,0,2025-11-01
APP100120,53,Sachsen,Kleinwagen,8,Haftpflicht,Online,Selbstständig,967.15,586.3,0,1,1,0,0,0,4,5,8,1,0.606,0,0,0,0,2025-06-25
APP100121,31,Sachsen,Kleinwagen,14,Haftpflicht,Online,Student,780.84,0.0,0,0,0,0,0,0,180,0,1,0,0.0,0,0,0,0,2025-09-03
APP100122,61,NRW,Limousine,3,Vollkasko,Online,Angestellt,535.22,0.0,0,0,0,0,0,0,19,0,19,0,0.0,0,0,0,0,2025-01-27
APP100123,24,Bayern,SUV,14,Haftpflicht,Makler,Selbstständig,465.66,0.0,0,0,0,0,0,0,15,0,2,0,0.0,0,0,0,0,2025-09-03
APP100124,50,NRW,Kleinwagen,5,Teilkasko,Online,Rentner,517.05,2631.27,0,1,1,0,0,0,44,3,0,0,5.079,0,0,0,0,2025-07-02
APP100125,71,Rheinland-Pfalz,Kleinwagen,3,Haftpflicht,Partnerportal,Angestellt,438.91,0.0,0,0,1,1,1,0,16,0,0,0,0.0,0,0,0,0,2025-04-28
APP100126,30,Hessen,Limousine,3,Vollkasko,Partnerportal,Angestellt,787.91,0.0,0,0,0,0,1,0,64,0,17,0,0.0,0,0,0,0,2025-01-03
APP100127,35,NRW,Limousine,7,Haftpflicht,Partnerportal,Freiberuflich,626.58,0.0,0,0,0,0,0,0,21,0,7,0,0.0,0,0,0,0,2025-08-04
APP100128,44,Sachsen,SUV,2,Vollkasko,Filiale,Student,419.87,2494.98,0,1,0,0,0,0,45,5,17,0,5.928,0,0,0,0,2025-08-12
APP100129,36,Bayern,Kleinwagen,4,Vollkasko,Makler,Student,859.3,248.15,0,1,1,0,0,0,4,4,0,0,0.288,0,0,0,0,2025-04-11
APP100130,22,Sachsen,Limousine,6,Haftpflicht,Partnerportal,Student,435.9,0.0,0,0,0,0,0,0,67,0,21,0,0.0,0,0,0,0,2025-03-13
APP100131,43,Hessen,Transporter,12,Haftpflicht,Partnerportal,Angestellt,331.22,0.0,0,0,0,0,0,1,47,0,16,0,0.0,0,0,0,0,2025-12-21
APP100132,29,Hessen,SUV,8,Haftpflicht,Online,Selbstständig,490.53,0.0,0,0,1,1,1,0,8,0,9,1,0.0,0,0,0,0,2025-05-31
APP100133,49,Niedersachsen,Limousine,5,Teilkasko,Makler,Angestellt,348.58,427.27,0,1,0,0,0,0,5,9,8,0,1.222,0,0,0,0,2025-07-27
APP100134,31,Hessen,Limousine,7,Vollkasko,Online,Freiberuflich,730.12,1034.91,1,2,0,0,0,0,13,7,21,0,1.416,0,0,0,0,2025-12-22
APP100135,63,Niedersachsen,Limousine,6,Haftpflicht,Online,Selbstständig,345.47,0.0,0,0,0,0,0,0,134,0,9,0,0.0,0,0,0,0,2025-07-20
APP100136,32,Baden-Württemberg,Limousine,2,Haftpflicht,Online,Rentner,469.44,559.84,1,1,0,1,0,0,10,3,21,0,1.19,0,0,0,0,2025-10-22
APP100137,38,NRW,Limousine,13,Vollkasko,Partnerportal,Student,731.19,7199.29,0,1,0,0,0,0,21,4,0,0,9.833,0,0,0,0,2025-11-10
APP100138,53,Baden-Württemberg,Motorrad,12,Haftpflicht,Online,Selbstständig,365.36,0.0,0,0,0,1,0,0,1,0,15,0,0.0,0,0,0,0,2025-01-18
APP100139,26,Baden-Württemberg,Limousine,5,Haftpflicht,Makler,Rentner,585.63,0.0,0,0,2,0,0,0,18,0,6,0,0.0,0,0,1,0,2025-04-23
APP100140,45,Hessen,SUV,3,Teilkasko,Filiale,Student,327.39,1119.26,1,1,0,0,0,0,30,5,2,0,3.408,0,0,0,0,2025-07-01
APP100141,59,NRW,Motorrad,2,Haftpflicht,Filiale,Angestellt,546.01,2621.97,0,2,1,0,0,1,110,2,16,0,4.793,0,0,0,0,2025-10-14
APP100142,22,Rheinland-Pfalz,Limousine,7,Haftpflicht,Online,Angestellt,625.31,1230.04,0,1,0,0,0,0,26,5,8,0,1.964,0,0,0,0,2025-11-16
APP100143,45,Bayern,Motorrad,7,Vollkasko,Makler,Freiberuflich,484.1,0.0,0,0,1,0,0,0,61,0,14,0,0.0,0,0,0,0,2025-10-25
APP100144,46,NRW,Elektrofahrzeug,3,Haftpflicht,Online,Arbeitsuchend,499.74,577.79,0,1,0,0,1,0,28,5,7,1,1.154,0,0,0,0,2025-02-06
APP100145,53,NRW,SUV,6,Teilkasko,Partnerportal,Selbstständig,593.76,0.0,0,0,0,0,0,0,1,0,3,0,0.0,0,0,0,0,2025-04-21
APP100146,26,Sachsen,Limousine,8,Haftpflicht,Online,Angestellt,437.99,1953.65,1,3,0,0,1,0,13,8,18,0,4.45,0,0,0,0,2025-08-27
APP100147,25,Bayern,Motorrad,3,Haftpflicht,Online,Student,715.95,2952.91,0,1,0,0,0,0,30,3,1,0,4.119,0,0,0,0,2025-04-15
APP100148,49,Hessen,SUV,4,Teilkasko,Online,Selbstständig,876.45,1653.07,1,1,0,1,0,0,108,5,1,0,1.884,0,0,0,0,2025-11-22
APP100149,46,Bayern,SUV,4,Haftpflicht,Online,Freiberuflich,334.01,0.0,0,0,0,0,1,0,70,0,12,0,0.0,0,0,0,0,2025-12-22
APP100150,46,Bayern,Motorrad,3,Haftpflicht,Makler,Freiberuflich,1035.01,577.04,1,3,1,0,0,0,9,6,18,0,0.557,0,0,0,0,2025-09-04
APP100151,47,Hessen,SUV,4,Vollkasko,Filiale,Angestellt,433.78,798.15,1,1,0,0,0,0,8,4,0,0,1.836,0,0,0,0,2025-07-25
APP100152,34,NRW,SUV,1,Haftpflicht,Online,Rentner,1138.68,3806.66,0,1,0,0,0,0,8,11,22,0,3.34,0,0,0,0,2025-12-27
APP100153,46,Berlin,Kleinwagen,4,Teilkasko,Partnerportal,Angestellt,436.26,4563.21,1,2,0,0,0,0,92,8,14,0,10.436,0,0,0,0,2025-12-10
APP100154,46,NRW,Transporter,4,Haftpflicht,Makler,Angestellt,663.21,457.14,0,2,0,0,0,1,68,4,1,0,0.688,0,0,0,0,2025-12-19
APP100155,33,NRW,Elektrofahrzeug,5,Haftpflicht,Online,Angestellt,661.72,1498.58,0,1,0,1,0,0,53,4,15,0,2.261,0,0,0,0,2025-10-25
APP100156,67,Sachsen,SUV,7,Haftpflicht,Online,Rentner,418.77,840.25,1,1,0,0,0,0,17,5,21,0,2.002,0,0,0,0,2025-01-29
APP100157,49,NRW,Elektrofahrzeug,2,Teilkasko,Online,Arbeitsuchend,508.01,670.16,0,1,0,0,0,0,25,5,13,0,1.317,0,0,0,0,2025-05-11
APP100158,27,Niedersachsen,Limousine,2,Vollkasko,Online,Selbstständig,902.13,1543.97,0,1,0,0,0,0,22,4,5,0,1.71,0,0,0,0,2025-05-26
APP100159,51,NRW,Kleinwagen,3,Teilkasko,Filiale,Rentner,430.39,3196.52,0,1,0,0,0,0,10,8,10,0,7.41,0,0,0,0,2025-12-07
APP100160,30,Sachsen,Limousine,2,Haftpflicht,Partnerportal,Angestellt,413.49,1779.19,1,3,0,1,0,1,25,7,13,0,4.292,0,0,0,0,2025-02-21
APP100161,53,Hessen,Kleinwagen,7,Vollkasko,Online,Selbstständig,303.55,0.0,0,0,0,0,0,1,1,0,19,0,0.0,0,0,0,0,2025-02-11
APP100162,58,Rheinland-Pfalz,Kleinwagen,3,Haftpflicht,Filiale,Angestellt,951.82,1877.38,0,1,2,0,0,0,5,2,3,0,1.97,0,0,1,0,2025-11-04
APP100163,32,Baden-Württemberg,Kleinwagen,5,Teilkasko,Online,Student,402.65,892.49,0,1,1,0,0,0,78,6,16,0,2.211,0,0,0,0,2025-08-11
APP100164,55,NRW,SUV,3,Teilkasko,Online,Angestellt,815.66,1720.37,0,1,1,0,0,0,50,7,15,0,2.107,0,0,0,0,2025-07-27
APP100165,48,NRW,Elektrofahrzeug,4,Haftpflicht,Telefon,Angestellt,382.77,0.0,0,0,0,0,0,1,19,0,5,0,0.0,0,0,0,0,2025-08-02
APP100166,53,Baden-Württemberg,Kleinwagen,6,Vollkasko,Partnerportal,Freiberuflich,804.97,0.0,0,0,0,0,1,0,26,0,7,0,0.0,0,0,0,0,2025-05-07
APP100167,67,NRW,Kleinwagen,6,Teilkasko,Online,Freiberuflich,691.45,2386.69,0,1,0,0,0,0,16,3,12,0,3.447,0,0,0,0,2025-01-02
APP100168,39,NRW,Elektrofahrzeug,2,Teilkasko,Partnerportal,Freiberuflich,447.67,327.6,1,1,0,1,0,0,48,5,3,0,0.73,0,0,0,0,2025-02-20
APP100169,33,Berlin,Motorrad,5,Haftpflicht,Online,Freiberuflich,361.99,3442.93,0,2,0,0,0,0,55,5,15,0,9.485,0,0,0,0,2025-12-26
APP100170,31,NRW,Motorrad,3,Haftpflicht,Partnerportal,Rentner,374.55,705.23,0,2,0,0,0,0,51,6,16,0,1.878,0,0,0,0,2025-01-17
APP100171,32,NRW,Kleinwagen,4,Vollkasko,Telefon,Freiberuflich,372.55,430.51,1,1,0,0,0,0,46,2,3,0,1.152,0,0,0,0,2025-05-21
APP100172,41,Bayern,SUV,3,Haftpflicht,Online,Angestellt,770.76,2188.52,0,2,0,0,1,0,8,9,15,0,2.836,0,0,0,0,2025-07-01
APP100173,47,Bayern,Kleinwagen,13,Haftpflicht,Online,Freiberuflich,527.05,1651.67,1,1,0,0,0,0,14,9,1,0,3.128,0,0,0,0,2025-08-15
APP100174,46,NRW,SUV,8,Haftpflicht,Telefon,Freiberuflich,308.48,0.0,0,0,1,0,0,0,22,0,19,0,0.0,0,0,0,0,2025-06-02
APP100175,53,Bayern,Limousine,6,Haftpflicht,Online,Rentner,443.24,417.78,0,1,1,0,0,0,14,4,23,0,0.94,0,0,0,0,2025-07-21
APP100176,43,Hessen,SUV,4,Vollkasko,Makler,Selbstständig,466.37,0.0,0,0,0,0,0,0,50,0,12,0,0.0,0,0,0,0,2025-04-19
APP100177,61,NRW,Limousine,8,Vollkasko,Online,Angestellt,280.0,435.51,1,3,0,0,0,0,14,3,2,0,1.55,0,0,0,0,2025-03-16
APP100178,39,Bayern,Elektrofahrzeug,5,Teilkasko,Filiale,Freiberuflich,453.71,0.0,0,0,0,0,0,0,5,0,20,0,0.0,0,0,0,0,2025-03-19
APP100179,78,Bayern,Kleinwagen,13,Vollkasko,Online,Selbstständig,667.63,1337.13,2,2,1,1,0,0,18,9,9,0,2.0,0,1,0,0,2025-04-08
APP100180,51,Bayern,Kleinwagen,9,Teilkasko,Makler,Student,465.07,0.0,0,0,0,0,0,0,140,0,17,0,0.0,0,0,0,0,2025-05-30
APP100181,31,NRW,Motorrad,4,Teilkasko,Partnerportal,Student,548.32,1741.6,0,2,0,0,1,1,9,6,2,0,3.17,0,0,0,0,2025-05-12
APP100182,29,Bayern,Transporter,12,Vollkasko,Telefon,Freiberuflich,603.95,4301.08,1,1,1,0,0,0,34,3,0,1,7.11,0,0,0,0,2025-12-30
APP100183,49,Berlin,Kleinwagen,4,Haftpflicht,Online,Angestellt,426.71,1068.2,0,1,1,0,0,0,20,6,22,0,2.497,0,0,0,0,2025-06-03
APP100184,40,NRW,Kleinwagen,14,Haftpflicht,Online,Angestellt,669.76,1353.74,0,1,0,0,1,0,2,8,10,0,2.018,0,0,0,0,2025-05-09
APP100185,52,Bayern,Limousine,12,Haftpflicht,Partnerportal,Angestellt,908.82,6737.08,0,1,0,0,0,0,24,5,4,0,7.405,0,0,0,0,2025-01-10
APP100186,49,Bayern,SUV,6,Haftpflicht,Online,Selbstständig,280.0,441.66,0,4,1,0,1,0,43,5,2,0,1.572,0,0,0,0,2025-04-10
APP100187,42,Baden-Württemberg,Kleinwagen,1,Vollkasko,Partnerportal,Angestellt,426.31,0.0,0,0,1,0,0,0,25,0,10,0,0.0,0,0,0,0,2025-01-02
APP100188,31,Bayern,Motorrad,6,Vollkasko,Filiale,Selbstständig,1310.86,3011.61,0,3,1,0,0,1,74,3,0,0,2.296,0,0,0,0,2025-01-29
APP100189,23,Sachsen,SUV,2,Vollkasko,Makler,Angestellt,529.34,2505.31,0,1,0,0,0,0,12,8,14,0,4.724,0,0,0,0,2025-11-12
APP100190,37,Hessen,Elektrofahrzeug,3,Haftpflicht,Telefon,Rentner,485.59,3633.62,0,1,0,0,0,0,3,11,6,0,7.468,1,0,0,0,2025-03-30
APP100191,54,Hessen,Limousine,3,Vollkasko,Online,Angestellt,442.14,0.0,0,0,2,0,0,0,99,0,23,0,0.0,0,0,1,0,2025-09-26
APP100192,45,Bayern,Kleinwagen,2,Haftpflicht,Online,Freiberuflich,841.56,738.42,1,1,0,0,0,0,17,5,1,0,0.876,0,0,0,0,2025-06-17
APP100193,26,Niedersachsen,Motorrad,6,Teilkasko,Telefon,Freiberuflich,332.16,3072.93,0,1,0,0,0,0,30,4,14,0,9.224,0,0,0,0,2025-06-11
APP100194,45,NRW,Kleinwagen,3,Vollkasko,Makler,Angestellt,727.05,0.0,0,0,1,0,0,0,56,0,17,0,0.0,0,0,0,0,2025-10-18
APP100195,48,Berlin,Limousine,4,Haftpflicht,Makler,Angestellt,438.68,0.0,0,0,1,0,0,0,14,0,3,0,0.0,0,0,0,0,2025-03-20
APP100196,31,Baden-Württemberg,Limousine,3,Vollkasko,Online,Student,359.63,0.0,0,0,0,0,0,0,45,0,0,0,0.0,0,0,0,0,2025-02-08
APP100197,44,Niedersachsen,SUV,7,Teilkasko,Filiale,Angestellt,447.17,659.34,0,1,1,0,0,1,5,4,8,0,1.471,0,0,0,0,2025-02-11
APP100198,43,Rheinland-Pfalz,Kleinwagen,6,Teilkasko,Filiale,Selbstständig,483.24,0.0,0,0,0,0,0,0,12,0,8,0,0.0,0,0,0,0,2025-08-23
APP100199,28,Bayern,SUV,4,Haftpflicht,Online,Angestellt,399.79,2699.7,1,3,1,0,1,0,5,5,21,0,6.736,0,0,0,0,2025-08-02
APP100200,47,NRW,Kleinwagen,7,Teilkasko,Online,Angestellt,786.32,2894.88,0,2,0,0,0,0,60,2,5,0,3.677,0,0,0,0,2025-10-08
APP100201,50,Sachsen,Limousine,10,Haftpflicht,Online,Angestellt,360.8,841.15,0,3,0,0,0,0,9,1,13,0,2.325,0,0,0,0,2025-05-22
APP100202,57,Niedersachsen,Elektrofahrzeug,1,Vollkasko,Partnerportal,Selbstständig,522.61,1584.57,1,2,0,0,1,0,45,1,8,0,3.026,0,0,0,0,2025-12-05
APP100203,56,Niedersachsen,Limousine,3,Haftpflicht,Online,Angestellt,617.53,398.43,1,1,0,0,0,0,103,1,1,0,0.644,0,0,0,0,2025-04-20
APP100204,25,NRW,Motorrad,2,Teilkasko,Telefon,Angestellt,520.34,2799.53,1,3,0,0,0,0,27,4,8,0,5.37,0,0,0,0,2025-03-27
APP100205,30,Bayern,SUV,3,Haftpflicht,Makler,Freiberuflich,681.53,622.78,1,2,0,0,1,0,27,7,12,0,0.912,0,0,0,0,2025-08-03
APP100206,49,Bayern,Kleinwagen,0,Haftpflicht,Makler,Angestellt,410.72,0.0,0,0,0,0,1,0,22,0,19,0,0.0,0,0,0,0,2025-09-14
APP100207,49,Bayern,Transporter,0,Teilkasko,Online,Angestellt,640.02,456.27,0,2,1,0,1,0,14,2,19,0,0.712,0,0,0,0,2025-10-13
APP100208,49,Hessen,SUV,0,Haftpflicht,Online,Selbstständig,648.03,2912.31,1,2,0,0,0,1,23,7,22,0,4.487,0,0,0,0,2025-05-13
APP100209,82,Bayern,SUV,3,Vollkasko,Online,Freiberuflich,739.97,1593.3,0,1,0,0,0,1,33,1,11,0,2.15,0,0,0,0,2025-08-10
APP100210,50,Bayern,Kleinwagen,3,Teilkasko,Online,Angestellt,280.0,623.81,0,1,0,0,0,0,153,6,9,0,2.22,0,0,0,0,2025-09-10
APP100211,57,Niedersachsen,Limousine,11,Haftpflicht,Online,Angestellt,610.21,0.0,0,0,0,0,0,0,99,0,4,0,0.0,0,0,0,0,2025-07-24
APP100212,55,Bayern,Transporter,5,Haftpflicht,Online,Angestellt,719.48,733.77,0,1,1,1,0,0,71,3,23,0,1.018,0,0,0,0,2025-06-08
APP100213,51,NRW,Transporter,7,Haftpflicht,Filiale,Angestellt,414.55,2291.87,0,3,0,0,0,1,79,5,11,0,5.515,0,0,0,0,2025-05-15
APP100214,38,Bayern,Motorrad,24,Haftpflicht,Online,Freiberuflich,391.47,0.0,0,0,0,0,1,0,22,0,0,0,0.0,0,0,0,0,2025-05-07
APP100215,52,Hessen,Kleinwagen,1,Teilkasko,Filiale,Rentner,367.02,0.0,0,0,0,0,0,0,38,0,22,0,0.0,0,0,0,0,2025-09-03
APP100216,32,Baden-Württemberg,Kleinwagen,13,Teilkasko,Online,Angestellt,319.44,525.81,2,4,0,0,1,0,81,11,3,0,1.641,0,1,0,0,2025-10-12
APP100217,39,Bayern,Elektrofahrzeug,5,Haftpflicht,Online,Angestellt,651.72,840.63,0,1,1,0,0,0,17,4,12,0,1.288,0,0,0,0,2025-02-20
APP100218,36,Baden-Württemberg,Kleinwagen,4,Vollkasko,Partnerportal,Angestellt,1284.85,3877.56,1,6,0,0,1,0,117,9,17,0,3.016,0,0,0,0,2025-07-24
APP100219,44,Sachsen,Kleinwagen,3,Vollkasko,Filiale,Arbeitsuchend,390.13,2607.04,0,3,0,0,0,0,19,9,1,0,6.665,0,0,0,0,2025-08-28
APP100220,73,Baden-Württemberg,Motorrad,6,Teilkasko,Online,Angestellt,405.07,0.0,0,0,0,0,1,1,33,0,10,0,0.0,0,0,0,0,2025-03-20
APP100221,18,Sachsen,Limousine,4,Haftpflicht,Telefon,Arbeitsuchend,495.95,4942.32,0,1,0,0,0,0,44,5,21,1,9.945,0,0,0,0,2025-06-28
APP100222,51,Sachsen,Kleinwagen,2,Vollkasko,Partnerportal,Angestellt,280.0,0.0,0,0,0,0,0,1,108,0,3,0,0.0,0,0,0,0,2025-12-16
APP100223,22,Bayern,Kleinwagen,3,Haftpflicht,Makler,Angestellt,367.92,1032.55,1,1,0,0,0,0,10,4,17,0,2.799,0,0,0,0,2025-11-21
APP100224,36,Baden-Württemberg,Kleinwagen,6,Haftpflicht,Online,Angestellt,481.1,854.41,0,1,0,0,0,0,49,6,6,0,1.772,0,0,0,0,2025-01-14
APP100225,57,NRW,Kleinwagen,7,Haftpflicht,Online,Angestellt,338.51,0.0,0,0,0,0,0,1,26,0,8,0,0.0,0,0,0,0,2025-04-04
APP100226,43,NRW,SUV,13,Haftpflicht,Online,Angestellt,814.79,0.0,0,0,0,0,0,0,11,0,1,0,0.0,0,0,0,0,2025-01-23
APP100227,28,Bayern,Kleinwagen,5,Haftpflicht,Online,Angestellt,286.17,1196.87,0,2,0,0,0,0,53,7,3,0,4.168,0,0,0,0,2025-03-21
APP100228,33,Bayern,Kleinwagen,10,Teilkasko,Online,Angestellt,719.4,406.37,0,2,1,0,0,0,28,2,13,0,0.564,0,0,0,0,2025-12-10
APP100229,51,Niedersachsen,Elektrofahrzeug,4,Vollkasko,Partnerportal,Selbstständig,913.03,1177.27,1,1,1,0,0,1,38,2,16,0,1.288,0,0,0,0,2025-02-12
APP100230,33,Berlin,Motorrad,5,Vollkasko,Makler,Angestellt,578.43,7320.29,0,1,0,0,1,0,14,5,0,0,12.634,0,0,0,0,2025-02-25
APP100231,45,NRW,Motorrad,4,Vollkasko,Partnerportal,Arbeitsuchend,465.11,786.08,1,2,0,0,0,0,23,5,2,1,1.686,0,0,0,0,2025-04-17
APP100232,43,Bayern,Transporter,6,Haftpflicht,Online,Selbstständig,546.45,1430.18,1,1,1,0,0,0,34,3,0,0,2.612,0,0,0,0,2025-09-02
APP100233,34,Bayern,SUV,8,Haftpflicht,Online,Angestellt,409.51,2619.27,0,1,0,0,0,0,18,4,19,0,6.381,0,0,0,0,2025-12-31
APP100234,70,Bayern,Limousine,3,Haftpflicht,Online,Angestellt,280.0,1538.01,0,1,0,0,0,0,7,6,21,0,5.473,0,0,0,0,2025-04-04
APP100235,51,Bayern,Limousine,2,Teilkasko,Partnerportal,Rentner,326.59,1554.04,1,1,0,0,0,0,117,4,20,0,4.744,0,0,0,0,2025-04-12
APP100236,18,NRW,Kleinwagen,9,Teilkasko,Makler,Selbstständig,490.44,0.0,0,0,0,1,0,0,25,0,12,0,0.0,0,0,0,0,2025-01-22
APP100237,45,Niedersachsen,Elektrofahrzeug,8,Teilkasko,Online,Angestellt,331.93,0.0,0,0,0,0,0,0,47,0,13,0,0.0,0,0,0,0,2025-04-16
APP100238,34,NRW,SUV,11,Haftpflicht,Online,Angestellt,414.26,535.92,1,2,0,0,0,0,19,3,11,0,1.291,0,0,0,0,2025-08-03
APP100239,54,Bayern,Elektrofahrzeug,3,Teilkasko,Telefon,Angestellt,602.6,2487.76,0,1,0,0,0,0,15,9,10,0,4.122,0,0,0,0,2025-07-09
APP100240,32,Sachsen,Limousine,4,Teilkasko,Makler,Angestellt,523.7,0.0,0,0,0,0,0,1,18,0,17,0,0.0,0,0,0,0,2025-01-30
APP100241,41,Hessen,SUV,9,Vollkasko,Online,Angestellt,768.59,2766.74,0,1,0,0,0,0,18,5,1,0,3.595,0,0,0,0,2025-06-04
APP100242,49,Niedersachsen,Transporter,3,Vollkasko,Online,Angestellt,557.55,367.55,1,1,0,0,0,0,28,3,2,0,0.658,0,0,0,0,2025-08-09
APP100243,54,Hessen,Kleinwagen,7,Haftpflicht,Online,Student,571.49,2746.87,0,1,0,0,0,0,28,2,3,1,4.798,0,0,0,0,2025-02-06
APP100244,27,Niedersachsen,SUV,4,Haftpflicht,Filiale,Rentner,365.34,897.18,0,1,0,0,0,0,24,5,8,0,2.449,0,0,0,0,2025-11-22
APP100245,38,Bayern,Kleinwagen,6,Haftpflicht,Online,Angestellt,281.73,425.35,0,2,0,0,0,0,5,6,10,0,1.504,0,0,0,0,2025-01-16
APP100246,36,Niedersachsen,Limousine,2,Haftpflicht,Partnerportal,Angestellt,414.29,0.0,0,0,0,0,1,0,24,0,21,0,0.0,0,0,0,0,2025-05-04
APP100247,34,Niedersachsen,Transporter,5,Haftpflicht,Filiale,Angestellt,363.07,2668.98,0,2,0,0,0,0,6,9,20,0,7.331,0,0,0,0,2025-01-20
APP100248,65,NRW,Limousine,0,Haftpflicht,Online,Selbstständig,459.42,0.0,0,0,0,1,1,0,4,0,8,0,0.0,0,0,0,0,2025-11-26
APP100249,48,Hessen,Elektrofahrzeug,10,Haftpflicht,Makler,Rentner,314.9,0.0,0,0,0,0,0,0,97,0,16,0,0.0,0,0,0,0,2025-12-24
APP100250,26,NRW,Kleinwagen,8,Vollkasko,Online,Angestellt,701.94,173.76,1,2,0,0,0,0,33,5,14,0,0.247,0,0,0,0,2025-08-17
APP100251,54,Baden-Württemberg,Kleinwagen,2,Teilkasko,Online,Angestellt,362.5,0.0,0,0,0,0,0,2,38,0,8,1,0.0,0,0,0,1,2025-11-26
APP100252,70,Bayern,Limousine,13,Vollkasko,Filiale,Freiberuflich,422.93,3635.67,1,1,0,0,0,0,18,6,6,0,8.576,0,0,0,0,2025-08-24
APP100253,56,Berlin,Motorrad,9,Haftpflicht,Online,Angestellt,488.59,1002.13,1,3,0,0,0,0,86,6,7,0,2.047,0,0,0,0,2025-11-11
APP100254,23,Bayern,Motorrad,2,Haftpflicht,Online,Angestellt,789.76,248.92,1,1,1,0,0,0,36,3,2,0,0.315,0,0,0,0,2025-08-02
APP100255,36,Hessen,Limousine,3,Haftpflicht,Online,Angestellt,1031.38,669.12,0,1,0,1,0,0,52,5,0,0,0.648,0,0,0,0,2025-06-09
APP100256,59,Berlin,Motorrad,2,Haftpflicht,Online,Angestellt,1061.59,552.86,2,2,0,0,1,0,16,7,3,0,0.52,0,1,0,0,2025-05-25
APP100257,33,Niedersachsen,Kleinwagen,6,Vollkasko,Online,Rentner,287.62,1052.51,0,3,0,0,1,0,115,6,16,0,3.647,0,0,0,0,2025-08-06
APP100258,48,Berlin,Kleinwagen,3,Teilkasko,Online,Angestellt,421.27,884.36,0,1,2,0,0,0,61,7,0,1,2.094,0,0,1,0,2025-05-25
APP100259,53,Rheinland-Pfalz,Motorrad,1,Haftpflicht,Filiale,Angestellt,388.92,1411.05,1,1,1,0,0,1,69,3,3,1,3.619,0,0,0,0,2025-03-07
APP100260,30,Rheinland-Pfalz,Motorrad,5,Teilkasko,Online,Angestellt,575.67,1142.48,0,1,0,1,0,1,6,7,7,0,1.981,0,0,0,0,2025-01-29
APP100261,42,Baden-Württemberg,Kleinwagen,8,Haftpflicht,Online,Selbstständig,561.1,3849.81,0,1,1,0,1,0,11,5,16,0,6.849,0,0,0,0,2025-08-26
APP100262,18,NRW,Limousine,5,Vollkasko,Online,Arbeitsuchend,385.73,1738.65,0,1,1,1,0,0,12,8,11,0,4.496,0,0,0,0,2025-05-12
APP100263,29,NRW,Motorrad,7,Haftpflicht,Online,Angestellt,373.15,1788.3,0,3,0,0,1,0,11,8,21,0,4.78,0,0,0,0,2025-10-13
APP100264,39,Hessen,Kleinwagen,6,Teilkasko,Filiale,Arbeitsuchend,324.11,0.0,0,0,1,0,0,0,69,0,15,0,0.0,0,0,0,0,2025-07-08
APP100265,26,Niedersachsen,Motorrad,8,Vollkasko,Online,Student,280.0,870.92,1,1,0,1,0,0,1,6,4,0,3.099,0,0,0,0,2025-07-23
APP100266,64,NRW,SUV,6,Vollkasko,Filiale,Rentner,285.65,414.64,0,1,0,0,0,0,2,6,12,0,1.447,0,0,0,0,2025-06-11
APP100267,24,Rheinland-Pfalz,SUV,4,Haftpflicht,Filiale,Angestellt,709.13,3380.99,0,1,0,0,0,1,11,6,12,0,4.761,0,0,0,0,2025-11-30
APP100268,37,NRW,SUV,5,Vollkasko,Makler,Angestellt,911.58,1360.31,0,2,1,0,0,0,8,12,11,0,1.491,0,0,0,0,2025-06-01
APP100269,44,Hessen,SUV,11,Vollkasko,Telefon,Selbstständig,867.92,1364.37,0,1,0,0,1,0,9,5,2,0,1.57,0,0,0,0,2025-12-10
APP100270,61,Niedersachsen,Kleinwagen,7,Teilkasko,Partnerportal,Arbeitsuchend,721.89,0.0,0,0,0,0,0,1,57,0,11,0,0.0,0,0,0,0,2025-09-08
APP100271,24,Bayern,Kleinwagen,2,Vollkasko,Makler,Rentner,322.14,717.43,0,1,1,0,0,0,29,4,23,0,2.22,0,0,0,0,2025-03-23
APP100272,58,Bayern,SUV,5,Teilkasko,Online,Student,300.03,2489.19,0,3,0,0,0,1,1,6,19,0,8.269,0,0,0,0,2025-01-25
APP100273,43,Niedersachsen,Limousine,6,Vollkasko,Filiale,Angestellt,280.0,2798.83,0,1,0,0,0,0,20,6,19,1,9.96,0,0,0,0,2025-12-11
APP100274,30,Bayern,SUV,4,Vollkasko,Online,Freiberuflich,385.7,0.0,0,0,1,0,0,1,18,0,22,0,0.0,0,0,0,0,2025-04-15
APP100275,49,Sachsen,Limousine,1,Teilkasko,Online,Student,511.11,2378.01,1,1,0,0,0,0,4,2,23,0,4.644,0,0,0,0,2025-10-08
APP100276,45,Bayern,Limousine,2,Haftpflicht,Makler,Student,322.7,1965.84,2,2,0,0,0,0,40,4,19,0,6.073,0,1,0,0,2025-08-08
APP100277,35,Niedersachsen,Kleinwagen,4,Haftpflicht,Online,Angestellt,590.55,1355.32,1,1,1,0,0,0,43,4,10,0,2.291,0,0,0,0,2025-06-07
APP100278,43,Berlin,Kleinwagen,14,Vollkasko,Filiale,Arbeitsuchend,647.93,1044.12,0,1,1,0,0,0,45,2,9,0,1.609,0,0,0,0,2025-03-30
APP100279,37,Sachsen,Elektrofahrzeug,7,Haftpflicht,Online,Angestellt,403.72,0.0,0,0,0,0,0,1,46,0,15,0,0.0,0,0,0,0,2025-08-20
APP100280,44,Baden-Württemberg,Transporter,1,Vollkasko,Online,Selbstständig,280.67,882.13,1,2,0,0,0,0,1,6,5,0,3.132,0,0,0,0,2025-07-24
APP100281,51,Hessen,SUV,5,Haftpflicht,Filiale,Angestellt,880.06,1659.85,1,1,1,0,0,0,110,2,16,0,1.884,0,0,0,0,2025-09-15
APP100282,63,Berlin,SUV,10,Vollkasko,Makler,Angestellt,500.08,611.91,1,2,0,0,1,0,60,5,12,0,1.221,0,0,0,0,2025-06-11
APP100283,26,Bayern,SUV,3,Vollkasko,Online,Angestellt,1113.55,0.0,0,0,0,0,0,1,84,0,17,0,0.0,0,0,0,0,2025-01-16
APP100284,70,Sachsen,Motorrad,9,Vollkasko,Online,Angestellt,512.24,0.0,0,0,1,0,1,0,1,0,11,0,0.0,0,0,0,0,2025-06-25
APP100285,18,Baden-Württemberg,Transporter,1,Haftpflicht,Filiale,Student,527.49,611.95,0,1,0,0,1,0,97,5,4,0,1.158,0,0,0,0,2025-06-01
APP100286,41,Berlin,Limousine,0,Vollkasko,Partnerportal,Arbeitsuchend,328.62,2387.91,0,1,0,0,1,0,59,8,19,0,7.244,0,0,0,0,2025-05-10
APP100287,50,Hessen,Kleinwagen,10,Teilkasko,Online,Freiberuflich,412.45,385.36,1,1,0,0,0,0,65,5,15,0,0.932,0,0,0,0,2025-02-08
APP100288,46,Bayern,Kleinwagen,3,Haftpflicht,Online,Angestellt,280.0,1318.63,1,2,0,0,2,0,3,5,2,0,4.693,0,0,0,1,2025-12-25
APP100289,34,NRW,Kleinwagen,1,Vollkasko,Telefon,Angestellt,280.25,1356.46,1,4,0,0,1,1,48,6,15,0,4.823,0,0,0,0,2025-07-28
APP100290,40,Hessen,SUV,4,Haftpflicht,Telefon,Student,672.69,260.04,0,1,0,0,0,0,115,4,10,0,0.386,0,0,0,0,2025-05-31
APP100291,36,NRW,Kleinwagen,5,Haftpflicht,Filiale,Angestellt,437.6,833.08,1,2,0,0,0,1,40,8,13,1,1.899,0,0,0,0,2025-01-12
APP100292,35,NRW,Limousine,6,Teilkasko,Partnerportal,Freiberuflich,412.6,0.0,0,0,1,1,0,0,30,0,21,0,0.0,0,0,0,0,2025-03-18
APP100293,54,Bayern,Kleinwagen,0,Teilkasko,Filiale,Freiberuflich,361.05,1744.84,0,1,0,0,0,0,104,3,21,0,4.819,0,0,0,0,2025-03-10
APP100294,47,Baden-Württemberg,Elektrofahrzeug,3,Vollkasko,Makler,Rentner,419.09,1018.76,0,2,0,1,0,0,21,9,12,0,2.425,0,0,0,0,2025-05-23
APP100295,33,Baden-Württemberg,Kleinwagen,5,Haftpflicht,Online,Selbstständig,793.05,2154.59,0,1,0,0,0,0,32,6,10,1,2.713,0,0,0,0,2025-03-01
APP100296,54,Sachsen,Limousine,6,Haftpflicht,Filiale,Arbeitsuchend,523.52,1104.43,1,2,0,0,0,2,23,1,13,0,2.106,0,0,0,1,2025-11-16
APP100297,46,Hessen,Limousine,2,Vollkasko,Online,Angestellt,300.18,1226.11,0,1,0,0,0,0,97,6,9,0,4.071,0,0,0,0,2025-11-16
APP100298,53,NRW,Kleinwagen,4,Haftpflicht,Online,Arbeitsuchend,759.58,1501.03,0,3,0,0,0,0,2,6,23,0,1.974,0,0,0,0,2025-06-13
APP100299,51,Bayern,Elektrofahrzeug,3,Haftpflicht,Online,Freiberuflich,1016.9,0.0,0,0,0,1,0,0,25,0,17,0,0.0,0,0,0,0,2025-08-03
APP100300,32,Niedersachsen,Limousine,6,Vollkasko,Online,Angestellt,606.54,0.0,0,0,0,1,0,0,41,0,6,0,0.0,0,0,0,0,2025-09-26
APP100301,35,Sachsen,SUV,10,Teilkasko,Makler,Freiberuflich,716.47,801.27,1,4,0,1,0,0,56,6,22,0,1.117,0,0,0,0,2025-09-15
APP100302,52,Niedersachsen,SUV,4,Haftpflicht,Makler,Angestellt,822.81,686.38,0,1,0,0,0,1,31,3,17,1,0.833,0,0,0,0,2025-09-18
APP100303,50,Niedersachsen,SUV,1,Vollkasko,Makler,Rentner,280.0,913.82,1,1,0,0,0,0,86,5,21,0,3.252,0,0,0,0,2025-02-09
APP100304,42,Berlin,Limousine,3,Vollkasko,Online,Angestellt,1078.14,4073.67,1,1,0,0,0,0,102,3,20,0,3.775,0,0,0,0,2025-02-08
APP100305,44,Bayern,SUV,13,Vollkasko,Filiale,Angestellt,781.72,1972.03,0,1,0,0,0,0,2,9,1,0,2.519,0,0,0,0,2025-06-12
APP100306,59,Hessen,Transporter,2,Haftpflicht,Partnerportal,Rentner,605.05,463.39,0,2,0,0,0,0,18,6,7,0,0.765,0,0,0,0,2025-02-10
APP100307,35,Hessen,Elektrofahrzeug,2,Haftpflicht,Makler,Arbeitsuchend,467.46,0.0,0,0,0,0,0,0,1,0,22,0,0.0,0,0,0,0,2025-06-22
APP100308,50,NRW,SUV,4,Haftpflicht,Partnerportal,Angestellt,281.0,0.0,0,0,0,0,1,0,14,0,14,0,0.0,0,0,0,0,2025-06-11
APP100309,40,Rheinland-Pfalz,Limousine,5,Haftpflicht,Makler,Angestellt,428.72,0.0,0,0,0,0,0,0,27,0,5,0,0.0,0,0,0,0,2025-08-23
APP100310,40,Baden-Württemberg,Limousine,3,Haftpflicht,Makler,Selbstständig,594.86,654.23,0,1,1,0,0,1,87,5,20,0,1.098,0,0,0,0,2025-08-06
APP100311,57,Hessen,Transporter,1,Vollkasko,Online,Arbeitsuchend,309.88,3801.75,0,2,0,0,0,1,67,5,12,1,12.229,0,0,0,0,2025-10-25
APP100312,53,Hessen,SUV,6,Haftpflicht,Online,Angestellt,478.52,719.55,0,2,1,0,0,0,4,4,4,0,1.501,0,0,0,0,2025-12-29
APP100313,53,NRW,Limousine,6,Teilkasko,Partnerportal,Arbeitsuchend,299.74,0.0,0,0,0,0,0,1,3,0,21,0,0.0,0,0,0,0,2025-01-17
APP100314,59,Rheinland-Pfalz,Limousine,7,Vollkasko,Online,Arbeitsuchend,419.25,0.0,0,0,0,1,0,1,32,0,2,0,0.0,0,0,0,0,2025-04-23
APP100315,43,Bayern,Elektrofahrzeug,6,Haftpflicht,Online,Arbeitsuchend,280.0,0.0,0,0,0,0,1,0,27,0,14,0,0.0,0,0,0,0,2025-02-04
APP100316,51,Rheinland-Pfalz,Transporter,12,Teilkasko,Makler,Rentner,280.0,0.0,0,0,0,1,0,0,11,0,23,0,0.0,0,0,0,0,2025-07-23
APP100317,38,Hessen,Kleinwagen,8,Teilkasko,Online,Angestellt,568.41,958.42,2,5,0,0,0,0,82,5,8,0,1.683,0,1,0,0,2025-06-12
APP100318,47,Baden-Württemberg,Limousine,7,Haftpflicht,Filiale,Student,386.26,0.0,0,0,0,0,0,1,94,0,16,0,0.0,0,0,0,0,2025-12-23
APP100319,41,Baden-Württemberg,Motorrad,10,Teilkasko,Filiale,Rentner,401.81,1343.29,0,1,0,0,0,0,18,8,16,0,3.335,0,0,0,0,2025-09-19
APP100320,44,Baden-Württemberg,SUV,5,Haftpflicht,Makler,Arbeitsuchend,377.64,1017.59,1,1,0,0,1,0,79,3,12,0,2.687,0,0,0,0,2025-03-15
APP100321,50,Baden-Württemberg,Limousine,4,Haftpflicht,Filiale,Rentner,1546.44,1646.64,0,1,0,0,0,0,17,4,17,0,1.064,0,0,0,0,2025-10-26
APP100322,32,Hessen,Limousine,6,Vollkasko,Partnerportal,Selbstständig,635.93,3973.5,0,1,1,0,0,0,48,3,19,0,6.239,0,0,0,0,2025-07-30
APP100323,70,Sachsen,Limousine,1,Haftpflicht,Online,Angestellt,665.27,2428.09,0,2,0,0,0,0,23,7,4,0,3.644,0,0,0,0,2025-04-26
APP100324,29,Berlin,Kleinwagen,5,Vollkasko,Filiale,Angestellt,355.78,1836.94,0,3,0,0,0,0,4,3,12,0,5.149,0,0,0,0,2025-06-20
APP100325,27,Baden-Württemberg,SUV,5,Vollkasko,Filiale,Student,609.11,227.89,0,1,0,0,0,0,94,9,6,0,0.374,0,0,0,0,2025-03-13
APP100326,58,NRW,Transporter,6,Haftpflicht,Online,Angestellt,447.8,1766.7,0,2,0,1,0,0,21,3,3,0,3.936,0,0,0,0,2025-03-14
APP100327,53,NRW,SUV,9,Teilkasko,Filiale,Angestellt,354.59,5240.82,0,1,0,0,0,0,47,3,12,0,14.738,0,0,0,0,2025-12-19
APP100328,51,Berlin,SUV,7,Teilkasko,Filiale,Angestellt,1107.9,0.0,0,0,1,0,0,0,16,0,16,0,0.0,0,0,0,0,2025-07-13
APP100329,51,Hessen,SUV,3,Teilkasko,Online,Freiberuflich,626.77,2177.59,0,1,0,1,0,0,1,3,7,0,3.469,0,0,0,0,2025-06-04
APP100330,42,Sachsen,Kleinwagen,8,Haftpflicht,Online,Angestellt,613.62,0.0,0,0,0,1,0,0,3,0,2,0,0.0,0,0,0,0,2025-08-24
APP100331,31,Hessen,Kleinwagen,12,Haftpflicht,Telefon,Angestellt,327.63,588.56,1,3,0,0,0,0,24,8,15,0,1.791,0,0,0,0,2025-06-04
APP100332,43,Bayern,Limousine,9,Haftpflicht,Online,Selbstständig,289.02,0.0,0,0,0,0,0,2,42,0,1,0,0.0,0,0,0,1,2025-10-22
APP100333,34,Niedersachsen,Motorrad,2,Haftpflicht,Online,Arbeitsuchend,480.98,0.0,0,0,0,0,1,0,14,0,0,0,0.0,0,0,0,0,2025-07-07
APP100334,55,Baden-Württemberg,Limousine,7,Haftpflicht,Makler,Arbeitsuchend,387.27,2342.43,0,3,0,0,0,1,42,7,7,0,6.033,0,0,0,0,2025-07-28
APP100335,41,Berlin,Limousine,2,Vollkasko,Telefon,Student,637.34,884.03,0,2,1,0,1,0,43,3,2,0,1.385,0,0,0,0,2025-03-14
APP100336,32,Rheinland-Pfalz,Kleinwagen,4,Teilkasko,Online,Selbstständig,655.43,543.51,0,1,0,0,0,0,43,7,16,0,0.828,0,0,0,0,2025-04-06
APP100337,38,Bayern,Elektrofahrzeug,6,Haftpflicht,Partnerportal,Angestellt,506.49,1370.5,0,1,0,0,0,0,24,2,18,1,2.701,0,0,0,0,2025-11-30
APP100338,48,NRW,Transporter,6,Vollkasko,Online,Angestellt,697.6,2545.78,0,3,0,0,0,0,88,6,23,1,3.644,0,0,0,0,2025-01-11
APP100339,35,NRW,Transporter,9,Teilkasko,Online,Angestellt,534.42,0.0,0,0,0,0,1,0,24,0,15,0,0.0,0,0,0,0,2025-01-04
APP100340,32,Bayern,Limousine,12,Teilkasko,Telefon,Freiberuflich,341.69,946.88,0,1,0,0,0,0,21,5,19,0,2.763,0,0,0,0,2025-02-20
APP100341,46,Bayern,Kleinwagen,7,Teilkasko,Partnerportal,Student,453.38,0.0,0,0,0,0,1,0,8,0,9,0,0.0,0,0,0,0,2025-10-21
APP100342,46,Bayern,Limousine,4,Vollkasko,Online,Freiberuflich,521.66,3031.63,0,1,1,0,0,1,13,6,22,0,5.8,0,0,0,0,2025-02-20
APP100343,36,NRW,Motorrad,1,Teilkasko,Online,Freiberuflich,727.89,3221.52,0,1,0,0,0,0,1,6,23,0,4.42,0,0,0,0,2025-02-17
APP100344,36,Baden-Württemberg,Kleinwagen,10,Teilkasko,Online,Angestellt,541.57,0.0,0,0,0,0,0,0,36,0,14,0,0.0,0,0,0,0,2025-10-19
APP100345,46,Berlin,Motorrad,5,Vollkasko,Makler,Angestellt,387.61,664.4,0,3,0,0,0,0,10,3,6,0,1.71,0,0,0,0,2025-10-08
APP100346,24,NRW,SUV,5,Teilkasko,Online,Student,739.37,1291.4,0,2,0,0,0,0,13,2,15,0,1.744,0,0,0,0,2025-05-13
APP100347,24,Hessen,Transporter,5,Haftpflicht,Makler,Freiberuflich,578.2,517.51,0,1,0,0,1,1,53,8,16,1,0.893,0,0,0,0,2025-11-26
APP100348,33,Bayern,Limousine,6,Vollkasko,Makler,Rentner,943.11,4723.65,2,3,0,0,0,0,14,2,19,0,5.003,0,1,0,0,2025-03-10
APP100349,40,Bayern,Elektrofahrzeug,7,Haftpflicht,Telefon,Angestellt,511.15,4018.91,0,1,0,0,0,0,9,8,12,0,7.847,0,0,0,0,2025-12-27
APP100350,47,NRW,Kleinwagen,4,Teilkasko,Online,Arbeitsuchend,318.72,770.07,0,1,1,1,0,0,6,4,9,1,2.409,0,0,0,0,2025-12-04
APP100351,62,NRW,SUV,5,Teilkasko,Makler,Angestellt,807.81,5521.09,0,3,0,0,0,1,53,7,8,0,6.826,0,0,0,0,2025-01-23
APP100352,54,Hessen,Kleinwagen,3,Haftpflicht,Online,Angestellt,386.74,1207.59,1,3,0,0,1,0,5,4,6,0,3.114,0,0,0,0,2025-01-14
APP100353,40,Rheinland-Pfalz,SUV,3,Vollkasko,Filiale,Angestellt,557.84,10948.76,1,1,0,0,0,0,21,7,11,0,19.592,0,0,0,0,2025-06-29
APP100354,42,NRW,Elektrofahrzeug,3,Haftpflicht,Online,Angestellt,532.72,1370.57,0,3,0,0,0,1,25,3,0,0,2.568,0,0,0,0,2025-03-28
APP100355,29,Hessen,Kleinwagen,4,Teilkasko,Partnerportal,Angestellt,502.28,1977.85,1,2,0,0,0,0,41,5,23,0,3.93,0,0,0,0,2025-02-17
APP100356,42,NRW,SUV,2,Vollkasko,Partnerportal,Angestellt,458.83,3983.51,1,2,0,0,0,0,36,6,15,0,8.663,0,0,0,0,2025-12-21
APP100357,39,Hessen,SUV,0,Haftpflicht,Telefon,Angestellt,280.0,0.0,0,0,0,0,0,0,59,0,3,0,0.0,0,0,0,0,2025-11-09
APP100358,47,NRW,Elektrofahrzeug,4,Haftpflicht,Online,Angestellt,323.47,0.0,0,0,0,0,0,0,1,0,13,0,0.0,0,0,0,0,2025-06-10
APP100359,32,Bayern,Limousine,2,Haftpflicht,Telefon,Angestellt,789.42,0.0,0,0,0,0,0,0,12,0,22,0,0.0,0,0,0,0,2025-10-21
APP100360,49,Bayern,SUV,5,Vollkasko,Makler,Angestellt,589.98,1876.22,0,1,0,0,0,0,11,9,21,0,3.175,0,0,0,0,2025-01-06
APP100361,62,NRW,Elektrofahrzeug,3,Teilkasko,Filiale,Rentner,1098.72,605.61,0,1,0,0,1,0,5,6,22,0,0.551,0,0,0,0,2025-05-29
APP100362,41,NRW,Transporter,6,Teilkasko,Online,Angestellt,318.67,1379.28,0,1,1,0,1,2,12,9,16,0,4.315,0,0,0,1,2025-01-27
APP100363,48,Bayern,Motorrad,2,Teilkasko,Online,Rentner,486.45,472.05,0,1,0,0,1,1,13,6,11,0,0.968,0,0,0,0,2025-11-21
APP100364,51,Baden-Württemberg,Transporter,1,Haftpflicht,Online,Angestellt,803.15,266.73,0,1,1,0,0,0,26,9,14,0,0.332,0,0,0,0,2025-05-14
APP100365,37,Hessen,SUV,5,Vollkasko,Makler,Selbstständig,388.52,1265.04,0,1,0,0,0,0,39,5,21,0,3.248,0,0,0,0,2025-10-23
APP100366,45,Sachsen,Limousine,4,Vollkasko,Online,Rentner,401.88,3543.73,1,1,0,0,0,0,17,8,11,0,8.796,0,0,0,0,2025-06-02
APP100367,43,Hessen,Limousine,2,Vollkasko,Filiale,Student,435.63,2662.27,0,1,1,0,0,1,45,4,2,0,6.097,0,0,0,0,2025-11-21
APP100368,44,Hessen,Limousine,8,Vollkasko,Filiale,Student,408.69,1130.45,2,3,0,0,0,0,14,5,9,0,2.759,0,1,0,0,2025-07-09
APP100369,32,Hessen,Kleinwagen,2,Teilkasko,Online,Angestellt,616.07,5350.48,1,2,1,0,0,0,12,0,19,0,8.671,0,0,0,0,2025-03-20
APP100370,43,Hessen,Kleinwagen,3,Haftpflicht,Telefon,Freiberuflich,280.0,0.0,0,0,0,0,0,1,28,0,16,0,0.0,0,0,0,0,2025-02-15
APP100371,49,Rheinland-Pfalz,Limousine,9,Haftpflicht,Online,Arbeitsuchend,982.35,0.0,0,0,0,0,0,0,1,0,13,0,0.0,0,0,0,0,2025-03-02
APP100372,61,Hessen,Limousine,7,Vollkasko,Online,Angestellt,329.29,189.66,0,2,0,0,0,0,2,2,12,0,0.574,0,0,0,0,2025-03-22
APP100373,55,NRW,Transporter,2,Vollkasko,Online,Freiberuflich,280.0,444.07,1,5,0,0,1,1,19,2,12,0,1.58,0,0,0,0,2025-09-30
APP100374,70,Berlin,Kleinwagen,4,Haftpflicht,Makler,Angestellt,490.63,2426.32,1,2,0,0,0,0,103,2,7,0,4.935,0,0,0,0,2025-02-17
APP100375,33,Hessen,Transporter,2,Teilkasko,Partnerportal,Student,420.52,0.0,0,0,0,0,0,0,46,0,13,0,0.0,0,0,0,0,2025-02-02
APP100376,54,Bayern,Motorrad,8,Vollkasko,Filiale,Selbstständig,457.26,0.0,0,0,0,0,0,0,3,0,1,0,0.0,0,0,0,0,2025-01-18
APP100377,45,Sachsen,SUV,8,Teilkasko,Online,Rentner,561.88,4911.53,2,7,1,0,0,0,67,6,18,0,8.726,0,1,0,0,2025-02-05
APP100378,71,Hessen,SUV,13,Vollkasko,Partnerportal,Angestellt,646.02,475.76,1,1,0,0,0,0,47,3,22,0,0.735,0,0,0,0,2025-11-06
APP100379,32,Baden-Württemberg,Limousine,16,Teilkasko,Online,Angestellt,1000.64,1820.24,1,1,1,0,0,0,33,3,1,0,1.817,0,0,0,0,2025-03-30
APP100380,32,NRW,Limousine,3,Teilkasko,Online,Angestellt,368.76,1916.24,1,1,0,1,0,0,61,5,11,1,5.182,0,0,0,0,2025-12-21
APP100381,35,Niedersachsen,Kleinwagen,8,Haftpflicht,Makler,Arbeitsuchend,682.12,0.0,0,0,0,1,0,1,18,0,19,0,0.0,0,0,0,0,2025-12-31
APP100382,18,Rheinland-Pfalz,SUV,1,Haftpflicht,Partnerportal,Angestellt,663.65,3831.76,0,1,1,1,0,0,9,2,11,0,5.765,0,0,0,0,2025-05-28
APP100383,36,Baden-Württemberg,SUV,5,Haftpflicht,Online,Angestellt,280.0,949.04,0,3,0,0,1,0,25,5,22,0,3.377,0,0,0,0,2025-04-10
APP100384,33,Sachsen,Kleinwagen,6,Haftpflicht,Filiale,Student,347.25,874.64,0,1,0,0,0,0,28,7,18,0,2.512,0,0,0,0,2025-12-29
APP100385,44,NRW,Kleinwagen,2,Haftpflicht,Online,Angestellt,287.0,0.0,0,0,0,0,1,0,27,0,15,0,0.0,0,0,0,0,2025-01-31
APP100386,47,Bayern,Limousine,3,Teilkasko,Filiale,Selbstständig,594.73,1890.04,0,1,0,0,0,0,29,3,1,0,3.173,0,0,0,0,2025-01-21
APP100387,67,Baden-Württemberg,Elektrofahrzeug,8,Haftpflicht,Online,Angestellt,567.87,2661.11,0,1,0,0,0,0,106,6,7,0,4.678,0,0,0,0,2025-05-08
APP100388,55,Bayern,Elektrofahrzeug,6,Haftpflicht,Telefon,Angestellt,572.68,3833.98,0,2,0,0,0,0,83,1,1,0,6.683,0,0,0,0,2025-12-23
APP100389,35,Baden-Württemberg,Transporter,12,Haftpflicht,Online,Angestellt,433.4,697.22,0,1,0,0,0,0,75,11,9,0,1.605,0,0,0,0,2025-10-17
APP100390,31,Sachsen,Transporter,12,Teilkasko,Online,Angestellt,452.14,0.0,0,0,0,0,0,0,58,0,15,1,0.0,0,0,0,0,2025-08-18
APP100391,49,Sachsen,Limousine,1,Teilkasko,Online,Angestellt,486.87,0.0,0,0,0,0,0,0,103,0,6,0,0.0,0,0,0,0,2025-07-04
APP100392,25,NRW,SUV,3,Haftpflicht,Partnerportal,Angestellt,416.35,762.86,0,1,0,0,1,1,3,4,18,0,1.828,0,0,0,0,2025-06-14
APP100393,66,Bayern,Kleinwagen,2,Teilkasko,Online,Angestellt,682.95,961.79,0,1,1,0,0,0,11,1,19,0,1.406,0,0,0,0,2025-09-14
APP100394,58,Berlin,Transporter,8,Haftpflicht,Online,Angestellt,314.42,0.0,0,0,0,0,1,0,24,0,21,0,0.0,0,0,0,0,2025-02-26
APP100395,36,Rheinland-Pfalz,Kleinwagen,6,Teilkasko,Online,Student,354.83,2437.76,0,1,0,0,0,0,67,6,2,0,6.851,0,0,0,0,2025-11-07
APP100396,20,Baden-Württemberg,Limousine,2,Haftpflicht,Online,Angestellt,518.51,1521.01,1,1,1,0,0,0,25,7,16,0,2.928,0,0,0,0,2025-06-08
APP100397,60,Baden-Württemberg,Motorrad,3,Haftpflicht,Partnerportal,Angestellt,422.2,0.0,0,0,3,0,0,0,49,0,7,0,0.0,0,0,1,0,2025-01-23
APP100398,41,Niedersachsen,Elektrofahrzeug,10,Haftpflicht,Telefon,Freiberuflich,309.3,2150.23,1,2,0,0,0,0,5,8,3,0,6.93,0,0,0,0,2025-04-17
APP100399,59,Bayern,Transporter,4,Teilkasko,Partnerportal,Angestellt,616.1,959.2,1,1,1,0,0,0,10,4,0,0,1.554,0,0,0,0,2025-04-12
APP100400,22,Baden-Württemberg,Kleinwagen,1,Vollkasko,Partnerportal,Angestellt,387.47,0.0,0,0,1,0,0,0,47,0,17,0,0.0,0,0,0,0,2025-11-27
APP100401,35,Hessen,SUV,2,Haftpflicht,Makler,Selbstständig,345.58,0.0,0,0,0,0,1,0,6,0,21,0,0.0,0,0,0,0,2025-10-31
APP100402,43,Hessen,SUV,14,Teilkasko,Partnerportal,Angestellt,457.95,0.0,0,0,0,1,0,0,15,0,0,0,0.0,0,0,0,0,2025-12-23
APP100403,43,Sachsen,Elektrofahrzeug,9,Vollkasko,Partnerportal,Arbeitsuchend,338.61,1688.12,0,2,0,0,0,0,11,6,8,0,4.971,0,0,0,0,2025-04-09
APP100404,37,Berlin,Motorrad,2,Haftpflicht,Online,Arbeitsuchend,485.73,0.0,0,0,0,0,0,0,15,0,13,0,0.0,0,0,0,0,2025-05-10
APP100405,51,Bayern,Kleinwagen,5,Teilkasko,Online,Student,423.66,2490.02,0,2,0,0,0,0,44,2,6,0,5.864,0,0,0,0,2025-09-08
APP100406,29,Hessen,Kleinwagen,9,Haftpflicht,Makler,Angestellt,397.31,1003.21,1,3,1,0,0,0,16,6,7,0,2.519,0,0,0,0,2025-08-13
APP100407,41,Sachsen,Motorrad,1,Haftpflicht,Telefon,Selbstständig,398.35,0.0,0,0,0,0,0,0,29,0,7,0,0.0,0,0,0,0,2025-10-23
APP100408,44,Baden-Württemberg,Elektrofahrzeug,9,Haftpflicht,Online,Angestellt,748.57,347.99,0,1,0,0,0,0,3,6,21,0,0.464,0,0,0,0,2025-12-25
APP100409,49,Hessen,Limousine,6,Haftpflicht,Telefon,Freiberuflich,575.4,2795.32,0,3,0,0,0,0,58,6,23,0,4.85,0,0,0,0,2025-04-20
APP100410,52,Sachsen,Transporter,3,Teilkasko,Online,Student,280.0,0.0,0,0,0,0,1,0,16,0,22,0,0.0,0,0,0,0,2025-01-09
APP100411,28,NRW,Limousine,7,Vollkasko,Makler,Selbstständig,713.98,0.0,0,0,1,0,0,0,37,0,0,0,0.0,0,0,0,0,2025-05-02
APP100412,23,NRW,Kleinwagen,6,Teilkasko,Online,Angestellt,612.14,2948.15,0,2,0,0,0,0,46,3,2,0,4.808,0,0,0,0,2025-10-26
APP100413,59,Baden-Württemberg,Motorrad,6,Haftpflicht,Makler,Selbstständig,597.14,807.71,1,1,0,0,0,0,8,6,8,0,1.35,0,0,0,0,2025-12-19
APP100414,47,Niedersachsen,Transporter,5,Haftpflicht,Telefon,Angestellt,715.46,376.82,0,2,1,1,0,0,77,5,7,0,0.526,0,0,0,0,2025-02-20
APP100415,33,Berlin,Kleinwagen,2,Vollkasko,Filiale,Angestellt,495.87,1286.03,0,2,0,0,0,0,34,2,4,0,2.588,0,0,0,0,2025-08-01
APP100416,63,Niedersachsen,Kleinwagen,3,Teilkasko,Online,Student,639.34,1574.62,0,1,0,0,0,1,20,6,0,0,2.459,0,0,0,0,2025-02-19
APP100417,44,Niedersachsen,Elektrofahrzeug,4,Haftpflicht,Filiale,Arbeitsuchend,405.42,969.3,0,1,0,0,0,0,7,6,1,0,2.385,0,0,0,0,2025-12-09
APP100418,58,NRW,SUV,5,Teilkasko,Makler,Angestellt,703.44,4241.52,2,5,1,0,0,0,102,4,9,0,6.021,0,1,0,0,2025-07-23
APP100419,43,NRW,Motorrad,7,Teilkasko,Telefon,Arbeitsuchend,540.02,146.46,0,1,0,0,0,0,50,8,13,0,0.271,0,0,0,0,2025-05-30
APP100420,69,Baden-Württemberg,Limousine,14,Teilkasko,Online,Freiberuflich,280.0,0.0,0,0,0,1,0,1,8,0,14,0,0.0,0,0,0,0,2025-04-02
APP100421,65,Hessen,SUV,6,Vollkasko,Filiale,Freiberuflich,761.49,0.0,0,0,0,0,0,0,14,0,9,0,0.0,0,0,0,0,2025-04-01
APP100422,39,Berlin,SUV,7,Vollkasko,Partnerportal,Freiberuflich,466.78,1786.93,0,2,0,0,0,0,59,7,8,0,3.82,0,0,0,0,2025-01-10
APP100423,55,Hessen,Motorrad,8,Teilkasko,Telefon,Freiberuflich,440.27,0.0,0,0,0,1,0,0,42,0,11,0,0.0,0,0,0,0,2025-07-29
APP100424,51,Bayern,Limousine,8,Vollkasko,Partnerportal,Angestellt,409.15,3609.43,0,3,0,1,0,0,52,4,9,0,8.8,0,0,0,0,2025-07-14
APP100425,60,Baden-Württemberg,SUV,2,Vollkasko,Telefon,Angestellt,421.94,0.0,0,0,1,0,0,0,20,0,23,0,0.0,0,0,0,0,2025-01-30
APP100426,30,NRW,Transporter,11,Vollkasko,Makler,Angestellt,542.64,787.18,1,2,0,0,0,0,45,5,8,0,1.448,0,0,0,0,2025-05-30
APP100427,51,Berlin,Motorrad,10,Haftpflicht,Partnerportal,Angestellt,325.45,0.0,0,0,0,0,0,0,17,0,17,0,0.0,0,0,0,0,2025-04-02
APP100428,56,Sachsen,SUV,5,Haftpflicht,Online,Arbeitsuchend,280.0,0.0,0,0,0,0,0,0,8,0,18,0,0.0,0,0,0,0,2025-07-20
APP100429,20,Sachsen,SUV,2,Teilkasko,Filiale,Student,315.11,2087.06,1,1,0,0,1,0,36,5,18,0,6.602,0,0,0,0,2025-12-30
APP100430,27,Hessen,Kleinwagen,5,Teilkasko,Online,Angestellt,578.43,2588.71,1,1,0,0,0,0,134,3,16,0,4.468,0,0,0,0,2025-10-24
APP100431,18,Niedersachsen,SUV,1,Haftpflicht,Online,Arbeitsuchend,460.35,2424.73,0,1,0,0,0,0,13,4,1,0,5.256,0,0,0,0,2025-05-24
APP100432,39,Sachsen,Transporter,11,Teilkasko,Filiale,Angestellt,786.46,0.0,0,0,1,0,0,1,22,0,9,0,0.0,0,0,0,0,2025-03-10
APP100433,52,Bayern,Elektrofahrzeug,3,Teilkasko,Online,Angestellt,479.5,1725.95,1,3,0,0,1,0,40,4,4,0,3.592,0,0,0,0,2025-05-22
APP100434,62,Bayern,Kleinwagen,4,Teilkasko,Online,Angestellt,701.95,479.56,0,3,1,0,0,0,28,1,6,0,0.682,0,0,0,0,2025-01-14
APP100435,43,NRW,Elektrofahrzeug,11,Teilkasko,Online,Angestellt,368.34,640.1,0,2,0,0,0,0,66,9,5,1,1.733,0,0,0,0,2025-06-24
APP100436,64,Hessen,Kleinwagen,10,Haftpflicht,Filiale,Angestellt,410.44,2594.48,4,6,0,0,0,0,51,3,1,1,6.306,0,1,0,0,2025-09-29
APP100437,25,Sachsen,Kleinwagen,6,Vollkasko,Makler,Student,494.72,0.0,0,0,0,0,0,0,2,0,7,0,0.0,0,0,0,0,2025-12-25
APP100438,20,Niedersachsen,Kleinwagen,12,Haftpflicht,Partnerportal,Angestellt,463.25,0.0,0,0,1,0,0,0,180,0,3,0,0.0,0,0,0,0,2025-02-12
APP100439,42,NRW,Elektrofahrzeug,2,Haftpflicht,Online,Arbeitsuchend,445.43,782.7,0,1,0,0,0,0,50,2,17,0,1.753,0,0,0,0,2025-03-09
APP100440,47,Bayern,SUV,6,Teilkasko,Makler,Freiberuflich,341.62,2627.84,2,5,0,0,2,0,71,4,3,0,7.67,0,1,0,1,2025-09-12
APP100441,42,Bayern,Limousine,2,Haftpflicht,Makler,Angestellt,280.0,451.67,0,2,1,0,0,0,37,7,7,0,1.607,0,0,0,0,2025-05-22
APP100442,18,NRW,Limousine,9,Haftpflicht,Partnerportal,Freiberuflich,642.28,3028.3,1,3,0,0,1,0,69,5,16,0,4.708,0,0,0,0,2025-02-10
APP100443,41,Baden-Württemberg,Elektrofahrzeug,9,Teilkasko,Online,Angestellt,612.83,970.94,0,1,0,0,0,0,4,2,13,0,1.582,0,0,0,0,2025-03-28
APP100444,26,Sachsen,Motorrad,13,Haftpflicht,Online,Angestellt,380.76,0.0,0,0,0,0,1,0,15,0,7,0,0.0,0,0,0,0,2025-11-25
APP100445,51,Baden-Württemberg,Limousine,5,Teilkasko,Filiale,Rentner,577.74,332.54,0,1,0,0,1,0,75,6,13,0,0.575,0,0,0,0,2025-03-16
APP100446,47,Niedersachsen,Kleinwagen,15,Haftpflicht,Partnerportal,Freiberuflich,459.48,5425.65,0,1,0,0,0,0,8,4,7,0,11.783,0,0,0,0,2025-01-19
APP100447,30,Hessen,Motorrad,2,Haftpflicht,Makler,Arbeitsuchend,784.14,891.37,0,1,0,0,0,0,2,4,13,0,1.135,0,0,0,0,2025-09-25
APP100448,36,Bayern,Elektrofahrzeug,5,Vollkasko,Online,Angestellt,283.96,0.0,0,0,0,0,0,0,55,0,22,0,0.0,0,0,0,0,2025-10-30
APP100449,29,Baden-Württemberg,Motorrad,2,Teilkasko,Filiale,Selbstständig,467.21,1430.26,1,1,0,0,0,0,64,1,10,0,3.055,0,0,0,0,2025-04-08
APP100450,42,NRW,Elektrofahrzeug,5,Vollkasko,Telefon,Student,451.8,670.14,0,1,0,0,0,0,6,5,8,0,1.48,0,0,0,0,2025-05-20
APP100451,55,Baden-Württemberg,SUV,2,Haftpflicht,Makler,Student,527.25,1139.7,1,1,0,0,0,0,69,4,16,0,2.158,0,0,0,0,2025-05-11
APP100452,30,Berlin,Motorrad,9,Teilkasko,Online,Angestellt,939.73,647.43,0,1,1,0,0,1,41,2,16,1,0.688,0,0,0,0,2025-07-05
APP100453,49,Baden-Württemberg,Elektrofahrzeug,7,Vollkasko,Online,Angestellt,467.8,667.87,1,1,0,0,0,0,26,2,11,0,1.425,0,0,0,0,2025-06-23
APP100454,36,Hessen,Motorrad,2,Teilkasko,Telefon,Angestellt,673.25,1833.26,1,2,0,0,0,0,63,8,19,0,2.719,0,0,0,0,2025-06-28
APP100455,32,Berlin,SUV,8,Teilkasko,Partnerportal,Freiberuflich,463.09,0.0,0,0,0,0,0,0,19,0,1,0,0.0,0,0,0,0,2025-12-21
APP100456,41,Berlin,Transporter,12,Haftpflicht,Online,Angestellt,772.62,0.0,0,0,0,0,0,0,7,0,23,0,0.0,0,0,0,0,2025-01-15
APP100457,29,Niedersachsen,Transporter,7,Haftpflicht,Online,Angestellt,676.0,0.0,0,0,1,0,0,0,12,0,16,0,0.0,0,0,0,0,2025-10-26
APP100458,35,Baden-Württemberg,Motorrad,2,Teilkasko,Partnerportal,Arbeitsuchend,428.38,789.7,1,2,0,0,0,0,25,3,19,0,1.839,0,0,0,0,2025-09-22
APP100459,27,Rheinland-Pfalz,Kleinwagen,4,Teilkasko,Telefon,Rentner,415.62,3695.47,2,4,0,0,0,1,27,3,10,0,8.87,0,1,0,0,2025-12-14
APP100460,68,Bayern,Kleinwagen,7,Teilkasko,Makler,Arbeitsuchend,604.57,590.49,1,2,0,0,1,0,58,5,8,0,0.975,0,0,0,0,2025-12-15
APP100461,43,NRW,SUV,4,Vollkasko,Online,Angestellt,374.18,0.0,0,0,1,0,0,0,56,0,17,0,0.0,0,0,0,0,2025-02-08
APP100462,33,Sachsen,Transporter,2,Vollkasko,Online,Angestellt,533.82,1429.15,1,1,2,1,0,0,31,7,5,0,2.672,0,0,1,0,2025-08-19
APP100463,45,Berlin,Kleinwagen,10,Haftpflicht,Partnerportal,Rentner,424.35,0.0,0,0,0,0,0,0,54,0,3,1,0.0,0,0,0,0,2025-11-20
APP100464,41,NRW,SUV,4,Teilkasko,Filiale,Selbstständig,575.13,8054.06,0,1,0,0,0,0,7,5,13,0,13.98,0,0,0,0,2025-02-26
APP100465,40,Baden-Württemberg,Limousine,12,Haftpflicht,Filiale,Angestellt,460.53,1055.59,0,2,1,0,0,1,1,5,19,0,2.287,0,0,0,0,2025-09-20
APP100466,50,Berlin,Motorrad,3,Haftpflicht,Online,Angestellt,368.38,1611.52,0,2,0,0,0,0,74,4,21,1,4.363,0,0,0,0,2025-01-02
APP100467,52,Niedersachsen,Kleinwagen,4,Haftpflicht,Online,Selbstständig,783.86,0.0,0,0,0,0,2,0,2,0,9,0,0.0,0,0,0,1,2025-02-23
APP100468,36,Hessen,Motorrad,3,Vollkasko,Online,Selbstständig,544.91,2659.49,0,1,0,0,0,0,10,4,3,0,4.872,0,0,0,0,2025-02-28
APP100469,35,NRW,SUV,4,Haftpflicht,Telefon,Rentner,481.78,1477.78,0,1,1,0,0,0,42,2,14,0,3.061,0,0,0,0,2025-12-21
APP100470,39,Rheinland-Pfalz,Elektrofahrzeug,6,Teilkasko,Online,Rentner,587.81,1056.84,0,1,0,0,0,0,18,2,8,0,1.795,0,0,0,0,2025-04-04
APP100471,18,Baden-Württemberg,Elektrofahrzeug,2,Haftpflicht,Partnerportal,Angestellt,280.0,6771.14,0,1,0,0,0,0,75,6,11,0,24.097,0,0,0,0,2025-08-01
APP100472,23,Berlin,Motorrad,2,Teilkasko,Partnerportal,Student,1185.45,1113.43,0,1,0,0,0,0,12,7,7,0,0.938,0,0,0,0,2025-02-27
APP100473,60,Baden-Württemberg,SUV,1,Vollkasko,Filiale,Rentner,497.88,832.61,1,3,0,0,0,1,1,2,23,0,1.669,0,0,0,0,2025-08-05
APP100474,64,Bayern,Kleinwagen,1,Teilkasko,Makler,Angestellt,280.0,0.0,0,0,0,0,0,0,12,0,4,0,0.0,0,0,0,0,2025-05-21
APP100475,39,Hessen,Kleinwagen,2,Haftpflicht,Online,Angestellt,814.67,0.0,0,0,0,0,2,0,31,0,15,0,0.0,0,0,0,1,2025-11-23
APP100476,50,Baden-Württemberg,Limousine,3,Haftpflicht,Online,Angestellt,359.39,2436.64,0,2,0,0,0,0,16,2,21,0,6.761,0,0,0,0,2025-07-31
APP100477,47,NRW,Transporter,5,Haftpflicht,Online,Angestellt,763.84,0.0,0,0,0,0,0,0,27,0,14,0,0.0,0,0,0,0,2025-10-28
APP100478,82,Niedersachsen,SUV,6,Haftpflicht,Makler,Selbstständig,518.56,1206.09,3,4,0,0,0,0,75,5,16,0,2.321,0,1,0,0,2025-05-13
APP100479,57,Baden-Württemberg,Limousine,5,Teilkasko,Partnerportal,Angestellt,280.0,1018.28,0,2,1,0,1,0,87,9,0,0,3.624,0,0,0,0,2025-06-15
APP100480,41,NRW,SUV,11,Haftpflicht,Filiale,Angestellt,549.9,8135.32,0,1,0,0,0,0,11,5,11,0,14.767,0,0,0,0,2025-08-20
APP100481,30,NRW,Transporter,13,Haftpflicht,Partnerportal,Freiberuflich,533.17,255.47,1,2,0,0,0,0,22,3,19,0,0.478,0,0,0,0,2025-01-25
APP100482,22,Bayern,Kleinwagen,4,Haftpflicht,Online,Freiberuflich,799.31,563.44,1,3,1,0,1,0,28,5,18,0,0.704,0,0,0,0,2025-12-04
APP100483,45,Rheinland-Pfalz,Limousine,2,Haftpflicht,Filiale,Arbeitsuchend,613.58,1079.57,1,2,2,0,0,0,107,2,4,0,1.757,0,0,1,0,2025-07-19
APP100484,33,Rheinland-Pfalz,SUV,15,Haftpflicht,Online,Selbstständig,292.79,1024.64,1,1,0,0,1,0,180,15,14,0,3.488,0,0,0,0,2025-11-29
APP100485,24,Hessen,SUV,10,Vollkasko,Telefon,Angestellt,750.66,0.0,0,0,0,0,0,0,9,0,8,0,0.0,0,0,0,0,2025-02-17
APP100486,34,Baden-Württemberg,SUV,9,Vollkasko,Makler,Freiberuflich,414.09,1131.34,0,1,0,0,0,0,46,6,2,0,2.726,0,0,0,0,2025-02-21
APP100487,28,Berlin,Kleinwagen,3,Vollkasko,Filiale,Selbstständig,1014.87,415.45,2,2,2,0,1,0,17,4,11,1,0.409,0,1,1,0,2025-03-01
APP100488,64,Bayern,SUV,8,Haftpflicht,Online,Rentner,424.53,1641.91,0,1,0,0,0,0,1,10,22,0,3.859,0,0,0,0,2025-10-06
APP100489,54,Bayern,SUV,5,Teilkasko,Online,Angestellt,450.91,168.47,0,2,0,0,0,0,1,3,18,0,0.373,0,0,0,0,2025-11-04
APP100490,42,Bayern,Motorrad,5,Teilkasko,Filiale,Angestellt,348.9,1185.71,1,1,0,0,0,1,22,3,14,0,3.389,0,0,0,0,2025-12-08
APP100491,62,Bayern,Transporter,5,Vollkasko,Telefon,Angestellt,399.65,727.56,0,3,0,0,0,0,24,6,2,0,1.816,0,0,0,0,2025-08-27
APP100492,44,Niedersachsen,Kleinwagen,7,Vollkasko,Online,Selbstständig,357.65,0.0,0,0,1,1,0,0,1,0,19,0,0.0,0,0,0,0,2025-10-05
APP100493,31,NRW,SUV,11,Teilkasko,Partnerportal,Arbeitsuchend,807.63,5388.46,0,1,0,0,0,1,41,6,17,0,6.664,0,0,0,0,2025-01-25
APP100494,62,Rheinland-Pfalz,Transporter,16,Haftpflicht,Online,Student,281.68,0.0,0,0,0,0,0,1,12,0,21,0,0.0,0,0,0,0,2025-07-02
APP100495,50,Hessen,SUV,4,Haftpflicht,Online,Selbstständig,690.85,3952.55,0,1,0,0,1,0,29,6,15,0,5.713,0,0,0,0,2025-08-27
APP100496,29,Berlin,SUV,5,Haftpflicht,Filiale,Rentner,697.87,926.4,2,3,0,0,0,0,12,6,14,1,1.326,0,1,0,0,2025-03-05
APP100497,40,NRW,Kleinwagen,5,Haftpflicht,Online,Angestellt,878.81,533.14,1,2,0,1,0,0,6,8,4,0,0.606,0,0,0,0,2025-11-17
APP100498,31,Bayern,Kleinwagen,6,Vollkasko,Filiale,Angestellt,501.89,5345.54,0,2,0,0,0,0,18,2,9,0,10.63,0,0,0,0,2025-01-04
APP100499,25,Baden-Württemberg,SUV,4,Teilkasko,Makler,Freiberuflich,320.15,1886.84,0,2,0,0,0,0,9,5,9,0,5.875,0,0,0,0,2025-11-04
APP100500,55,NRW,Motorrad,15,Teilkasko,Online,Arbeitsuchend,458.45,1216.55,0,1,0,0,0,0,27,4,12,0,2.648,0,0,0,0,2025-04-27
APP100501,67,Baden-Württemberg,Kleinwagen,3,Haftpflicht,Online,Angestellt,632.56,2173.51,1,2,0,0,0,0,7,2,17,0,3.431,0,0,0,0,2025-02-22
APP100502,24,Baden-Württemberg,Limousine,4,Vollkasko,Filiale,Angestellt,510.6,1530.09,0,2,1,0,1,0,25,6,9,0,2.991,0,0,0,0,2025-01-26
APP100503,50,Sachsen,Elektrofahrzeug,3,Haftpflicht,Partnerportal,Angestellt,574.8,1142.72,1,2,0,0,0,0,6,7,15,0,1.985,0,0,0,0,2025-04-10
APP100504,34,Bayern,Transporter,4,Vollkasko,Filiale,Freiberuflich,874.3,392.5,1,1,0,0,0,0,40,6,1,0,0.448,0,0,0,0,2025-07-26
APP100505,36,Rheinland-Pfalz,Limousine,2,Haftpflicht,Filiale,Angestellt,629.2,0.0,0,0,1,0,0,0,50,0,17,0,0.0,0,0,0,0,2025-08-07
APP100506,35,Bayern,Kleinwagen,3,Teilkasko,Partnerportal,Rentner,535.58,2058.57,1,1,0,0,0,0,4,4,3,0,3.836,0,0,0,0,2025-01-14
APP100507,31,Baden-Württemberg,Limousine,6,Teilkasko,Makler,Student,280.0,0.0,0,0,0,0,0,0,22,0,18,0,0.0,0,0,0,0,2025-03-01
APP100508,43,Niedersachsen,Kleinwagen,6,Haftpflicht,Online,Rentner,354.53,2609.66,0,1,0,0,1,0,2,3,4,0,7.34,0,0,0,0,2025-06-02
APP100509,32,NRW,Elektrofahrzeug,6,Vollkasko,Online,Angestellt,415.73,1679.26,0,1,0,0,0,0,32,0,16,1,4.03,0,0,0,0,2025-02-23
APP100510,46,Berlin,Transporter,11,Teilkasko,Telefon,Angestellt,280.0,574.55,1,3,0,1,1,1,11,8,1,1,2.045,0,0,0,0,2025-09-12
APP100511,42,NRW,Motorrad,7,Haftpflicht,Makler,Angestellt,309.24,394.93,0,2,0,0,0,0,26,5,14,0,1.273,0,0,0,0,2025-01-21
APP100512,39,Sachsen,Motorrad,11,Teilkasko,Telefon,Rentner,440.21,1060.4,1,1,2,0,0,0,26,7,22,0,2.403,0,0,1,0,2025-02-04
APP100513,31,NRW,SUV,16,Vollkasko,Filiale,Student,471.35,0.0,0,0,0,0,1,0,92,0,23,0,0.0,0,0,0,0,2025-06-29
APP100514,35,NRW,Kleinwagen,8,Vollkasko,Filiale,Freiberuflich,609.38,1613.04,0,2,0,0,0,0,28,5,5,0,2.643,0,0,0,0,2025-06-03
APP100515,52,NRW,SUV,2,Haftpflicht,Online,Angestellt,452.04,658.25,1,1,0,0,0,2,31,2,22,0,1.453,0,0,0,1,2025-05-23
APP100516,49,NRW,Motorrad,6,Teilkasko,Online,Selbstständig,546.85,718.32,0,1,0,0,0,0,18,6,17,0,1.311,0,0,0,0,2025-01-05
APP100517,30,NRW,Limousine,5,Teilkasko,Filiale,Rentner,413.45,2966.41,0,1,0,0,0,1,107,3,13,0,7.157,0,0,0,0,2025-06-10
APP100518,44,Bayern,Elektrofahrzeug,12,Haftpflicht,Filiale,Selbstständig,501.52,0.0,0,0,0,0,0,0,54,0,11,0,0.0,0,0,0,0,2025-05-01
APP100519,52,Niedersachsen,Elektrofahrzeug,4,Vollkasko,Partnerportal,Arbeitsuchend,595.5,666.93,1,1,0,0,0,0,12,2,5,0,1.118,0,0,0,0,2025-07-28
APP100520,21,NRW,SUV,3,Haftpflicht,Online,Rentner,914.62,0.0,0,0,0,0,0,0,66,0,21,0,0.0,0,0,0,0,2025-06-21
APP100521,50,Niedersachsen,SUV,3,Haftpflicht,Filiale,Student,396.97,0.0,0,0,1,0,0,1,20,0,19,0,0.0,0,0,0,0,2025-10-03
APP100522,34,NRW,SUV,2,Vollkasko,Online,Rentner,523.51,1555.76,1,3,2,0,0,0,63,6,19,0,2.966,0,0,1,0,2025-08-22
APP100523,50,Baden-Württemberg,SUV,0,Teilkasko,Online,Rentner,709.84,0.0,0,0,0,0,0,0,62,0,17,0,0.0,0,0,0,0,2025-11-08
APP100524,33,Baden-Württemberg,Kleinwagen,15,Haftpflicht,Filiale,Angestellt,280.0,0.0,0,0,0,1,0,0,7,0,2,0,0.0,0,0,0,0,2025-11-18
APP100525,19,Rheinland-Pfalz,Limousine,5,Vollkasko,Telefon,Angestellt,1140.35,0.0,0,0,0,0,0,1,43,0,5,1,0.0,0,0,0,0,2025-04-29
APP100526,21,Hessen,Kleinwagen,2,Vollkasko,Telefon,Student,808.51,0.0,0,0,0,0,0,0,12,0,3,0,0.0,0,0,0,0,2025-01-08
APP100527,43,Bayern,Kleinwagen,13,Teilkasko,Makler,Angestellt,280.0,618.47,0,1,0,0,0,0,12,3,18,0,2.201,0,0,0,0,2025-12-05
APP100528,46,NRW,Kleinwagen,14,Teilkasko,Partnerportal,Freiberuflich,575.93,0.0,0,0,0,0,1,0,12,0,16,1,0.0,0,0,0,0,2025-03-05
APP100529,31,Baden-Württemberg,Elektrofahrzeug,5,Teilkasko,Filiale,Angestellt,388.75,0.0,0,0,0,0,0,0,46,0,10,0,0.0,0,0,0,0,2025-06-06
APP100530,51,Niedersachsen,SUV,2,Teilkasko,Filiale,Angestellt,417.01,2550.84,1,1,0,0,1,0,9,4,13,0,6.102,0,0,0,0,2025-05-27
APP100531,21,NRW,Kleinwagen,3,Vollkasko,Filiale,Angestellt,570.9,1121.38,1,2,0,0,0,2,1,6,10,0,1.961,0,0,0,1,2025-05-17
APP100532,42,Sachsen,Transporter,4,Teilkasko,Makler,Arbeitsuchend,765.99,495.11,1,3,0,1,0,1,45,7,18,0,0.646,0,0,0,0,2025-03-13
APP100533,27,Berlin,SUV,5,Haftpflicht,Partnerportal,Angestellt,405.18,0.0,0,0,0,0,0,0,6,0,16,0,0.0,0,0,0,0,2025-01-15
APP100534,34,Berlin,Kleinwagen,2,Haftpflicht,Filiale,Arbeitsuchend,407.47,2015.01,1,3,0,0,0,0,3,8,3,0,4.933,0,0,0,0,2025-11-20
APP100535,43,NRW,Elektrofahrzeug,9,Haftpflicht,Online,Rentner,576.12,0.0,0,0,1,0,0,1,9,0,11,0,0.0,0,0,0,0,2025-11-15
APP100536,31,NRW,Kleinwagen,0,Haftpflicht,Telefon,Angestellt,626.55,0.0,0,0,0,0,1,0,17,0,3,0,0.0,0,0,0,0,2025-04-01
APP100537,38,Niedersachsen,Kleinwagen,10,Haftpflicht,Online,Angestellt,322.79,3261.7,1,1,0,0,0,0,23,2,11,0,10.074,0,0,0,0,2025-10-30
APP100538,56,Niedersachsen,Kleinwagen,11,Haftpflicht,Telefon,Angestellt,1016.32,1486.52,1,1,0,0,0,0,1,3,16,0,1.461,0,0,0,0,2025-09-26
APP100539,35,Hessen,Elektrofahrzeug,4,Teilkasko,Online,Angestellt,376.08,0.0,0,0,0,1,0,1,126,0,14,0,0.0,0,0,0,0,2025-04-09
APP100540,53,Hessen,Motorrad,5,Teilkasko,Partnerportal,Arbeitsuchend,738.9,0.0,0,0,0,0,0,1,45,0,6,0,0.0,0,0,0,0,2025-10-29
APP100541,28,NRW,Motorrad,12,Vollkasko,Filiale,Student,595.69,0.0,0,0,1,0,0,0,14,0,20,0,0.0,0,0,0,0,2025-10-19
APP100542,49,Baden-Württemberg,Elektrofahrzeug,7,Vollkasko,Online,Angestellt,635.66,0.0,0,0,0,0,0,0,13,0,0,0,0.0,0,0,0,0,2025-01-10
APP100543,61,NRW,Kleinwagen,4,Haftpflicht,Telefon,Selbstständig,379.15,966.24,0,3,0,0,0,0,21,4,4,0,2.542,0,0,0,0,2025-01-23
APP100544,18,Baden-Württemberg,Transporter,4,Teilkasko,Filiale,Freiberuflich,280.0,797.84,0,1,0,0,0,0,35,7,11,0,2.839,0,0,0,0,2025-10-06
APP100545,32,Sachsen,SUV,7,Teilkasko,Partnerportal,Angestellt,488.34,612.26,0,1,1,0,0,0,5,12,6,0,1.251,0,0,0,0,2025-03-09
APP100546,50,Baden-Württemberg,Elektrofahrzeug,14,Haftpflicht,Partnerportal,Student,489.19,0.0,0,0,1,0,0,0,7,0,21,0,0.0,0,0,0,0,2025-05-13
APP100547,40,Bayern,Transporter,4,Haftpflicht,Online,Rentner,329.52,7678.61,1,4,0,0,0,0,70,6,14,0,23.232,0,0,0,0,2025-01-04
APP100548,47,Bayern,Transporter,4,Vollkasko,Online,Angestellt,724.54,897.26,1,1,0,0,0,0,10,2,4,0,1.237,0,0,0,0,2025-04-15
APP100549,35,Hessen,Transporter,5,Haftpflicht,Makler,Freiberuflich,482.2,1310.23,1,1,0,0,0,0,17,1,23,1,2.712,0,0,0,0,2025-08-13
APP100550,44,Niedersachsen,SUV,5,Teilkasko,Telefon,Angestellt,350.79,1033.11,0,1,1,0,1,0,73,12,8,1,2.937,0,0,0,0,2025-08-28
APP100551,40,NRW,SUV,6,Vollkasko,Online,Angestellt,630.01,3106.88,2,3,0,1,0,0,39,5,0,1,4.924,0,1,0,0,2025-08-20
APP100552,58,Bayern,Elektrofahrzeug,5,Vollkasko,Online,Freiberuflich,637.07,3676.8,0,1,1,1,0,0,15,9,5,0,5.762,0,0,0,0,2025-04-28
APP100553,46,Berlin,Elektrofahrzeug,10,Haftpflicht,Filiale,Selbstständig,364.72,0.0,0,0,0,0,1,0,41,0,15,0,0.0,0,0,0,0,2025-01-18
APP100554,47,NRW,Limousine,2,Vollkasko,Filiale,Angestellt,827.18,1816.4,0,1,0,0,0,0,1,4,14,0,2.193,0,0,0,0,2025-11-10
APP100555,37,Berlin,Limousine,6,Haftpflicht,Online,Angestellt,1264.16,399.1,1,1,0,0,0,0,47,3,1,0,0.315,0,0,0,0,2025-05-06
APP100556,36,Baden-Württemberg,SUV,7,Vollkasko,Telefon,Selbstständig,311.75,5402.04,1,1,0,0,0,0,24,1,12,0,17.273,0,0,0,0,2025-11-14
APP100557,37,Baden-Württemberg,Transporter,3,Haftpflicht,Online,Angestellt,456.16,1762.01,2,2,0,0,0,0,60,4,23,0,3.854,0,1,0,0,2025-07-18
APP100558,48,Hessen,Limousine,6,Haftpflicht,Online,Angestellt,567.67,0.0,0,0,1,1,0,0,111,0,4,0,0.0,0,0,0,0,2025-04-14
APP100559,37,Bayern,SUV,7,Haftpflicht,Filiale,Angestellt,1283.97,987.2,1,1,1,0,0,0,93,5,15,0,0.768,0,0,0,0,2025-04-22
APP100560,46,NRW,Limousine,0,Haftpflicht,Makler,Angestellt,362.06,0.0,0,0,0,0,0,2,86,0,0,0,0.0,0,0,0,1,2025-01-14
APP100561,69,Bayern,Limousine,2,Haftpflicht,Online,Angestellt,332.08,0.0,0,0,0,0,0,0,25,0,20,0,0.0,0,0,0,0,2025-09-23
APP100562,54,Bayern,Elektrofahrzeug,12,Teilkasko,Telefon,Freiberuflich,331.13,2938.42,0,2,1,0,0,0,16,4,9,1,8.847,0,0,0,0,2025-04-15
APP100563,38,Rheinland-Pfalz,Kleinwagen,3,Vollkasko,Online,Angestellt,823.03,456.7,1,3,0,0,0,0,22,2,15,0,0.554,0,0,0,0,2025-10-22
APP100564,58,Rheinland-Pfalz,Elektrofahrzeug,2,Teilkasko,Online,Student,366.03,5784.52,1,1,0,0,0,0,42,7,12,0,15.76,0,0,0,0,2025-08-17
APP100565,37,NRW,Kleinwagen,1,Vollkasko,Partnerportal,Angestellt,344.79,4744.95,1,4,2,0,0,0,77,3,20,0,13.722,0,0,1,0,2025-06-23
APP100566,18,Sachsen,Limousine,2,Haftpflicht,Online,Angestellt,542.94,0.0,0,0,0,0,0,0,8,0,1,0,0.0,0,0,0,0,2025-04-17
APP100567,29,Hessen,Kleinwagen,5,Haftpflicht,Partnerportal,Angestellt,560.85,0.0,0,0,0,0,0,0,90,0,3,0,0.0,0,0,0,0,2025-10-20
APP100568,18,NRW,Transporter,2,Teilkasko,Online,Angestellt,772.65,5188.43,1,1,1,0,0,0,60,4,21,0,6.706,0,0,0,0,2025-08-27
APP100569,38,Berlin,Kleinwagen,7,Haftpflicht,Online,Angestellt,512.15,3456.39,1,1,0,0,0,0,138,5,0,1,6.736,0,0,0,0,2025-01-03
APP100570,43,Niedersachsen,Transporter,3,Haftpflicht,Online,Angestellt,547.06,0.0,0,0,1,0,1,1,76,0,10,0,0.0,0,0,0,0,2025-09-05
APP100571,64,Sachsen,SUV,6,Vollkasko,Filiale,Rentner,471.44,2421.61,1,1,0,1,0,1,11,1,8,0,5.126,0,0,0,0,2025-05-15
APP100572,47,Rheinland-Pfalz,Transporter,11,Haftpflicht,Filiale,Angestellt,284.92,0.0,0,0,0,1,0,0,4,0,22,0,0.0,0,0,0,0,2025-11-23
APP100573,40,Bayern,Transporter,11,Vollkasko,Online,Angestellt,453.12,0.0,0,0,0,0,2,0,4,0,5,1,0.0,0,0,0,1,2025-09-02
APP100574,53,Baden-Württemberg,Kleinwagen,6,Haftpflicht,Filiale,Angestellt,505.93,0.0,0,0,0,0,0,0,12,0,0,0,0.0,0,0,0,0,2025-02-21
APP100575,18,NRW,Kleinwagen,2,Vollkasko,Filiale,Freiberuflich,408.95,0.0,0,0,0,0,0,0,34,0,7,0,0.0,0,0,0,0,2025-02-07
APP100576,46,NRW,Kleinwagen,5,Haftpflicht,Makler,Rentner,280.0,1494.53,0,1,0,1,0,2,58,2,7,0,5.319,0,0,0,1,2025-03-04
APP100577,53,Bayern,Limousine,6,Vollkasko,Telefon,Selbstständig,305.91,775.99,0,2,0,0,0,0,82,5,3,1,2.528,0,0,0,0,2025-11-16
APP100578,23,Baden-Württemberg,Kleinwagen,18,Vollkasko,Partnerportal,Angestellt,484.67,1764.07,1,1,0,0,0,0,35,5,3,0,3.632,0,0,0,0,2025-01-06
APP100579,57,Sachsen,Limousine,1,Haftpflicht,Partnerportal,Selbstständig,729.06,417.28,0,1,1,0,0,0,1,6,0,0,0.572,0,0,0,0,2025-07-21
APP100580,47,Baden-Württemberg,Limousine,5,Haftpflicht,Makler,Angestellt,998.8,688.35,0,1,0,0,0,1,7,6,7,0,0.688,0,0,0,0,2025-05-08
APP100581,37,Bayern,Limousine,7,Teilkasko,Filiale,Rentner,456.14,2308.86,0,3,0,0,1,0,3,3,22,0,5.051,0,0,0,0,2025-11-04
APP100582,51,Hessen,Elektrofahrzeug,5,Teilkasko,Online,Student,364.64,272.7,1,4,0,0,0,0,16,6,17,0,0.746,0,0,0,0,2025-05-02
APP100583,72,Hessen,Transporter,6,Teilkasko,Online,Selbstständig,421.38,2611.53,0,1,1,0,0,0,25,9,22,0,6.183,0,0,0,0,2025-05-02
APP100584,45,NRW,SUV,3,Haftpflicht,Makler,Angestellt,317.51,219.16,1,1,0,0,0,0,1,3,19,0,0.688,0,0,0,0,2025-06-21
APP100585,46,NRW,SUV,9,Vollkasko,Partnerportal,Angestellt,685.98,278.21,1,2,1,0,0,1,15,4,18,0,0.405,0,0,0,0,2025-11-16
APP100586,37,Hessen,SUV,5,Teilkasko,Online,Angestellt,1209.3,793.04,0,1,0,0,0,0,7,3,10,0,0.655,0,0,0,0,2025-09-04
APP100587,31,Hessen,SUV,6,Haftpflicht,Makler,Rentner,368.39,1546.63,1,1,1,0,0,0,37,4,19,0,4.187,0,0,0,0,2025-10-10
APP100588,53,Bayern,Motorrad,9,Vollkasko,Telefon,Angestellt,298.67,3738.63,0,2,0,0,0,0,22,9,9,1,12.476,0,0,0,0,2025-04-19
APP100589,31,NRW,Kleinwagen,4,Haftpflicht,Online,Arbeitsuchend,751.99,1272.81,0,1,0,0,0,0,24,3,5,0,1.69,0,0,0,0,2025-07-12
APP100590,43,NRW,Limousine,10,Teilkasko,Filiale,Arbeitsuchend,563.17,982.82,1,2,1,1,0,0,20,3,6,0,1.742,0,0,0,0,2025-12-07
APP100591,36,Sachsen,Kleinwagen,2,Haftpflicht,Online,Rentner,567.18,0.0,0,0,0,0,1,0,112,0,1,0,0.0,0,0,0,0,2025-06-14
APP100592,49,Sachsen,Kleinwagen,6,Vollkasko,Makler,Angestellt,960.1,0.0,0,0,1,0,1,1,8,0,22,0,0.0,0,0,0,0,2025-09-08
APP100593,47,Berlin,Kleinwagen,3,Teilkasko,Online,Angestellt,280.0,1364.44,0,2,0,0,0,0,26,3,17,0,4.856,0,0,0,0,2025-12-14
APP100594,56,Baden-Württemberg,Kleinwagen,2,Teilkasko,Online,Angestellt,280.0,0.0,0,0,0,0,0,2,47,0,17,0,0.0,0,0,0,1,2025-02-18
APP100595,36,Bayern,Transporter,14,Teilkasko,Filiale,Angestellt,460.39,1300.11,0,1,0,0,0,0,29,2,16,0,2.818,0,0,0,0,2025-11-07
APP100596,39,NRW,Kleinwagen,2,Vollkasko,Online,Arbeitsuchend,506.05,0.0,0,0,0,0,0,0,95,0,12,0,0.0,0,0,0,0,2025-02-08
APP100597,30,Hessen,Kleinwagen,5,Vollkasko,Online,Selbstständig,424.5,611.78,0,1,1,0,0,0,17,4,14,0,1.438,0,0,0,0,2025-06-13
APP100598,37,Hessen,Limousine,2,Vollkasko,Partnerportal,Angestellt,1385.08,0.0,0,0,0,0,0,0,22,0,10,0,0.0,0,0,0,0,2025-07-13
APP100599,47,Berlin,Limousine,10,Vollkasko,Online,Angestellt,432.55,1386.82,0,2,0,0,0,0,3,5,6,0,3.199,0,0,0,0,2025-03-09
APP100600,52,Baden-Württemberg,Motorrad,4,Haftpflicht,Makler,Angestellt,391.0,0.0,0,0,0,1,0,0,33,0,16,0,0.0,0,0,0,0,2025-09-15
APP100601,31,Bayern,SUV,9,Haftpflicht,Telefon,Angestellt,519.17,309.58,1,1,0,0,0,0,12,5,18,0,0.595,0,0,0,0,2025-11-17
APP100602,54,Bayern,Limousine,7,Haftpflicht,Online,Angestellt,740.83,1136.1,0,4,0,1,0,0,6,2,7,0,1.531,0,0,0,0,2025-04-14
APP100603,60,Niedersachsen,Limousine,16,Teilkasko,Telefon,Freiberuflich,363.33,635.1,0,1,0,0,0,0,28,6,16,0,1.743,0,0,0,0,2025-10-01
APP100604,48,Bayern,Transporter,1,Haftpflicht,Makler,Rentner,463.25,2538.42,1,1,1,1,1,0,27,5,15,0,5.468,0,0,0,0,2025-06-18
APP100605,67,Sachsen,Kleinwagen,2,Haftpflicht,Partnerportal,Angestellt,749.72,2300.37,0,1,0,0,0,1,2,2,13,0,3.064,0,0,0,0,2025-12-20
APP100606,32,Sachsen,Limousine,9,Haftpflicht,Online,Angestellt,767.41,1866.27,0,1,0,0,1,0,43,5,21,0,2.429,0,0,0,0,2025-08-07
APP100607,26,NRW,Limousine,6,Vollkasko,Makler,Selbstständig,539.91,666.3,0,1,1,0,0,1,35,4,17,0,1.232,0,0,0,0,2025-05-03
APP100608,19,Baden-Württemberg,Limousine,4,Teilkasko,Makler,Angestellt,1360.66,2572.54,1,1,0,0,0,0,7,4,8,0,1.889,0,0,0,0,2025-08-16
APP100609,62,Bayern,Kleinwagen,15,Haftpflicht,Telefon,Angestellt,1132.15,330.1,0,4,0,0,0,0,22,5,17,0,0.291,0,0,0,0,2025-06-16
APP100610,51,Hessen,Kleinwagen,5,Haftpflicht,Makler,Student,280.0,277.27,1,2,0,0,0,0,45,4,21,0,0.987,0,0,0,0,2025-06-03
APP100611,42,Sachsen,Elektrofahrzeug,3,Haftpflicht,Online,Student,280.0,409.73,1,1,0,0,0,0,27,6,19,0,1.458,0,0,0,0,2025-04-14
APP100612,46,Rheinland-Pfalz,Elektrofahrzeug,9,Vollkasko,Filiale,Arbeitsuchend,688.28,1177.97,1,1,1,0,0,0,18,4,15,0,1.709,0,0,0,0,2025-01-03
APP100613,28,Rheinland-Pfalz,SUV,5,Haftpflicht,Partnerportal,Selbstständig,874.33,2151.43,0,1,0,0,0,0,14,6,16,0,2.458,0,0,0,0,2025-06-26
APP100614,74,Bayern,Transporter,5,Vollkasko,Online,Freiberuflich,448.36,96.58,1,3,0,0,0,0,33,5,16,0,0.215,0,0,0,0,2025-01-28
APP100615,44,Niedersachsen,SUV,7,Haftpflicht,Online,Arbeitsuchend,399.05,0.0,0,0,0,1,0,0,100,0,15,0,0.0,0,0,0,0,2025-05-24
APP100616,44,Bayern,Kleinwagen,8,Vollkasko,Makler,Angestellt,349.14,0.0,0,0,0,1,1,0,40,0,18,0,0.0,0,0,0,0,2025-05-03
APP100617,52,Berlin,SUV,2,Vollkasko,Telefon,Angestellt,301.7,319.7,0,1,0,0,0,0,2,6,10,0,1.056,0,0,0,0,2025-04-26
APP100618,49,Sachsen,Kleinwagen,4,Teilkasko,Makler,Angestellt,794.14,1320.55,1,1,0,0,0,1,22,4,5,0,1.661,0,0,0,0,2025-01-22
APP100619,45,Baden-Württemberg,SUV,1,Vollkasko,Filiale,Selbstständig,419.83,3067.59,1,1,0,0,0,0,79,5,18,0,7.289,0,0,0,0,2025-12-02
APP100620,32,NRW,Kleinwagen,6,Vollkasko,Online,Freiberuflich,559.34,0.0,0,0,0,0,0,0,3,0,6,0,0.0,0,0,0,0,2025-04-07
APP100621,49,Baden-Württemberg,Kleinwagen,14,Haftpflicht,Partnerportal,Student,280.0,0.0,0,0,0,0,0,0,161,0,8,0,0.0,0,0,0,0,2025-11-29
APP100622,67,Baden-Württemberg,Transporter,2,Vollkasko,Online,Angestellt,750.66,379.44,0,1,0,0,0,2,107,8,11,0,0.505,0,0,0,1,2025-02-18
APP100623,60,NRW,Motorrad,1,Haftpflicht,Online,Rentner,630.72,852.43,1,2,0,0,0,0,2,1,1,1,1.349,0,0,0,0,2025-10-11
APP100624,63,NRW,Elektrofahrzeug,3,Teilkasko,Filiale,Freiberuflich,280.12,552.26,1,3,2,0,0,0,97,6,3,0,1.964,0,0,1,0,2025-08-24
APP100625,36,NRW,Motorrad,4,Haftpflicht,Filiale,Angestellt,549.38,0.0,0,0,0,0,0,0,16,0,2,0,0.0,0,0,0,0,2025-03-05
APP100626,30,NRW,Elektrofahrzeug,8,Haftpflicht,Online,Angestellt,493.73,0.0,0,0,0,1,0,1,67,0,21,0,0.0,0,0,0,0,2025-07-07
APP100627,41,Sachsen,Kleinwagen,4,Vollkasko,Partnerportal,Angestellt,407.86,13629.04,0,3,0,0,0,0,19,6,20,0,33.334,0,0,0,0,2025-07-13
APP100628,43,Bayern,SUV,6,Haftpflicht,Partnerportal,Rentner,280.0,814.47,0,1,0,0,0,0,20,9,11,0,2.898,0,0,0,0,2025-01-26
APP100629,57,NRW,Transporter,3,Teilkasko,Filiale,Freiberuflich,373.4,0.0,0,0,0,0,0,0,36,0,2,0,0.0,0,0,0,0,2025-06-19
APP100630,20,NRW,Limousine,4,Haftpflicht,Online,Selbstständig,559.49,1073.41,0,1,0,0,1,0,53,7,8,0,1.915,0,0,0,0,2025-04-18
APP100631,62,Hessen,Elektrofahrzeug,3,Vollkasko,Telefon,Freiberuflich,391.35,3911.22,0,1,2,0,0,0,1,3,11,0,9.969,1,0,1,0,2025-10-04
APP100632,40,Niedersachsen,Limousine,2,Haftpflicht,Makler,Student,448.94,887.85,0,1,0,0,0,0,32,5,7,0,1.973,0,0,0,0,2025-10-15
APP100633,37,NRW,SUV,8,Haftpflicht,Online,Student,923.93,1347.18,1,6,0,0,1,0,7,4,18,0,1.457,0,0,0,0,2025-07-17
APP100634,29,Berlin,Motorrad,4,Haftpflicht,Telefon,Selbstständig,476.97,0.0,0,0,0,0,0,0,15,0,4,0,0.0,0,0,0,0,2025-07-16
APP100635,21,NRW,Limousine,6,Vollkasko,Telefon,Angestellt,280.0,1253.35,0,3,0,0,0,0,15,2,20,0,4.46,0,0,0,0,2025-01-24
APP100636,53,Baden-Württemberg,SUV,3,Haftpflicht,Filiale,Arbeitsuchend,455.94,696.08,2,2,1,0,1,0,22,4,4,0,1.523,0,1,0,0,2025-09-12
APP100637,43,NRW,Transporter,5,Teilkasko,Partnerportal,Angestellt,513.75,1078.47,0,2,0,0,0,0,14,8,7,0,2.095,0,0,0,0,2025-03-06
APP100638,26,Niedersachsen,SUV,1,Vollkasko,Online,Rentner,348.4,1039.93,1,1,0,0,0,0,4,1,2,0,2.976,0,0,0,0,2025-10-06
APP100639,26,Hessen,Limousine,4,Haftpflicht,Online,Rentner,670.88,1204.2,1,2,1,0,0,0,5,4,18,0,1.792,0,0,0,0,2025-03-21
APP100640,38,Berlin,Elektrofahrzeug,3,Vollkasko,Makler,Arbeitsuchend,280.0,0.0,0,0,0,0,0,0,1,0,23,0,0.0,0,0,0,0,2025-01-08
APP100641,64,NRW,SUV,10,Haftpflicht,Telefon,Angestellt,465.05,0.0,0,0,0,0,0,0,22,0,8,0,0.0,0,0,0,0,2025-02-14
APP100642,39,NRW,Kleinwagen,2,Vollkasko,Filiale,Arbeitsuchend,280.0,593.26,0,1,0,0,0,0,111,8,20,0,2.111,0,0,0,0,2025-05-19
APP100643,23,NRW,Motorrad,4,Vollkasko,Filiale,Angestellt,435.2,0.0,0,0,1,0,0,0,4,0,23,0,0.0,0,0,0,0,2025-02-26
APP100644,39,NRW,SUV,6,Haftpflicht,Online,Angestellt,663.42,601.09,1,4,0,0,0,0,105,9,13,0,0.905,0,0,0,0,2025-01-12
APP100645,39,NRW,Kleinwagen,9,Teilkasko,Makler,Rentner,460.4,1420.89,1,2,0,0,1,0,47,7,20,0,3.08,0,0,0,0,2025-03-13
APP100646,18,Hessen,Limousine,8,Teilkasko,Online,Angestellt,449.25,766.94,0,2,1,0,0,3,36,5,19,0,1.703,0,0,0,1,2025-03-04
APP100647,42,Hessen,Kleinwagen,5,Haftpflicht,Online,Angestellt,498.53,1485.98,0,1,1,0,0,0,37,4,1,0,2.975,0,0,0,0,2025-06-12
APP100648,39,Rheinland-Pfalz,Kleinwagen,5,Haftpflicht,Filiale,Rentner,509.11,3096.67,0,1,1,0,0,0,63,8,14,0,6.071,0,0,0,0,2025-02-07
APP100649,52,Hessen,Kleinwagen,10,Vollkasko,Online,Arbeitsuchend,659.43,141.61,0,1,0,0,0,1,4,2,3,0,0.214,0,0,0,0,2025-10-04
APP100650,67,Niedersachsen,Limousine,5,Haftpflicht,Online,Rentner,661.11,0.0,0,0,0,0,0,0,25,0,1,0,0.0,0,0,0,0,2025-02-20
APP100651,57,NRW,Limousine,5,Vollkasko,Makler,Freiberuflich,895.26,819.62,0,3,0,0,0,0,42,2,22,0,0.914,0,0,0,0,2025-06-03
APP100652,39,Sachsen,Elektrofahrzeug,10,Haftpflicht,Online,Angestellt,528.69,1792.49,1,1,0,0,0,0,31,4,22,0,3.384,0,0,0,0,2025-01-20
APP100653,28,Berlin,Elektrofahrzeug,18,Teilkasko,Telefon,Selbstständig,280.0,565.66,1,2,1,0,0,0,64,9,8,0,2.013,0,0,0,0,2025-10-08
APP100654,76,Hessen,Transporter,6,Haftpflicht,Online,Freiberuflich,706.51,0.0,0,0,0,0,0,0,2,0,3,0,0.0,0,0,0,0,2025-07-29
APP100655,43,Berlin,SUV,7,Vollkasko,Online,Student,868.64,2634.08,1,2,0,0,0,1,42,4,4,1,3.029,0,0,0,0,2025-09-02
APP100656,43,Sachsen,Elektrofahrzeug,8,Teilkasko,Online,Student,1385.63,0.0,0,0,0,0,0,0,27,0,10,0,0.0,0,0,0,0,2025-09-05
APP100657,42,Bayern,Kleinwagen,10,Teilkasko,Partnerportal,Angestellt,906.61,0.0,0,0,0,0,0,1,17,0,3,0,0.0,0,0,0,0,2025-10-01
APP100658,45,Niedersachsen,Limousine,9,Haftpflicht,Online,Freiberuflich,401.05,643.05,0,1,0,0,0,0,14,4,3,0,1.599,0,0,0,0,2025-02-17
APP100659,41,Sachsen,SUV,3,Teilkasko,Online,Freiberuflich,533.05,715.74,0,1,1,0,0,0,34,6,14,0,1.34,0,0,0,0,2025-01-14
APP100660,35,Bayern,Motorrad,6,Haftpflicht,Filiale,Student,439.81,2297.49,1,1,1,0,1,0,79,6,4,0,5.212,0,0,0,0,2025-09-09
APP100661,35,NRW,SUV,9,Haftpflicht,Online,Angestellt,415.41,631.08,0,3,0,0,0,0,24,7,2,0,1.516,0,0,0,0,2025-06-15
APP100662,42,Baden-Württemberg,Motorrad,11,Haftpflicht,Partnerportal,Freiberuflich,469.81,4141.4,1,2,0,0,0,0,62,7,15,0,8.796,0,0,0,0,2025-04-23
APP100663,35,Rheinland-Pfalz,Kleinwagen,4,Vollkasko,Filiale,Angestellt,845.57,920.53,0,3,0,0,0,0,18,3,22,0,1.087,0,0,0,0,2025-03-05
APP100664,33,Niedersachsen,Kleinwagen,6,Teilkasko,Online,Freiberuflich,280.0,1856.8,0,3,0,0,0,0,3,5,0,1,6.608,0,0,0,0,2025-10-12
APP100665,44,Hessen,Transporter,6,Haftpflicht,Makler,Selbstständig,323.41,0.0,0,0,1,0,0,0,2,0,0,0,0.0,0,0,0,0,2025-03-28
APP100666,39,Niedersachsen,Limousine,5,Vollkasko,Filiale,Selbstständig,822.37,664.95,0,1,0,0,1,0,1,5,0,0,0.808,0,0,0,0,2025-08-22
APP100667,62,Bayern,Limousine,6,Teilkasko,Telefon,Rentner,907.36,0.0,0,0,1,0,0,0,17,0,2,0,0.0,0,0,0,0,2025-09-06
APP100668,18,NRW,Transporter,0,Teilkasko,Filiale,Angestellt,373.54,2969.22,0,1,1,0,0,0,14,4,8,0,7.928,0,0,0,0,2025-04-23
APP100669,57,Berlin,Kleinwagen,24,Teilkasko,Online,Angestellt,985.66,2720.54,1,1,0,0,0,0,45,4,12,0,2.757,0,0,0,0,2025-08-14
APP100670,59,Bayern,Kleinwagen,4,Haftpflicht,Makler,Student,742.39,0.0,0,0,0,0,0,0,48,0,23,0,0.0,0,0,0,0,2025-07-02
APP100671,18,Niedersachsen,Limousine,4,Haftpflicht,Makler,Arbeitsuchend,440.34,0.0,0,0,0,0,0,0,1,0,12,0,0.0,0,0,0,0,2025-03-22
APP100672,38,Niedersachsen,Motorrad,1,Vollkasko,Makler,Angestellt,280.0,994.1,0,1,0,0,0,0,8,7,20,0,3.538,0,0,0,0,2025-10-02
APP100673,38,Hessen,Limousine,1,Vollkasko,Makler,Freiberuflich,280.0,0.0,0,0,0,0,0,0,11,0,22,0,0.0,0,0,0,0,2025-04-03
APP100674,24,Niedersachsen,Limousine,7,Haftpflicht,Online,Selbstständig,373.74,956.0,1,3,0,0,0,0,28,4,12,0,2.551,0,0,0,0,2025-07-13
APP100675,32,NRW,SUV,9,Haftpflicht,Partnerportal,Arbeitsuchend,678.02,1295.17,0,2,1,0,0,2,5,7,20,0,1.907,0,0,0,1,2025-04-16
APP100676,28,NRW,Kleinwagen,8,Teilkasko,Online,Rentner,678.92,843.22,0,2,0,0,1,0,5,2,7,0,1.24,0,0,0,0,2025-04-10
APP100677,65,Hessen,Transporter,3,Haftpflicht,Makler,Freiberuflich,405.08,0.0,0,0,1,1,0,0,103,0,7,0,0.0,0,0,0,0,2025-02-05
APP100678,55,Sachsen,Transporter,8,Haftpflicht,Online,Student,447.14,0.0,0,0,0,0,0,0,58,0,18,0,0.0,0,0,0,0,2025-07-03
APP100679,59,NRW,Kleinwagen,4,Haftpflicht,Makler,Freiberuflich,486.07,516.5,2,3,1,0,0,0,7,9,4,0,1.06,0,1,0,0,2025-05-29
APP100680,52,Sachsen,SUV,4,Haftpflicht,Filiale,Selbstständig,449.5,531.92,2,3,0,0,0,0,18,6,23,1,1.181,0,1,0,0,2025-08-13
APP100681,28,Bayern,Limousine,2,Haftpflicht,Partnerportal,Selbstständig,527.8,0.0,0,0,0,1,0,1,15,0,9,0,0.0,0,0,0,0,2025-03-04
APP100682,36,Hessen,Kleinwagen,3,Haftpflicht,Partnerportal,Freiberuflich,486.57,597.87,1,1,0,1,0,0,56,10,18,0,1.226,0,0,0,0,2025-07-21
APP100683,49,NRW,Kleinwagen,7,Haftpflicht,Filiale,Angestellt,280.0,2380.0,0,2,0,0,0,0,25,1,2,0,8.47,0,0,0,0,2025-05-23
APP100684,27,NRW,Kleinwagen,6,Haftpflicht,Makler,Angestellt,451.61,3733.85,0,2,0,0,0,0,4,11,21,1,8.25,1,0,0,0,2025-09-25
APP100685,52,NRW,SUV,5,Haftpflicht,Online,Freiberuflich,488.09,0.0,0,0,0,0,0,0,48,0,6,0,0.0,0,0,0,0,2025-09-16
APP100686,39,Niedersachsen,Kleinwagen,0,Teilkasko,Makler,Angestellt,746.74,1941.93,0,4,1,0,0,1,18,6,22,0,2.597,0,0,0,0,2025-09-11
APP100687,38,Niedersachsen,Kleinwagen,5,Vollkasko,Online,Arbeitsuchend,347.53,1088.39,0,2,1,0,0,0,10,5,5,0,3.123,0,0,0,0,2025-09-22
APP100688,52,NRW,Elektrofahrzeug,3,Teilkasko,Telefon,Rentner,536.81,2341.81,0,1,1,0,1,0,16,9,6,0,4.354,0,0,0,0,2025-02-11
APP100689,48,Baden-Württemberg,Kleinwagen,6,Vollkasko,Online,Rentner,624.15,1545.86,1,1,1,0,0,0,24,9,6,0,2.473,0,0,0,0,2025-07-21
APP100690,38,Hessen,SUV,10,Vollkasko,Makler,Student,462.98,5618.28,1,5,0,0,0,0,15,7,19,0,12.109,0,0,0,0,2025-01-31
APP100691,58,Baden-Württemberg,Elektrofahrzeug,3,Haftpflicht,Online,Angestellt,280.0,1114.68,0,1,0,0,0,0,9,9,7,0,3.967,0,0,0,0,2025-06-14
APP100692,28,Sachsen,Kleinwagen,5,Vollkasko,Telefon,Angestellt,753.12,0.0,0,0,0,0,0,0,18,0,23,0,0.0,0,0,0,0,2025-09-24
APP100693,51,Hessen,Elektrofahrzeug,15,Haftpflicht,Makler,Freiberuflich,674.38,0.0,0,0,0,0,0,0,1,0,1,0,0.0,0,0,0,0,2025-07-08
APP100694,50,Niedersachsen,SUV,6,Haftpflicht,Online,Angestellt,542.44,2264.54,0,2,0,0,0,0,53,2,14,0,4.167,0,0,0,0,2025-10-10
APP100695,38,Hessen,Transporter,5,Teilkasko,Online,Selbstständig,501.17,219.25,1,2,0,1,1,0,6,3,9,0,0.437,0,0,0,0,2025-03-11
APP100696,47,Baden-Württemberg,SUV,3,Haftpflicht,Filiale,Angestellt,280.0,2669.94,1,1,0,0,0,0,1,5,20,1,9.502,0,0,0,0,2025-08-23
APP100697,26,NRW,SUV,8,Haftpflicht,Makler,Arbeitsuchend,682.22,0.0,0,0,0,1,0,0,38,0,14,0,0.0,0,0,0,0,2025-04-04
APP100698,55,Hessen,Transporter,2,Haftpflicht,Online,Angestellt,919.92,831.03,0,1,0,0,0,1,53,2,1,0,0.902,0,0,0,0,2025-10-26
APP100699,40,Niedersachsen,Kleinwagen,10,Haftpflicht,Online,Angestellt,308.66,343.62,0,4,0,0,0,0,60,2,2,0,1.11,0,0,0,0,2025-10-28
APP100700,36,Berlin,Limousine,7,Haftpflicht,Online,Arbeitsuchend,866.89,0.0,0,0,0,0,0,2,24,0,18,0,0.0,0,0,0,1,2025-11-02
APP100701,56,Niedersachsen,Elektrofahrzeug,3,Teilkasko,Filiale,Selbstständig,792.52,0.0,0,0,0,0,1,0,8,0,4,0,0.0,0,0,0,0,2025-09-19
APP100702,33,Hessen,Kleinwagen,3,Haftpflicht,Makler,Angestellt,304.86,0.0,0,0,0,0,1,0,48,0,23,0,0.0,0,0,0,0,2025-05-21
APP100703,24,Berlin,Limousine,3,Teilkasko,Partnerportal,Angestellt,417.57,346.44,0,1,0,0,0,0,43,4,18,0,0.828,0,0,0,0,2025-08-18
APP100704,22,Baden-Württemberg,SUV,1,Vollkasko,Partnerportal,Angestellt,280.0,1832.85,0,1,1,0,0,0,10,7,6,0,6.523,0,0,0,0,2025-09-25
APP100705,50,Rheinland-Pfalz,Kleinwagen,7,Haftpflicht,Makler,Freiberuflich,479.45,0.0,0,0,1,0,0,0,84,0,20,0,0.0,0,0,0,0,2025-09-20
APP100706,26,Berlin,SUV,1,Haftpflicht,Makler,Student,594.84,0.0,0,0,0,0,0,0,3,0,13,0,0.0,0,0,0,0,2025-05-22
APP100707,65,Baden-Württemberg,Transporter,5,Teilkasko,Filiale,Angestellt,282.99,3223.46,1,4,0,0,0,0,146,4,11,0,11.351,0,0,0,0,2025-07-20
APP100708,18,Rheinland-Pfalz,Transporter,4,Teilkasko,Filiale,Selbstständig,579.43,1126.16,0,2,1,0,0,0,70,5,9,0,1.94,0,0,0,0,2025-04-09
APP100709,65,Bayern,SUV,4,Teilkasko,Online,Angestellt,644.47,1157.25,0,1,0,0,0,0,41,5,9,0,1.793,0,0,0,0,2025-10-30
APP100710,45,NRW,SUV,6,Teilkasko,Online,Student,648.37,555.87,0,2,0,0,1,0,100,4,3,0,0.856,0,0,0,0,2025-09-20
APP100711,41,Hessen,Transporter,3,Vollkasko,Partnerportal,Rentner,596.39,321.76,1,2,0,1,0,0,46,4,17,0,0.539,0,0,0,0,2025-02-08
APP100712,35,NRW,Kleinwagen,5,Vollkasko,Online,Selbstständig,294.13,5863.27,0,1,0,0,0,0,7,9,5,1,19.867,0,0,0,0,2025-07-03
APP100713,48,Baden-Württemberg,Transporter,10,Haftpflicht,Partnerportal,Arbeitsuchend,468.24,3170.37,0,1,0,0,0,1,21,9,19,0,6.756,0,0,0,0,2025-08-01
APP100714,42,Rheinland-Pfalz,Elektrofahrzeug,7,Teilkasko,Filiale,Arbeitsuchend,571.34,371.06,1,2,0,0,0,0,2,4,3,0,0.648,0,0,0,0,2025-05-03
APP100715,57,Baden-Württemberg,Transporter,4,Haftpflicht,Online,Angestellt,910.17,1383.52,1,1,2,0,0,0,17,7,4,0,1.518,0,0,1,0,2025-10-10
APP100716,44,Hessen,Kleinwagen,5,Haftpflicht,Partnerportal,Angestellt,493.26,0.0,0,0,0,0,0,0,48,0,13,0,0.0,0,0,0,0,2025-03-02
APP100717,44,Sachsen,SUV,4,Vollkasko,Filiale,Student,589.18,960.17,1,1,0,0,0,0,17,5,8,0,1.627,0,0,0,0,2025-03-07
APP100718,38,Sachsen,Transporter,4,Haftpflicht,Makler,Angestellt,333.14,856.06,0,4,0,0,0,0,14,6,14,0,2.562,0,0,0,0,2025-11-04
APP100719,42,Niedersachsen,Kleinwagen,6,Haftpflicht,Online,Angestellt,303.37,0.0,0,0,0,0,0,2,32,0,0,0,0.0,0,0,0,1,2025-12-23
APP100720,47,Berlin,Transporter,1,Teilkasko,Telefon,Freiberuflich,287.47,0.0,0,0,0,0,0,0,74,0,20,1,0.0,0,0,0,0,2025-10-16
APP100721,20,Baden-Württemberg,Limousine,1,Teilkasko,Partnerportal,Arbeitsuchend,413.02,1706.21,1,3,2,0,1,0,1,5,20,0,4.121,0,0,1,0,2025-04-18
APP100722,25,Rheinland-Pfalz,SUV,2,Teilkasko,Online,Arbeitsuchend,1171.52,0.0,0,0,0,1,0,0,17,0,12,0,0.0,0,0,0,0,2025-05-20
APP100723,52,Bayern,Elektrofahrzeug,7,Teilkasko,Partnerportal,Selbstständig,416.18,1060.35,1,1,1,0,0,0,6,5,1,0,2.542,0,0,0,0,2025-08-31
APP100724,45,Hessen,Elektrofahrzeug,7,Vollkasko,Online,Rentner,574.29,2687.3,0,1,0,0,0,0,42,7,14,0,4.671,0,0,0,0,2025-12-07
APP100725,40,Baden-Württemberg,SUV,8,Vollkasko,Online,Angestellt,622.65,1797.1,0,1,0,0,0,0,4,3,14,0,2.882,0,0,0,0,2025-04-04
APP100726,43,Hessen,SUV,2,Teilkasko,Telefon,Arbeitsuchend,311.55,1289.21,1,1,0,0,0,0,39,4,15,0,4.125,0,0,0,0,2025-12-08
APP100727,47,Bayern,Kleinwagen,5,Teilkasko,Partnerportal,Angestellt,410.45,1175.54,0,1,0,0,0,0,12,5,2,0,2.857,0,0,0,0,2025-11-18
APP100728,35,Hessen,Kleinwagen,4,Teilkasko,Filiale,Angestellt,640.5,1625.35,1,3,0,0,0,0,7,6,12,0,2.534,0,0,0,0,2025-06-01
APP100729,32,NRW,Limousine,4,Vollkasko,Filiale,Angestellt,589.87,813.95,1,3,1,0,0,0,99,6,19,0,1.378,0,0,0,0,2025-08-12
APP100730,45,NRW,Transporter,4,Haftpflicht,Online,Selbstständig,280.0,2436.48,0,1,0,0,0,0,1,5,0,0,8.671,0,0,0,0,2025-06-22
APP100731,30,Sachsen,Transporter,6,Haftpflicht,Online,Arbeitsuchend,632.48,0.0,0,0,0,0,1,0,20,0,13,0,0.0,0,0,0,0,2025-07-23
APP100732,48,Niedersachsen,Kleinwagen,3,Haftpflicht,Online,Angestellt,390.95,854.28,2,4,0,1,0,1,1,4,2,0,2.18,0,1,0,0,2025-09-04
APP100733,20,NRW,SUV,10,Teilkasko,Online,Angestellt,395.27,2037.42,0,1,1,1,0,0,23,2,16,0,5.141,0,0,0,0,2025-07-02
APP100734,56,Rheinland-Pfalz,SUV,10,Teilkasko,Filiale,Angestellt,584.08,462.69,0,1,1,0,0,0,25,6,16,0,0.791,0,0,0,0,2025-02-22
APP100735,49,Baden-Württemberg,Motorrad,7,Haftpflicht,Online,Student,934.15,318.28,1,2,0,0,0,0,13,2,8,0,0.34,0,0,0,0,2025-12-26
APP100736,46,Baden-Württemberg,Motorrad,9,Vollkasko,Filiale,Selbstständig,452.97,1278.72,0,1,0,0,0,0,5,10,19,0,2.817,0,0,0,0,2025-10-02
APP100737,55,Niedersachsen,Motorrad,1,Teilkasko,Online,Angestellt,808.52,286.58,0,2,0,0,0,0,17,2,19,0,0.354,0,0,0,0,2025-06-28
APP100738,64,Sachsen,SUV,10,Haftpflicht,Online,Angestellt,280.0,401.83,0,2,0,0,0,0,40,6,3,1,1.43,0,0,0,0,2025-12-04
APP100739,56,Hessen,Kleinwagen,6,Haftpflicht,Online,Angestellt,520.56,0.0,0,0,1,0,0,0,54,0,10,0,0.0,0,0,0,0,2025-04-08
APP100740,19,Hessen,Limousine,3,Haftpflicht,Filiale,Freiberuflich,392.59,1018.34,1,2,0,1,0,0,27,5,14,0,2.587,0,0,0,0,2025-05-06
APP100741,26,Baden-Württemberg,SUV,3,Haftpflicht,Filiale,Angestellt,554.71,3614.34,0,1,0,0,0,0,32,4,12,0,6.504,0,0,0,0,2025-07-13
APP100742,34,Niedersachsen,SUV,12,Haftpflicht,Online,Angestellt,435.09,435.24,0,1,0,0,0,0,8,5,23,0,0.998,0,0,0,0,2025-02-14
APP100743,43,NRW,Motorrad,8,Haftpflicht,Makler,Selbstständig,280.55,1118.94,1,1,0,0,1,0,12,5,19,0,3.974,0,0,0,0,2025-12-24
APP100744,49,Baden-Württemberg,Limousine,4,Vollkasko,Filiale,Selbstständig,339.44,0.0,0,0,1,0,1,0,6,0,11,0,0.0,0,0,0,0,2025-07-30
APP100745,33,NRW,Elektrofahrzeug,1,Vollkasko,Telefon,Student,280.0,448.12,2,3,1,1,0,0,10,2,14,0,1.595,0,1,0,0,2025-06-18
APP100746,45,NRW,Kleinwagen,10,Teilkasko,Partnerportal,Rentner,284.6,2913.17,0,1,0,0,0,0,9,5,5,0,10.2,0,0,0,0,2025-05-25
APP100747,33,Bayern,Kleinwagen,2,Haftpflicht,Online,Angestellt,602.89,1870.72,0,1,0,0,1,0,26,9,17,0,3.098,0,0,0,0,2025-02-09
APP100748,35,Berlin,Kleinwagen,4,Haftpflicht,Online,Angestellt,443.44,308.62,0,1,1,0,0,0,29,6,21,0,0.694,0,0,0,0,2025-11-25
APP100749,24,NRW,Limousine,4,Haftpflicht,Makler,Student,542.92,0.0,0,0,0,1,0,0,104,0,16,0,0.0,0,0,0,0,2025-12-24
APP100750,30,Hessen,Motorrad,3,Vollkasko,Online,Angestellt,1056.32,1682.55,1,2,0,0,0,0,7,4,20,0,1.591,0,0,0,0,2025-03-26
APP100751,25,Bayern,Kleinwagen,4,Haftpflicht,Makler,Freiberuflich,435.15,733.96,1,3,0,0,0,0,36,5,23,0,1.683,0,0,0,0,2025-07-05
APP100752,30,Hessen,SUV,5,Vollkasko,Telefon,Student,643.16,344.51,0,1,0,0,0,1,61,4,16,0,0.535,0,0,0,0,2025-02-08
APP100753,56,Hessen,Transporter,4,Vollkasko,Online,Arbeitsuchend,498.61,1535.62,1,2,0,0,0,1,29,5,10,0,3.074,0,0,0,0,2025-08-10
APP100754,30,Baden-Württemberg,Kleinwagen,6,Haftpflicht,Telefon,Rentner,1572.35,0.0,0,0,0,0,0,0,10,0,17,0,0.0,0,0,0,0,2025-07-10
APP100755,77,NRW,Kleinwagen,12,Haftpflicht,Online,Angestellt,280.0,0.0,0,0,1,0,1,0,10,0,2,0,0.0,0,0,0,0,2025-01-28
APP100756,49,Berlin,SUV,1,Teilkasko,Makler,Angestellt,364.52,0.0,0,0,0,0,0,0,1,0,22,0,0.0,0,0,0,0,2025-12-06
APP100757,45,NRW,Kleinwagen,5,Haftpflicht,Online,Angestellt,648.52,639.42,0,2,1,0,1,0,13,5,23,0,0.984,0,0,0,0,2025-06-24
APP100758,31,NRW,Limousine,2,Haftpflicht,Online,Rentner,359.16,0.0,0,0,0,1,0,0,49,0,3,0,0.0,0,0,0,0,2025-08-25
APP100759,52,Sachsen,Kleinwagen,1,Haftpflicht,Online,Angestellt,625.0,0.0,0,0,1,0,0,0,1,0,12,0,0.0,0,0,0,0,2025-02-16
APP100760,35,Sachsen,Elektrofahrzeug,9,Teilkasko,Online,Student,480.47,1203.33,1,2,0,0,0,0,8,3,23,0,2.499,0,0,0,0,2025-04-20
APP100761,44,Hessen,SUV,6,Haftpflicht,Makler,Selbstständig,708.59,0.0,0,0,0,0,0,0,44,0,0,0,0.0,0,0,0,0,2025-07-08
APP100762,76,Niedersachsen,Transporter,1,Haftpflicht,Filiale,Student,306.28,0.0,0,0,0,0,0,0,54,0,18,0,0.0,0,0,0,0,2025-10-01
APP100763,41,Berlin,SUV,4,Haftpflicht,Partnerportal,Selbstständig,529.85,6049.54,0,2,0,1,0,0,21,1,19,1,11.396,0,0,0,0,2025-06-27
APP100764,57,NRW,Motorrad,2,Vollkasko,Online,Angestellt,599.28,1564.78,0,1,0,0,0,1,43,1,4,0,2.607,0,0,0,0,2025-04-03
APP100765,33,Bayern,Motorrad,4,Teilkasko,Makler,Angestellt,520.79,0.0,0,0,0,0,0,0,17,0,12,0,0.0,0,0,0,0,2025-04-01
APP100766,42,NRW,Kleinwagen,7,Teilkasko,Partnerportal,Freiberuflich,524.66,0.0,0,0,0,0,0,0,6,0,15,0,0.0,0,0,0,0,2025-09-02
APP100767,66,NRW,Transporter,7,Haftpflicht,Partnerportal,Freiberuflich,816.5,10319.1,2,2,0,0,0,1,18,5,15,1,12.623,0,1,0,0,2025-01-01
APP100768,34,Berlin,SUV,4,Vollkasko,Makler,Angestellt,280.0,1359.23,0,2,0,0,0,1,31,0,10,0,4.837,0,0,0,0,2025-02-04
APP100769,66,Sachsen,Transporter,9,Haftpflicht,Online,Arbeitsuchend,519.3,0.0,0,0,0,0,0,1,106,0,8,0,0.0,0,0,0,0,2025-09-18
APP100770,52,NRW,Elektrofahrzeug,11,Haftpflicht,Makler,Student,296.53,457.92,1,1,0,0,0,0,2,5,17,0,1.539,0,0,0,0,2025-04-26
APP100771,35,Niedersachsen,Limousine,8,Teilkasko,Telefon,Freiberuflich,677.36,256.72,1,2,0,0,0,0,25,4,14,0,0.378,0,0,0,0,2025-09-19
APP100772,51,Niedersachsen,SUV,3,Haftpflicht,Partnerportal,Angestellt,346.56,0.0,0,0,0,0,0,0,14,0,12,0,0.0,0,0,0,0,2025-03-01
APP100773,55,Niedersachsen,Transporter,4,Haftpflicht,Partnerportal,Angestellt,280.0,2114.23,1,2,0,0,0,0,25,1,6,0,7.524,0,0,0,0,2025-04-10
APP100774,51,Niedersachsen,Elektrofahrzeug,12,Teilkasko,Online,Angestellt,684.18,865.07,2,2,0,0,0,0,1,2,2,0,1.263,0,1,0,0,2025-05-13
APP100775,22,Niedersachsen,SUV,4,Vollkasko,Telefon,Student,440.22,0.0,0,0,0,0,0,0,13,0,11,0,0.0,0,0,0,0,2025-08-24
APP100776,33,Baden-Württemberg,Transporter,7,Haftpflicht,Online,Rentner,572.37,448.14,1,1,0,0,0,0,61,7,17,0,0.782,0,0,0,0,2025-06-09
APP100777,39,Baden-Württemberg,Motorrad,3,Vollkasko,Partnerportal,Angestellt,897.26,0.0,0,0,1,0,0,0,29,0,8,0,0.0,0,0,0,0,2025-09-12
APP100778,42,Bayern,Transporter,9,Teilkasko,Online,Selbstständig,575.93,0.0,0,0,0,0,0,0,21,0,2,0,0.0,0,0,0,0,2025-08-25
APP100779,51,Bayern,Elektrofahrzeug,3,Haftpflicht,Filiale,Angestellt,529.09,769.01,0,2,0,0,0,0,12,6,23,0,1.451,0,0,0,0,2025-04-05
APP100780,45,NRW,Kleinwagen,5,Haftpflicht,Online,Freiberuflich,483.06,5099.43,0,1,0,0,0,0,12,10,0,0,10.535,0,0,0,0,2025-02-09
APP100781,25,NRW,Elektrofahrzeug,7,Vollkasko,Online,Angestellt,304.34,594.94,0,1,0,0,1,0,17,11,20,0,1.948,0,0,0,0,2025-08-25
APP100782,47,NRW,Kleinwagen,13,Haftpflicht,Online,Freiberuflich,450.16,1542.18,1,1,0,0,0,0,64,4,20,0,3.418,0,0,0,0,2025-08-24
APP100783,50,NRW,SUV,6,Haftpflicht,Makler,Angestellt,1128.94,0.0,0,0,0,0,1,0,123,0,21,0,0.0,0,0,0,0,2025-10-25
APP100784,50,Baden-Württemberg,SUV,4,Haftpflicht,Telefon,Angestellt,420.91,0.0,0,0,0,0,0,0,20,0,6,0,0.0,0,0,0,0,2025-03-15
APP100785,57,Niedersachsen,Motorrad,4,Vollkasko,Makler,Student,461.5,1032.56,0,1,2,0,0,0,17,4,18,1,2.233,0,0,1,0,2025-08-11
APP100786,53,NRW,Limousine,9,Teilkasko,Online,Angestellt,835.45,0.0,0,0,0,0,0,0,67,0,11,0,0.0,0,0,0,0,2025-12-13
APP100787,48,NRW,Kleinwagen,6,Haftpflicht,Online,Freiberuflich,280.0,0.0,0,0,1,0,0,0,20,0,13,0,0.0,0,0,0,0,2025-01-29
APP100788,42,Baden-Württemberg,Transporter,7,Vollkasko,Online,Arbeitsuchend,639.35,0.0,0,0,0,0,0,0,28,0,12,0,0.0,0,0,0,0,2025-11-30
APP100789,21,Hessen,SUV,12,Teilkasko,Online,Angestellt,280.0,0.0,0,0,0,0,0,0,9,0,4,0,0.0,0,0,0,0,2025-01-23
APP100790,48,Bayern,Motorrad,5,Vollkasko,Online,Angestellt,582.69,0.0,0,0,0,0,0,1,48,0,11,0,0.0,0,0,0,0,2025-01-04
APP100791,45,NRW,Transporter,6,Teilkasko,Makler,Arbeitsuchend,488.13,0.0,0,0,1,0,0,0,27,0,7,0,0.0,0,0,0,0,2025-09-01
APP100792,46,Rheinland-Pfalz,Motorrad,4,Teilkasko,Telefon,Angestellt,637.28,1024.64,0,1,0,0,0,1,59,4,5,0,1.605,0,0,0,0,2025-02-03
APP100793,26,Sachsen,Motorrad,3,Haftpflicht,Online,Selbstständig,322.07,0.0,0,0,0,0,0,0,54,0,17,0,0.0,0,0,0,0,2025-04-15
APP100794,28,NRW,Transporter,3,Haftpflicht,Filiale,Rentner,393.58,468.9,0,2,1,0,0,1,8,2,6,0,1.188,0,0,0,0,2025-06-15
APP100795,56,Bayern,Limousine,0,Vollkasko,Partnerportal,Angestellt,651.26,0.0,0,0,0,0,0,0,45,0,18,0,0.0,0,0,0,0,2025-11-13
APP100796,42,Niedersachsen,Kleinwagen,7,Haftpflicht,Makler,Angestellt,397.77,643.46,1,2,1,0,0,0,57,4,14,0,1.614,0,0,0,0,2025-01-27
APP100797,51,Baden-Württemberg,Limousine,6,Teilkasko,Filiale,Selbstständig,676.76,444.7,1,2,0,0,0,0,15,4,9,0,0.656,0,0,0,0,2025-03-24
APP100798,43,Berlin,Transporter,7,Vollkasko,Telefon,Rentner,538.0,1356.23,1,4,0,0,0,1,6,4,8,0,2.516,0,0,0,0,2025-06-08
APP100799,43,Niedersachsen,Kleinwagen,3,Vollkasko,Online,Angestellt,408.62,7919.6,1,1,0,1,0,0,1,9,19,0,19.334,1,0,0,0,2025-11-29
APP100800,55,Berlin,Transporter,3,Haftpflicht,Online,Angestellt,431.62,238.81,1,1,0,0,0,0,21,8,15,0,0.552,0,0,0,0,2025-06-04
APP100801,36,Rheinland-Pfalz,SUV,3,Haftpflicht,Makler,Angestellt,493.47,1075.07,0,2,0,0,0,0,15,7,19,0,2.174,0,0,0,0,2025-06-20
APP100802,44,Niedersachsen,Motorrad,9,Haftpflicht,Makler,Rentner,449.22,1816.79,1,2,0,0,0,1,29,4,3,0,4.035,0,0,0,0,2025-04-06
APP100803,36,Niedersachsen,SUV,5,Haftpflicht,Makler,Freiberuflich,669.62,1247.13,1,1,0,0,0,0,7,4,9,0,1.86,0,0,0,0,2025-10-29
APP100804,37,NRW,Transporter,5,Vollkasko,Filiale,Angestellt,421.6,1676.78,0,1,1,1,0,0,70,7,9,0,3.968,0,0,0,0,2025-08-29
APP100805,38,Niedersachsen,Kleinwagen,8,Vollkasko,Partnerportal,Angestellt,387.35,658.31,1,1,1,0,0,0,10,3,7,0,1.695,0,0,0,0,2025-10-20
APP100806,45,Niedersachsen,Kleinwagen,3,Teilkasko,Makler,Angestellt,722.2,0.0,0,0,0,0,0,1,9,0,0,0,0.0,0,0,0,0,2025-05-01
APP100807,36,Hessen,Kleinwagen,6,Haftpflicht,Online,Angestellt,412.69,1068.32,1,5,0,0,0,0,23,7,2,0,2.582,0,0,0,0,2025-07-14
APP100808,59,Niedersachsen,Limousine,14,Teilkasko,Makler,Student,392.7,463.87,1,1,0,0,1,0,24,4,23,0,1.178,0,0,0,0,2025-08-19
APP100809,31,Bayern,Elektrofahrzeug,10,Vollkasko,Online,Angestellt,280.0,1166.8,0,2,0,0,0,1,8,4,11,0,4.152,0,0,0,0,2025-05-14
APP100810,40,Baden-Württemberg,Transporter,6,Haftpflicht,Online,Freiberuflich,318.43,870.93,0,2,0,1,0,0,11,3,6,0,2.727,0,0,0,0,2025-02-28
APP100811,37,Bayern,Limousine,5,Teilkasko,Online,Selbstständig,346.46,0.0,0,0,0,0,0,0,6,0,21,0,0.0,0,0,0,0,2025-05-11
APP100812,61,Rheinland-Pfalz,Elektrofahrzeug,7,Haftpflicht,Telefon,Selbstständig,392.74,1591.5,1,3,0,0,0,0,45,3,22,0,4.042,0,0,0,0,2025-01-27
APP100813,45,Rheinland-Pfalz,Transporter,11,Haftpflicht,Filiale,Angestellt,363.84,0.0,0,0,0,0,0,0,52,0,0,0,0.0,0,0,0,0,2025-09-02
APP100814,56,NRW,SUV,11,Haftpflicht,Online,Angestellt,744.63,0.0,0,0,1,0,0,0,22,0,23,0,0.0,0,0,0,0,2025-05-10
APP100815,23,Hessen,Limousine,12,Vollkasko,Telefon,Angestellt,355.82,8688.46,1,3,0,0,0,1,45,9,19,0,24.35,0,0,0,0,2025-11-16
APP100816,46,Hessen,SUV,6,Haftpflicht,Partnerportal,Rentner,367.14,0.0,0,0,0,0,0,0,47,0,0,0,0.0,0,0,0,0,2025-08-20
APP100817,54,Bayern,SUV,1,Teilkasko,Telefon,Student,526.04,3614.38,0,2,0,0,1,1,5,5,3,0,6.858,1,0,0,0,2025-06-21
APP100818,44,Hessen,Transporter,14,Haftpflicht,Online,Arbeitsuchend,310.22,1269.6,1,1,1,1,0,0,121,6,17,0,4.079,0,0,0,0,2025-03-17
APP100819,56,NRW,Kleinwagen,3,Haftpflicht,Online,Angestellt,950.39,0.0,0,0,0,0,0,0,61,0,4,0,0.0,0,0,0,0,2025-02-24
APP100820,36,Berlin,Motorrad,8,Haftpflicht,Online,Student,690.15,394.44,0,1,0,0,0,1,8,3,0,0,0.571,0,0,0,0,2025-08-27
APP100821,61,NRW,SUV,1,Vollkasko,Telefon,Freiberuflich,301.69,1364.75,0,1,0,0,0,0,7,8,0,0,4.509,0,0,0,0,2025-05-01
APP100822,72,Sachsen,Motorrad,5,Teilkasko,Filiale,Rentner,754.26,4168.82,0,1,0,0,0,0,4,13,4,0,5.52,1,0,0,0,2025-11-28
APP100823,38,Niedersachsen,Limousine,4,Vollkasko,Online,Angestellt,823.13,870.59,1,1,0,0,1,0,5,1,17,0,1.056,0,0,0,0,2025-07-11
APP100824,37,Bayern,Limousine,12,Teilkasko,Telefon,Student,305.0,1131.37,0,2,0,0,0,0,49,4,8,0,3.697,0,0,0,0,2025-01-10
APP100825,61,Bayern,Elektrofahrzeug,6,Haftpflicht,Makler,Selbstständig,302.06,2860.68,2,2,0,1,0,0,22,5,9,0,9.439,0,1,0,0,2025-10-18
APP100826,63,Niedersachsen,SUV,5,Haftpflicht,Partnerportal,Selbstständig,381.32,1619.29,0,1,0,0,0,1,54,3,6,0,4.235,0,0,0,0,2025-05-14
APP100827,36,Bayern,Limousine,7,Haftpflicht,Filiale,Selbstständig,280.0,318.48,0,1,1,0,0,0,49,3,14,0,1.133,0,0,0,0,2025-03-30
APP100828,37,Niedersachsen,Kleinwagen,0,Vollkasko,Filiale,Angestellt,355.06,1318.24,0,2,0,0,0,1,33,4,13,0,3.702,0,0,0,0,2025-09-12
APP100829,39,NRW,Limousine,3,Haftpflicht,Makler,Student,416.53,0.0,0,0,0,0,0,0,41,0,3,0,0.0,0,0,0,0,2025-07-01
APP100830,25,Berlin,Motorrad,3,Haftpflicht,Makler,Angestellt,608.95,1174.5,0,1,0,0,0,0,1,4,13,1,1.926,0,0,0,0,2025-08-10
APP100831,31,Hessen,Limousine,7,Teilkasko,Online,Angestellt,509.85,117.89,0,2,1,0,0,0,13,8,6,0,0.231,0,0,0,0,2025-07-26
APP100832,29,Sachsen,Motorrad,2,Haftpflicht,Online,Angestellt,463.05,0.0,0,0,0,0,0,0,36,0,7,0,0.0,0,0,0,0,2025-11-19
APP100833,33,NRW,Kleinwagen,6,Haftpflicht,Telefon,Angestellt,402.25,1023.84,0,1,0,0,0,0,1,0,23,0,2.539,0,0,0,0,2025-03-23
APP100834,42,Sachsen,Kleinwagen,5,Haftpflicht,Telefon,Angestellt,284.48,0.0,0,0,0,0,0,0,1,0,7,0,0.0,0,0,0,0,2025-04-30
APP100835,46,Bayern,SUV,3,Haftpflicht,Filiale,Freiberuflich,631.77,0.0,0,0,0,0,1,0,68,0,4,0,0.0,0,0,0,0,2025-11-08
APP100836,63,NRW,Motorrad,3,Haftpflicht,Makler,Freiberuflich,625.87,0.0,0,0,0,1,0,0,41,0,22,0,0.0,0,0,0,0,2025-12-03
APP100837,30,Hessen,Transporter,5,Teilkasko,Online,Rentner,380.29,0.0,0,0,0,1,0,0,11,0,10,0,0.0,0,0,0,0,2025-03-01
APP100838,55,NRW,SUV,1,Haftpflicht,Makler,Freiberuflich,310.29,0.0,0,0,0,0,0,0,41,0,22,0,0.0,0,0,0,0,2025-09-27
APP100839,40,Baden-Württemberg,SUV,8,Teilkasko,Filiale,Rentner,947.25,1175.8,0,1,0,0,1,0,56,5,1,0,1.24,0,0,0,0,2025-06-23
APP100840,42,Bayern,Limousine,3,Teilkasko,Online,Angestellt,546.55,700.94,0,1,0,1,0,0,13,1,14,0,1.28,0,0,0,0,2025-09-29
APP100841,51,Bayern,SUV,4,Vollkasko,Online,Angestellt,582.15,1319.54,0,1,0,0,0,0,1,9,18,0,2.263,0,0,0,0,2025-10-10
APP100842,28,Bayern,Kleinwagen,12,Vollkasko,Makler,Angestellt,592.8,1020.13,2,4,0,0,0,0,97,7,17,0,1.718,0,1,0,0,2025-08-23
APP100843,47,Bayern,Elektrofahrzeug,8,Haftpflicht,Makler,Angestellt,297.36,437.03,1,2,0,0,0,0,15,5,14,0,1.465,0,0,0,0,2025-03-02
APP100844,45,Bayern,SUV,2,Vollkasko,Filiale,Angestellt,924.91,784.84,0,1,0,0,1,0,4,6,18,0,0.848,0,0,0,0,2025-10-08
APP100845,49,Berlin,SUV,0,Vollkasko,Makler,Selbstständig,415.94,1765.77,1,1,0,0,0,0,24,3,6,1,4.235,0,0,0,0,2025-06-27
APP100846,46,Bayern,Kleinwagen,7,Teilkasko,Partnerportal,Angestellt,695.94,0.0,0,0,0,0,0,0,52,0,3,0,0.0,0,0,0,0,2025-02-27
APP100847,74,Hessen,Limousine,4,Teilkasko,Makler,Arbeitsuchend,909.18,1130.42,0,1,0,0,0,0,9,4,13,0,1.242,0,0,0,0,2025-03-19
APP100848,34,Niedersachsen,Transporter,6,Vollkasko,Online,Angestellt,509.88,6290.38,0,1,0,0,0,0,11,6,7,0,12.313,0,0,0,0,2025-05-13
APP100849,36,NRW,Kleinwagen,8,Teilkasko,Online,Freiberuflich,300.0,0.0,0,0,0,0,0,1,10,0,22,0,0.0,0,0,0,0,2025-11-06
APP100850,34,Bayern,Kleinwagen,8,Teilkasko,Filiale,Freiberuflich,280.0,2501.32,0,3,0,0,0,0,172,11,9,0,8.901,0,0,0,0,2025-10-20
APP100851,35,Rheinland-Pfalz,Limousine,4,Teilkasko,Makler,Angestellt,484.86,1052.5,0,2,1,0,0,0,7,5,12,0,2.166,0,0,0,0,2025-11-26
APP100852,34,Niedersachsen,Transporter,4,Haftpflicht,Makler,Rentner,547.33,0.0,0,0,1,0,0,0,30,0,5,0,0.0,0,0,0,0,2025-01-10
APP100853,58,Niedersachsen,Motorrad,6,Teilkasko,Telefon,Freiberuflich,386.09,0.0,0,0,1,0,0,0,93,0,3,0,0.0,0,0,0,0,2025-09-22
APP100854,61,Baden-Württemberg,Limousine,6,Haftpflicht,Makler,Freiberuflich,521.65,2347.06,2,2,2,0,0,0,5,6,4,1,4.491,0,1,1,0,2025-11-30
APP100855,35,Baden-Württemberg,Transporter,5,Haftpflicht,Online,Arbeitsuchend,590.37,1103.41,0,2,0,0,0,0,127,6,9,0,1.866,0,0,0,0,2025-10-16
APP100856,32,Bayern,Limousine,11,Vollkasko,Makler,Arbeitsuchend,748.03,1464.14,1,3,0,1,0,0,106,7,23,0,1.955,0,0,0,0,2025-03-11
APP100857,49,Bayern,SUV,6,Haftpflicht,Makler,Angestellt,447.65,0.0,0,0,0,0,0,0,77,0,12,0,0.0,0,0,0,0,2025-02-26
APP100858,35,Sachsen,Kleinwagen,8,Teilkasko,Online,Angestellt,483.45,1193.4,0,1,0,0,0,1,8,6,18,0,2.463,0,0,0,0,2025-01-26
APP100859,51,Berlin,Transporter,6,Haftpflicht,Online,Angestellt,457.14,14727.32,1,2,0,1,0,0,36,6,10,0,32.146,0,0,0,0,2025-06-16
APP100860,45,Hessen,Transporter,2,Haftpflicht,Telefon,Angestellt,499.75,687.71,0,1,1,0,1,0,51,6,18,0,1.373,0,0,0,0,2025-06-21
APP100861,23,Hessen,Kleinwagen,3,Haftpflicht,Partnerportal,Angestellt,397.21,682.42,0,1,1,0,0,1,153,4,4,0,1.714,0,0,0,0,2025-11-16
APP100862,63,Niedersachsen,Limousine,2,Vollkasko,Online,Angestellt,396.41,0.0,0,0,0,0,1,0,7,0,4,0,0.0,0,0,0,0,2025-07-14
APP100863,66,Sachsen,SUV,9,Vollkasko,Online,Student,407.03,0.0,0,0,0,0,1,0,52,0,0,0,0.0,0,0,0,0,2025-02-17
APP100864,35,Niedersachsen,Transporter,1,Vollkasko,Online,Angestellt,526.17,0.0,0,0,0,0,0,0,14,0,20,0,0.0,0,0,0,0,2025-02-09
APP100865,37,Sachsen,Motorrad,4,Vollkasko,Partnerportal,Freiberuflich,345.2,0.0,0,0,0,0,0,1,6,0,8,0,0.0,0,0,0,0,2025-06-23
APP100866,46,Hessen,Transporter,4,Vollkasko,Makler,Angestellt,407.72,1840.56,0,1,0,0,0,1,19,0,6,0,4.503,0,0,0,0,2025-12-18
APP100867,47,Hessen,Kleinwagen,4,Teilkasko,Partnerportal,Angestellt,1053.22,1860.53,0,1,0,1,1,0,56,5,8,0,1.765,0,0,0,0,2025-09-16
APP100868,51,Bayern,Limousine,4,Haftpflicht,Telefon,Angestellt,718.01,927.12,2,5,1,0,0,0,22,4,9,0,1.289,0,1,0,0,2025-09-10
APP100869,69,Rheinland-Pfalz,Kleinwagen,12,Vollkasko,Makler,Angestellt,329.65,0.0,0,0,1,0,0,1,27,0,20,0,0.0,0,0,0,0,2025-07-30
APP100870,40,Sachsen,SUV,1,Vollkasko,Telefon,Student,708.51,249.78,0,1,0,0,0,0,180,4,2,0,0.352,0,0,0,0,2025-09-17
APP100871,32,Berlin,SUV,10,Teilkasko,Online,Arbeitsuchend,641.3,0.0,0,0,0,0,0,0,18,0,17,0,0.0,0,0,0,0,2025-09-12
APP100872,25,Hessen,Kleinwagen,4,Haftpflicht,Online,Selbstständig,471.71,1048.92,1,1,1,0,0,0,34,7,8,0,2.219,0,0,0,0,2025-05-20
APP100873,33,Berlin,Transporter,8,Haftpflicht,Online,Selbstständig,366.01,447.45,0,2,2,0,0,0,16,5,4,0,1.219,0,0,1,0,2025-09-08
APP100874,42,Baden-Württemberg,Kleinwagen,5,Teilkasko,Online,Freiberuflich,348.96,274.13,1,1,0,1,0,0,17,8,10,0,0.783,0,0,0,0,2025-08-28
APP100875,66,Sachsen,Motorrad,2,Teilkasko,Partnerportal,Angestellt,541.32,0.0,0,0,1,0,0,0,42,0,0,0,0.0,0,0,0,0,2025-05-11
APP100876,36,Sachsen,Motorrad,11,Haftpflicht,Makler,Angestellt,345.36,2186.19,0,2,0,0,0,0,100,5,1,0,6.312,0,0,0,0,2025-01-03
APP100877,45,NRW,Transporter,10,Vollkasko,Online,Angestellt,781.2,3603.97,0,1,0,1,0,0,28,6,17,0,4.607,0,0,0,0,2025-05-05
APP100878,42,Sachsen,Limousine,2,Teilkasko,Online,Angestellt,880.01,761.13,1,1,0,0,0,0,52,4,19,0,0.864,0,0,0,0,2025-08-19
APP100879,58,NRW,Limousine,7,Teilkasko,Makler,Freiberuflich,483.97,0.0,0,0,1,0,0,0,3,0,13,0,0.0,0,0,0,0,2025-10-25
APP100880,75,NRW,Limousine,3,Teilkasko,Makler,Arbeitsuchend,794.96,0.0,0,0,0,0,0,0,8,0,21,0,0.0,0,0,0,0,2025-09-06
APP100881,36,Rheinland-Pfalz,SUV,1,Haftpflicht,Partnerportal,Student,414.53,0.0,0,0,1,0,0,1,25,0,7,0,0.0,0,0,0,0,2025-05-27
APP100882,36,Bayern,Kleinwagen,3,Vollkasko,Filiale,Student,365.03,899.95,0,2,0,0,0,0,1,9,18,0,2.459,0,0,0,0,2025-06-05
APP100883,56,Baden-Württemberg,Elektrofahrzeug,11,Haftpflicht,Online,Rentner,782.2,262.77,0,2,0,1,0,0,10,7,13,0,0.336,0,0,0,0,2025-10-21
APP100884,51,Hessen,SUV,8,Vollkasko,Online,Angestellt,956.75,1286.47,0,2,1,0,0,0,26,3,13,0,1.343,0,0,0,0,2025-04-27
APP100885,67,NRW,Kleinwagen,4,Haftpflicht,Filiale,Student,1123.86,0.0,0,0,0,0,1,0,1,0,21,0,0.0,0,0,0,0,2025-05-17
APP100886,50,NRW,Elektrofahrzeug,11,Haftpflicht,Online,Angestellt,566.63,655.25,1,2,0,0,0,0,11,7,19,0,1.154,0,0,0,0,2025-07-03
APP100887,38,NRW,SUV,10,Haftpflicht,Partnerportal,Selbstständig,707.75,0.0,0,0,0,0,0,0,25,0,7,0,0.0,0,0,0,0,2025-04-20
APP100888,50,Sachsen,Elektrofahrzeug,3,Haftpflicht,Filiale,Angestellt,561.41,908.61,0,1,0,0,0,0,30,5,8,0,1.616,0,0,0,0,2025-05-15
APP100889,57,Hessen,Limousine,12,Vollkasko,Makler,Angestellt,888.4,1366.93,1,1,0,0,0,0,93,3,13,0,1.537,0,0,0,0,2025-04-11
APP100890,53,Sachsen,Kleinwagen,4,Vollkasko,Filiale,Selbstständig,591.1,2203.24,1,3,0,0,0,0,37,6,11,0,3.721,0,0,0,0,2025-04-26
APP100891,49,NRW,Transporter,4,Vollkasko,Online,Angestellt,691.0,886.63,2,3,0,0,0,1,19,2,12,0,1.281,0,1,0,0,2025-04-29
APP100892,56,Baden-Württemberg,Limousine,1,Vollkasko,Makler,Selbstständig,305.86,1696.53,1,1,0,0,0,0,95,5,5,0,5.529,0,0,0,0,2025-07-23
APP100893,58,Niedersachsen,Motorrad,3,Vollkasko,Makler,Selbstständig,447.16,0.0,0,0,1,0,0,0,55,0,13,0,0.0,0,0,0,0,2025-02-23
APP100894,60,Bayern,Limousine,4,Teilkasko,Makler,Angestellt,693.48,2684.29,0,1,0,0,1,0,8,4,14,0,3.865,0,0,0,0,2025-01-28
APP100895,51,Baden-Württemberg,Limousine,6,Vollkasko,Online,Selbstständig,667.85,1032.46,0,1,0,0,0,0,5,8,1,0,1.544,0,0,0,0,2025-08-28
APP100896,40,Baden-Württemberg,Elektrofahrzeug,2,Haftpflicht,Makler,Angestellt,718.77,1133.33,1,1,0,0,1,0,40,8,17,0,1.575,0,0,0,0,2025-09-13
APP100897,44,Bayern,Motorrad,3,Haftpflicht,Partnerportal,Freiberuflich,518.36,881.62,0,3,0,0,1,0,29,8,9,0,1.698,0,0,0,0,2025-06-05
APP100898,58,Rheinland-Pfalz,Kleinwagen,12,Haftpflicht,Online,Angestellt,374.71,1055.84,0,1,0,0,0,0,56,3,20,0,2.81,0,0,0,0,2025-01-25
APP100899,32,NRW,SUV,9,Haftpflicht,Online,Angestellt,480.7,0.0,0,0,0,1,0,0,48,0,6,0,0.0,0,0,0,0,2025-09-11
APP100900,47,Baden-Württemberg,Kleinwagen,10,Haftpflicht,Online,Rentner,502.58,572.37,0,1,1,0,0,1,35,8,21,0,1.137,0,0,0,0,2025-12-13
APP100901,37,NRW,Kleinwagen,5,Haftpflicht,Makler,Arbeitsuchend,545.41,0.0,0,0,0,0,0,0,154,0,4,0,0.0,0,0,0,0,2025-04-09
APP100902,43,Bayern,Motorrad,6,Teilkasko,Makler,Angestellt,328.16,482.64,1,3,0,0,0,0,27,7,7,0,1.466,0,0,0,0,2025-07-26
APP100903,59,Sachsen,Elektrofahrzeug,7,Teilkasko,Makler,Arbeitsuchend,440.69,924.03,0,2,0,0,0,0,4,8,19,0,2.092,0,0,0,0,2025-06-26
APP100904,45,Baden-Württemberg,Transporter,12,Teilkasko,Partnerportal,Student,474.74,2872.8,1,2,1,0,0,0,63,5,12,0,6.039,0,0,0,0,2025-08-15
APP100905,43,Bayern,Elektrofahrzeug,1,Vollkasko,Telefon,Freiberuflich,280.0,0.0,0,0,0,0,0,1,10,0,6,0,0.0,0,0,0,0,2025-03-03
APP100906,25,Niedersachsen,Kleinwagen,3,Vollkasko,Makler,Angestellt,699.0,2451.44,0,1,0,0,0,0,54,6,17,0,3.502,0,0,0,0,2025-06-19
APP100907,52,Baden-Württemberg,Limousine,6,Teilkasko,Online,Student,527.89,0.0,0,0,1,0,0,0,113,0,8,0,0.0,0,0,0,0,2025-03-28
APP100908,51,NRW,Kleinwagen,5,Haftpflicht,Makler,Freiberuflich,550.83,495.97,1,1,0,0,1,0,42,0,11,0,0.899,0,0,0,0,2025-01-27
APP100909,71,Sachsen,Transporter,3,Teilkasko,Online,Arbeitsuchend,396.82,0.0,0,0,0,0,1,0,32,0,23,0,0.0,0,0,0,0,2025-08-18
APP100910,38,Niedersachsen,Motorrad,7,Teilkasko,Online,Angestellt,630.32,0.0,0,0,0,0,0,0,22,0,16,0,0.0,0,0,0,0,2025-01-08
APP100911,45,Berlin,Limousine,3,Haftpflicht,Partnerportal,Freiberuflich,347.44,461.12,0,1,0,0,0,0,16,5,9,0,1.323,0,0,0,0,2025-07-09
APP100912,46,Baden-Württemberg,Motorrad,5,Haftpflicht,Makler,Student,371.14,2287.26,2,3,0,0,0,0,15,3,6,0,6.146,0,1,0,0,2025-01-04
APP100913,63,NRW,Motorrad,7,Haftpflicht,Partnerportal,Arbeitsuchend,641.56,0.0,0,0,0,0,0,0,36,0,20,0,0.0,0,0,0,0,2025-02-23
APP100914,41,Sachsen,Kleinwagen,4,Vollkasko,Telefon,Angestellt,572.5,3713.67,0,1,0,1,0,0,50,6,4,0,6.475,0,0,0,0,2025-06-25
APP100915,46,Berlin,Limousine,8,Haftpflicht,Makler,Angestellt,288.13,7909.07,0,1,0,0,0,2,40,4,22,0,27.355,0,0,0,1,2025-11-13
APP100916,50,NRW,Kleinwagen,9,Teilkasko,Telefon,Angestellt,955.75,289.01,0,2,0,0,0,0,7,4,14,0,0.302,0,0,0,0,2025-05-26
APP100917,45,NRW,SUV,3,Vollkasko,Filiale,Freiberuflich,358.32,0.0,0,0,0,0,0,0,24,0,15,0,0.0,0,0,0,0,2025-09-06
APP100918,37,Baden-Württemberg,Limousine,3,Vollkasko,Online,Angestellt,466.06,2338.26,0,1,0,0,0,1,56,3,15,0,5.006,0,0,0,0,2025-04-19
APP100919,45,Hessen,SUV,2,Teilkasko,Makler,Arbeitsuchend,1026.23,1874.48,1,2,0,1,0,1,23,3,9,0,1.825,0,0,0,0,2025-10-01
APP100920,56,Hessen,Motorrad,5,Teilkasko,Filiale,Angestellt,280.0,0.0,0,0,0,0,0,0,27,0,13,0,0.0,0,0,0,0,2025-01-29
APP100921,29,Rheinland-Pfalz,Limousine,6,Haftpflicht,Filiale,Angestellt,280.0,744.2,0,1,0,1,0,0,53,5,19,0,2.648,0,0,0,0,2025-05-29
APP100922,44,Hessen,Elektrofahrzeug,4,Teilkasko,Partnerportal,Student,593.25,0.0,0,0,0,0,0,0,38,0,16,0,0.0,0,0,0,0,2025-11-06
APP100923,33,Baden-Württemberg,Limousine,6,Teilkasko,Filiale,Angestellt,280.0,0.0,0,0,0,0,0,0,18,0,5,0,0.0,0,0,0,0,2025-04-01
APP100924,58,NRW,Kleinwagen,3,Haftpflicht,Online,Angestellt,280.0,0.0,0,0,1,0,0,0,81,0,0,0,0.0,0,0,0,0,2025-02-16
APP100925,23,Niedersachsen,SUV,3,Haftpflicht,Online,Angestellt,807.2,977.33,0,2,0,1,1,0,6,2,10,0,1.209,0,0,0,0,2025-07-13
APP100926,35,NRW,Limousine,6,Vollkasko,Online,Angestellt,415.0,435.71,0,1,0,0,0,0,180,2,0,0,1.047,0,0,0,0,2025-11-20
APP100927,47,Hessen,Kleinwagen,4,Haftpflicht,Online,Angestellt,1239.37,4685.84,1,2,0,0,0,0,4,5,11,0,3.778,1,0,0,0,2025-07-23
APP100928,63,Berlin,Kleinwagen,5,Vollkasko,Online,Angestellt,319.07,0.0,0,0,0,0,0,1,1,0,23,0,0.0,0,0,0,0,2025-03-21
APP100929,42,Rheinland-Pfalz,Transporter,6,Haftpflicht,Filiale,Arbeitsuchend,431.06,1842.01,0,1,0,1,1,1,79,3,19,0,4.263,0,0,0,0,2025-03-30
APP100930,35,Baden-Württemberg,Elektrofahrzeug,6,Haftpflicht,Makler,Rentner,618.36,0.0,0,0,0,0,0,0,10,0,14,0,0.0,0,0,0,0,2025-05-31
APP100931,67,Rheinland-Pfalz,Limousine,3,Teilkasko,Filiale,Freiberuflich,600.67,718.32,1,3,0,0,0,0,47,4,4,0,1.194,0,0,0,0,2025-09-30
APP100932,24,Berlin,Kleinwagen,9,Haftpflicht,Makler,Angestellt,442.72,238.96,0,1,0,0,1,0,59,6,9,0,0.539,0,0,0,0,2025-11-13
APP100933,18,Bayern,Transporter,1,Teilkasko,Online,Freiberuflich,375.27,2015.15,1,1,0,0,0,0,70,6,16,0,5.356,0,0,0,0,2025-06-29
APP100934,48,Niedersachsen,Motorrad,0,Teilkasko,Makler,Selbstständig,543.03,0.0,0,0,0,0,0,0,172,0,9,1,0.0,0,0,0,0,2025-02-11
APP100935,36,Niedersachsen,Limousine,7,Vollkasko,Online,Angestellt,878.57,556.37,0,1,0,0,0,1,12,8,6,0,0.633,0,0,0,0,2025-02-20
APP100936,29,Bayern,Kleinwagen,6,Vollkasko,Telefon,Angestellt,678.84,325.89,0,2,0,0,0,0,44,5,17,0,0.479,0,0,0,0,2025-08-26
APP100937,52,Sachsen,Limousine,2,Vollkasko,Filiale,Angestellt,377.8,2399.03,1,1,0,0,0,1,4,5,5,0,6.333,0,0,0,0,2025-07-04
APP100938,46,Berlin,Elektrofahrzeug,5,Haftpflicht,Online,Angestellt,324.88,0.0,0,0,0,0,0,0,18,0,8,0,0.0,0,0,0,0,2025-10-19
APP100939,35,NRW,Limousine,3,Haftpflicht,Filiale,Rentner,368.35,3417.29,0,1,0,0,0,0,67,6,1,0,9.252,0,0,0,0,2025-09-15
APP100940,26,Hessen,SUV,7,Haftpflicht,Online,Freiberuflich,288.6,561.87,0,3,1,0,1,0,16,6,21,0,1.94,0,0,0,0,2025-10-06
APP100941,54,Hessen,Kleinwagen,0,Vollkasko,Makler,Freiberuflich,524.22,474.47,0,3,1,0,1,0,32,7,11,0,0.903,0,0,0,0,2025-07-07
APP100942,51,Rheinland-Pfalz,Limousine,4,Teilkasko,Online,Angestellt,693.53,0.0,0,0,0,0,0,0,25,0,4,0,0.0,0,0,0,0,2025-07-06
APP100943,41,Sachsen,Kleinwagen,3,Haftpflicht,Filiale,Student,478.2,501.49,0,2,0,0,0,0,37,9,14,0,1.047,0,0,0,0,2025-07-13
APP100944,67,Berlin,Kleinwagen,8,Haftpflicht,Makler,Selbstständig,1014.65,0.0,0,0,0,1,0,0,129,0,12,0,0.0,0,0,0,0,2025-02-12
APP100945,29,Baden-Württemberg,Kleinwagen,1,Vollkasko,Partnerportal,Freiberuflich,1038.65,1637.43,1,2,1,0,0,0,2,5,1,0,1.575,0,0,0,0,2025-07-21
APP100946,23,Hessen,Limousine,5,Vollkasko,Online,Freiberuflich,560.74,0.0,0,0,0,0,0,0,30,0,14,0,0.0,0,0,0,0,2025-04-17
APP100947,34,Baden-Württemberg,SUV,7,Vollkasko,Filiale,Angestellt,661.7,4895.42,0,3,1,0,0,0,71,4,13,0,7.387,0,0,0,0,2025-03-14
APP100948,42,Niedersachsen,Limousine,13,Vollkasko,Filiale,Selbstständig,337.58,1257.77,2,2,1,0,0,0,23,1,8,0,3.715,0,1,0,0,2025-08-09
APP100949,46,Baden-Württemberg,Limousine,3,Teilkasko,Makler,Selbstständig,423.46,0.0,0,0,0,0,0,0,2,0,15,0,0.0,0,0,0,0,2025-03-31
APP100950,39,Niedersachsen,Transporter,6,Vollkasko,Partnerportal,Rentner,840.8,510.47,1,1,0,1,0,0,29,2,1,0,0.606,0,0,0,0,2025-04-30
APP100951,47,Berlin,Kleinwagen,1,Teilkasko,Online,Angestellt,386.34,0.0,0,0,0,0,0,0,14,0,0,0,0.0,0,0,0,0,2025-06-13
APP100952,26,Hessen,Kleinwagen,5,Teilkasko,Partnerportal,Student,920.3,2020.09,0,1,0,0,2,0,6,6,8,0,2.193,0,0,0,1,2025-11-12
APP100953,61,NRW,Limousine,10,Vollkasko,Online,Rentner,786.25,3939.32,1,3,0,0,0,1,68,5,23,0,5.004,0,0,0,0,2025-08-09
APP100954,41,Hessen,Elektrofahrzeug,14,Haftpflicht,Online,Angestellt,675.65,678.35,2,4,0,0,0,0,26,5,19,0,1.003,0,1,0,0,2025-01-21
APP100955,57,Berlin,Kleinwagen,6,Teilkasko,Online,Angestellt,301.11,0.0,0,0,0,0,0,0,97,0,13,0,0.0,0,0,0,0,2025-04-07
APP100956,47,NRW,Kleinwagen,1,Vollkasko,Filiale,Arbeitsuchend,432.23,1741.64,0,1,0,0,0,1,59,4,1,0,4.02,0,0,0,0,2025-12-22
APP100957,48,Baden-Württemberg,Kleinwagen,11,Vollkasko,Filiale,Angestellt,645.85,2188.51,1,2,1,0,1,0,42,7,0,0,3.383,0,0,0,0,2025-12-19
APP100958,50,Hessen,Limousine,1,Vollkasko,Makler,Freiberuflich,325.7,3159.56,1,2,0,0,0,0,1,3,9,0,9.671,0,0,0,0,2025-01-04
APP100959,48,Sachsen,SUV,2,Vollkasko,Online,Selbstständig,454.94,0.0,0,0,0,1,0,0,20,0,22,0,0.0,0,0,0,0,2025-06-10
APP100960,51,Sachsen,Elektrofahrzeug,11,Teilkasko,Filiale,Angestellt,675.8,1099.88,0,1,0,0,0,0,7,6,21,0,1.625,0,0,0,0,2025-05-22
APP100961,60,Niedersachsen,Transporter,5,Haftpflicht,Online,Freiberuflich,388.14,0.0,0,0,0,0,0,1,87,0,18,0,0.0,0,0,0,0,2025-03-29
APP100962,45,Bayern,Limousine,3,Vollkasko,Filiale,Arbeitsuchend,345.33,1158.96,1,1,0,0,0,0,6,4,17,0,3.346,0,0,0,0,2025-11-16
APP100963,52,Hessen,SUV,7,Haftpflicht,Online,Rentner,280.0,2194.41,0,2,1,1,0,0,12,4,23,0,7.809,0,0,0,0,2025-07-09
APP100964,41,NRW,SUV,5,Haftpflicht,Online,Angestellt,418.89,297.1,0,1,1,0,0,0,26,3,19,0,0.708,0,0,0,0,2025-03-30
APP100965,61,NRW,Kleinwagen,9,Haftpflicht,Filiale,Angestellt,681.8,0.0,0,0,0,1,0,0,11,0,21,0,0.0,0,0,0,0,2025-05-15
APP100966,34,Berlin,Limousine,6,Haftpflicht,Partnerportal,Selbstständig,341.51,460.22,0,2,0,0,0,0,8,2,19,0,1.344,0,0,0,0,2025-09-18
APP100967,66,Hessen,Limousine,6,Teilkasko,Online,Angestellt,496.46,0.0,0,0,1,0,0,0,32,0,10,0,0.0,0,0,0,0,2025-01-13
APP100968,42,Bayern,Kleinwagen,9,Vollkasko,Filiale,Student,448.47,3488.93,1,2,0,0,0,1,3,5,8,0,7.762,0,0,0,0,2025-09-04
APP100969,24,Baden-Württemberg,Kleinwagen,5,Vollkasko,Online,Angestellt,372.42,1601.68,0,1,0,0,0,0,2,1,14,0,4.289,0,0,0,0,2025-09-07
APP100970,44,NRW,Kleinwagen,2,Haftpflicht,Partnerportal,Arbeitsuchend,700.53,1617.44,0,1,0,0,0,0,16,8,15,0,2.306,0,0,0,0,2025-03-25
APP100971,34,Hessen,Motorrad,8,Vollkasko,Makler,Freiberuflich,982.16,0.0,0,0,0,0,0,0,45,0,12,0,0.0,0,0,0,0,2025-04-27
APP100972,53,Sachsen,Limousine,4,Vollkasko,Filiale,Freiberuflich,751.31,498.96,0,2,0,0,0,0,29,1,20,0,0.663,0,0,0,0,2025-04-01
APP100973,34,Baden-Württemberg,SUV,6,Haftpflicht,Online,Freiberuflich,367.86,2697.47,0,1,0,0,0,0,19,2,5,0,7.313,0,0,0,0,2025-09-20
APP100974,37,Berlin,Limousine,1,Teilkasko,Partnerportal,Freiberuflich,1137.73,0.0,0,0,0,0,0,0,30,0,14,0,0.0,0,0,0,0,2025-06-11
APP100975,18,NRW,Kleinwagen,4,Teilkasko,Makler,Angestellt,750.39,795.78,0,2,0,0,0,0,16,7,14,0,1.059,0,0,0,0,2025-05-29
APP100976,37,Hessen,Limousine,3,Haftpflicht,Online,Rentner,406.63,2750.01,0,1,0,0,0,0,99,4,21,0,6.746,0,0,0,0,2025-07-07
APP100977,18,Berlin,Kleinwagen,1,Vollkasko,Makler,Angestellt,355.8,496.5,2,4,0,1,0,0,2,2,17,0,1.392,0,1,0,0,2025-12-04
APP100978,22,Bayern,Transporter,5,Teilkasko,Online,Freiberuflich,789.06,1523.63,0,1,1,0,0,0,40,6,10,0,1.928,0,0,0,0,2025-07-05
APP100979,52,NRW,Elektrofahrzeug,5,Haftpflicht,Online,Student,530.06,0.0,0,0,0,0,0,0,79,0,0,0,0.0,0,0,0,0,2025-02-25
APP100980,53,Sachsen,Limousine,6,Teilkasko,Online,Angestellt,344.7,1209.2,0,2,0,0,0,1,58,7,13,0,3.498,0,0,0,0,2025-08-01
APP100981,48,Niedersachsen,Motorrad,10,Teilkasko,Online,Rentner,463.03,780.03,1,2,0,0,0,0,7,3,1,0,1.681,0,0,0,0,2025-05-28
APP100982,30,Berlin,Limousine,9,Vollkasko,Partnerportal,Angestellt,415.29,0.0,0,0,1,0,0,1,12,0,1,0,0.0,0,0,0,0,2025-11-02
APP100983,42,Niedersachsen,Limousine,3,Haftpflicht,Makler,Arbeitsuchend,348.59,484.63,0,3,0,0,0,0,45,6,19,0,1.386,0,0,0,0,2025-11-06
APP100984,42,Hessen,SUV,5,Vollkasko,Online,Student,754.55,1826.7,0,2,0,0,0,0,3,4,9,0,2.418,0,0,0,0,2025-02-09
APP100985,27,NRW,Motorrad,7,Haftpflicht,Telefon,Angestellt,684.25,0.0,0,0,0,0,0,1,60,0,15,0,0.0,0,0,0,0,2025-06-01
APP100986,62,Sachsen,Elektrofahrzeug,4,Haftpflicht,Partnerportal,Selbstständig,700.78,2761.23,1,2,0,0,0,1,45,5,2,0,3.935,0,0,0,0,2025-03-26
APP100987,54,Hessen,Transporter,1,Teilkasko,Online,Rentner,696.7,0.0,0,0,2,0,0,0,47,0,13,0,0.0,0,0,1,0,2025-04-18
APP100988,40,Rheinland-Pfalz,Motorrad,4,Vollkasko,Online,Rentner,335.38,492.91,0,3,0,0,0,0,3,5,22,0,1.465,0,0,0,0,2025-11-10
APP100989,43,Hessen,SUV,10,Vollkasko,Online,Arbeitsuchend,382.39,990.15,0,2,0,0,0,0,45,7,6,0,2.583,0,0,0,0,2025-10-14
APP100990,45,Bayern,Motorrad,1,Haftpflicht,Filiale,Angestellt,909.26,0.0,0,0,0,0,0,0,40,0,18,0,0.0,0,0,0,0,2025-04-28
APP100991,18,Sachsen,SUV,2,Haftpflicht,Makler,Selbstständig,515.62,0.0,0,0,0,0,0,1,63,0,18,0,0.0,0,0,0,0,2025-06-27
APP100992,39,Baden-Württemberg,Transporter,3,Haftpflicht,Telefon,Angestellt,280.0,0.0,0,0,0,0,0,0,1,0,22,0,0.0,0,0,0,0,2025-05-18
APP100993,34,Hessen,Transporter,2,Teilkasko,Online,Angestellt,539.76,958.36,1,1,0,0,1,0,1,6,18,0,1.772,0,0,0,0,2025-03-25
APP100994,29,Bayern,Transporter,7,Haftpflicht,Partnerportal,Angestellt,648.73,0.0,0,0,0,0,1,0,16,0,2,0,0.0,0,0,0,0,2025-09-27
APP100995,39,Hessen,Kleinwagen,3,Vollkasko,Online,Angestellt,614.06,1866.89,1,1,0,0,0,0,5,6,12,1,3.035,0,0,0,0,2025-01-19
APP100996,66,Niedersachsen,Kleinwagen,8,Vollkasko,Makler,Student,332.32,0.0,0,0,1,0,0,1,29,0,18,0,0.0,0,0,0,0,2025-01-30
APP100997,51,Niedersachsen,SUV,5,Vollkasko,Telefon,Freiberuflich,1088.36,3534.01,1,2,1,0,0,0,89,5,13,0,3.244,0,0,0,0,2025-11-09
APP100998,35,Niedersachsen,SUV,1,Haftpflicht,Filiale,Angestellt,280.0,570.16,1,2,0,0,0,1,17,8,7,1,2.029,0,0,0,0,2025-09-29
APP100999,50,Bayern,Transporter,4,Vollkasko,Filiale,Selbstständig,516.24,2811.46,0,3,0,0,0,1,67,6,22,0,5.436,0,0,0,0,2025-01-22
APP101000,61,Bayern,Kleinwagen,9,Haftpflicht,Online,Angestellt,1021.83,4431.56,0,1,0,1,0,0,1,5,7,0,4.333,1,0,0,0,2025-11-06
APP101001,55,Hessen,Elektrofahrzeug,5,Haftpflicht,Telefon,Rentner,631.75,4459.94,2,5,0,0,1,0,6,5,16,0,7.049,0,1,0,0,2025-03-25
APP101002,43,Berlin,Transporter,4,Haftpflicht,Online,Freiberuflich,700.09,2807.03,0,1,1,0,0,1,1,7,20,0,4.004,0,0,0,0,2025-11-22
APP101003,34,Niedersachsen,Kleinwagen,10,Haftpflicht,Online,Selbstständig,316.61,2758.37,0,1,0,0,0,0,14,7,4,0,8.685,0,0,0,0,2025-04-19
APP101004,52,Niedersachsen,SUV,2,Haftpflicht,Makler,Angestellt,570.07,937.05,1,1,0,0,0,0,85,4,4,0,1.641,0,0,0,0,2025-08-13
APP101005,48,Niedersachsen,Limousine,3,Haftpflicht,Online,Angestellt,485.23,594.8,1,1,1,0,0,0,3,6,20,0,1.223,0,0,0,0,2025-01-05
APP101006,54,Berlin,Limousine,8,Haftpflicht,Makler,Selbstständig,306.55,0.0,0,0,0,0,0,0,33,0,1,0,0.0,0,0,0,0,2025-03-12
APP101007,51,Baden-Württemberg,Elektrofahrzeug,7,Haftpflicht,Online,Selbstständig,708.63,0.0,0,0,1,0,0,2,21,0,21,0,0.0,0,0,0,1,2025-10-03
APP101008,56,Berlin,Motorrad,2,Teilkasko,Telefon,Freiberuflich,349.26,3794.76,1,1,0,0,0,0,100,4,22,0,10.834,0,0,0,0,2025-02-07
APP101009,36,Berlin,Kleinwagen,7,Teilkasko,Online,Angestellt,367.09,952.61,1,1,0,0,0,0,4,2,10,0,2.588,0,0,0,0,2025-05-09
APP101010,60,Niedersachsen,Kleinwagen,3,Haftpflicht,Filiale,Angestellt,590.92,0.0,0,0,0,0,0,0,8,0,14,0,0.0,0,0,0,0,2025-04-28
APP101011,45,Sachsen,Transporter,1,Haftpflicht,Partnerportal,Angestellt,463.98,425.48,1,2,1,0,0,0,1,6,22,0,0.915,0,0,0,0,2025-01-05
APP101012,69,Baden-Württemberg,Motorrad,4,Teilkasko,Partnerportal,Selbstständig,529.06,3041.88,1,4,0,0,0,0,20,4,6,0,5.739,0,0,0,0,2025-03-26
APP101013,34,Niedersachsen,Transporter,14,Haftpflicht,Partnerportal,Angestellt,452.19,795.8,0,1,1,0,1,0,11,5,10,0,1.756,0,0,0,0,2025-11-13
APP101014,65,Hessen,SUV,9,Vollkasko,Filiale,Angestellt,892.02,406.79,0,2,1,0,0,1,73,7,1,0,0.456,0,0,0,0,2025-03-19
APP101015,45,Sachsen,Elektrofahrzeug,5,Vollkasko,Online,Selbstständig,334.12,4832.17,0,1,0,0,0,0,33,8,5,0,14.419,0,0,0,0,2025-05-05
APP101016,34,Niedersachsen,Transporter,1,Haftpflicht,Online,Angestellt,405.36,3106.38,1,1,0,0,0,0,34,4,8,0,7.644,0,0,0,0,2025-03-17
APP101017,36,Baden-Württemberg,Limousine,1,Teilkasko,Makler,Arbeitsuchend,603.11,1451.02,0,1,1,0,0,0,27,5,16,0,2.402,0,0,0,0,2025-10-10
APP101018,38,Hessen,SUV,5,Teilkasko,Online,Freiberuflich,325.41,0.0,0,0,1,0,0,0,3,0,18,0,0.0,0,0,0,0,2025-12-25
APP101019,48,Rheinland-Pfalz,Kleinwagen,6,Haftpflicht,Telefon,Angestellt,319.41,1760.91,0,1,0,0,0,0,21,2,11,1,5.496,0,0,0,0,2025-10-08
APP101020,49,Niedersachsen,Elektrofahrzeug,8,Vollkasko,Partnerportal,Angestellt,522.1,1430.01,0,2,0,0,0,0,180,3,5,0,2.734,0,0,0,0,2025-12-13
APP101021,35,Rheinland-Pfalz,Limousine,7,Teilkasko,Partnerportal,Angestellt,709.31,0.0,0,0,0,0,0,1,64,0,15,0,0.0,0,0,0,0,2025-05-10
APP101022,42,Sachsen,SUV,7,Vollkasko,Online,Freiberuflich,749.28,0.0,0,0,0,0,0,0,80,0,22,0,0.0,0,0,0,0,2025-05-30
APP101023,70,Baden-Württemberg,SUV,6,Haftpflicht,Partnerportal,Student,512.11,0.0,0,0,1,0,0,0,62,0,1,0,0.0,0,0,0,0,2025-12-18
APP101024,65,Hessen,Kleinwagen,10,Teilkasko,Filiale,Selbstständig,371.56,11746.77,1,1,0,0,0,0,3,8,23,0,31.53,1,0,0,0,2025-11-06
APP101025,48,Hessen,Limousine,3,Vollkasko,Online,Selbstständig,553.23,0.0,0,0,1,0,0,0,9,0,10,0,0.0,0,0,0,0,2025-05-25
APP101026,43,Niedersachsen,SUV,5,Vollkasko,Online,Angestellt,625.02,1819.82,4,4,1,0,0,0,1,3,14,0,2.907,0,1,0,0,2025-07-08
APP101027,44,NRW,Elektrofahrzeug,1,Haftpflicht,Partnerportal,Arbeitsuchend,550.03,0.0,0,0,0,0,0,0,13,0,5,0,0.0,0,0,0,0,2025-03-07
APP101028,50,Rheinland-Pfalz,Transporter,3,Haftpflicht,Filiale,Freiberuflich,827.45,614.95,0,3,0,0,0,0,4,7,8,0,0.742,0,0,0,0,2025-09-02
APP101029,29,NRW,SUV,9,Haftpflicht,Online,Arbeitsuchend,321.84,0.0,0,0,0,0,0,0,23,0,8,0,0.0,0,0,0,0,2025-09-01
APP101030,39,Bayern,Kleinwagen,7,Haftpflicht,Online,Angestellt,367.7,757.27,1,2,0,0,0,0,40,7,17,1,2.054,0,0,0,0,2025-04-29
APP101031,21,NRW,Elektrofahrzeug,0,Teilkasko,Partnerportal,Angestellt,780.59,0.0,0,0,2,0,0,0,74,0,12,0,0.0,0,0,1,0,2025-06-03
APP101032,48,NRW,Limousine,15,Haftpflicht,Online,Selbstständig,280.0,5627.05,1,2,1,0,0,0,49,2,22,0,20.025,0,0,0,0,2025-06-10
APP101033,51,Bayern,Kleinwagen,5,Haftpflicht,Makler,Selbstständig,392.86,2285.49,1,1,1,1,1,0,100,4,4,0,5.803,0,0,0,0,2025-01-01
APP101034,36,Hessen,Kleinwagen,5,Vollkasko,Filiale,Angestellt,362.4,535.65,0,2,0,0,0,0,1,5,16,0,1.474,0,0,0,0,2025-02-09
APP101035,63,Bayern,Elektrofahrzeug,3,Teilkasko,Telefon,Freiberuflich,280.0,2589.18,1,1,0,0,0,0,1,7,22,0,9.214,0,0,0,0,2025-06-20
APP101036,27,Niedersachsen,Transporter,4,Haftpflicht,Makler,Rentner,455.5,989.48,1,2,0,0,0,0,38,5,20,0,2.168,0,0,0,0,2025-10-27
APP101037,23,Hessen,Kleinwagen,5,Haftpflicht,Online,Angestellt,674.14,0.0,0,0,0,0,0,1,12,0,10,0,0.0,0,0,0,0,2025-07-09
APP101038,45,Bayern,Kleinwagen,7,Haftpflicht,Online,Angestellt,526.19,1546.94,1,3,0,0,0,0,10,9,8,0,2.934,0,0,0,0,2025-10-19
APP101039,56,Baden-Württemberg,Elektrofahrzeug,6,Vollkasko,Online,Student,689.41,592.51,0,2,0,0,0,0,14,6,22,0,0.858,0,0,0,0,2025-10-22
APP101040,64,Bayern,Kleinwagen,3,Haftpflicht,Online,Angestellt,812.91,609.81,0,1,0,0,1,0,11,12,19,0,0.749,0,0,0,0,2025-05-06
APP101041,37,Berlin,Limousine,2,Haftpflicht,Partnerportal,Arbeitsuchend,419.07,979.61,1,3,1,0,0,0,25,3,23,0,2.332,0,0,0,0,2025-09-25
APP101042,57,Niedersachsen,SUV,2,Vollkasko,Partnerportal,Angestellt,1497.68,793.48,1,3,0,0,0,1,20,4,8,0,0.529,0,0,0,0,2025-01-21
APP101043,42,Sachsen,Kleinwagen,9,Haftpflicht,Online,Angestellt,426.21,0.0,0,0,0,0,0,1,25,0,8,0,0.0,0,0,0,0,2025-03-28
APP101044,40,Bayern,Limousine,9,Haftpflicht,Makler,Student,450.67,1130.05,1,1,0,1,2,0,40,6,9,0,2.502,0,0,0,1,2025-09-26
APP101045,54,Baden-Württemberg,Elektrofahrzeug,7,Teilkasko,Online,Angestellt,366.06,246.06,0,3,0,0,0,1,17,4,19,0,0.67,0,0,0,0,2025-10-02
APP101046,51,Hessen,Transporter,9,Haftpflicht,Filiale,Rentner,619.59,4412.67,1,2,0,0,0,0,10,2,5,0,7.11,0,0,0,0,2025-02-15
APP101047,22,Bayern,Limousine,4,Haftpflicht,Telefon,Angestellt,436.15,0.0,0,0,0,0,0,2,6,0,3,0,0.0,0,0,0,1,2025-04-22
APP101048,62,Niedersachsen,Transporter,8,Teilkasko,Filiale,Angestellt,476.69,539.4,0,1,0,0,0,1,15,8,0,0,1.129,0,0,0,0,2025-07-04
APP101049,60,Baden-Württemberg,Motorrad,7,Vollkasko,Filiale,Selbstständig,452.06,916.65,1,3,0,0,0,0,48,6,5,0,2.023,0,0,0,0,2025-07-09
APP101050,34,NRW,Kleinwagen,8,Teilkasko,Makler,Angestellt,447.77,1105.35,1,2,1,1,0,0,50,2,23,0,2.463,0,0,0,0,2025-02-25
APP101051,48,NRW,SUV,2,Haftpflicht,Online,Selbstständig,526.62,4188.65,1,4,0,0,0,1,39,4,5,0,7.939,0,0,0,0,2025-05-09
APP101052,49,NRW,Limousine,0,Haftpflicht,Makler,Angestellt,407.85,1523.87,0,1,0,1,0,0,9,4,11,0,3.727,0,0,0,0,2025-04-20
APP101053,46,Bayern,SUV,6,Haftpflicht,Makler,Selbstständig,415.97,0.0,0,0,0,0,0,0,31,0,2,0,0.0,0,0,0,0,2025-12-08
APP101054,35,Sachsen,Limousine,4,Teilkasko,Makler,Selbstständig,773.25,1530.51,0,2,0,0,0,0,30,2,12,0,1.977,0,0,0,0,2025-06-05
APP101055,34,Baden-Württemberg,SUV,0,Haftpflicht,Online,Freiberuflich,435.6,0.0,0,0,0,0,0,0,23,0,23,0,0.0,0,0,0,0,2025-05-12
APP101056,42,NRW,SUV,10,Haftpflicht,Makler,Selbstständig,578.88,1576.99,0,1,0,0,0,0,28,8,9,1,2.72,0,0,0,0,2025-07-18
APP101057,58,Bayern,Kleinwagen,9,Haftpflicht,Filiale,Selbstständig,339.14,234.43,0,1,0,0,0,0,24,4,8,0,0.689,0,0,0,0,2025-03-16
APP101058,50,NRW,Kleinwagen,6,Vollkasko,Online,Freiberuflich,408.8,0.0,0,0,0,0,0,0,30,0,16,0,0.0,0,0,0,0,2025-07-23
APP101059,38,Baden-Württemberg,SUV,3,Haftpflicht,Filiale,Angestellt,293.63,3254.92,0,1,0,1,1,0,45,2,10,0,11.047,0,0,0,0,2025-02-22
APP101060,53,Niedersachsen,Elektrofahrzeug,1,Vollkasko,Online,Student,1073.7,25000.0,0,3,0,0,0,0,4,3,5,0,23.262,1,0,0,0,2025-02-08
APP101061,18,Hessen,Transporter,0,Teilkasko,Online,Freiberuflich,878.04,0.0,0,0,0,0,0,0,49,0,9,0,0.0,0,0,0,0,2025-10-18
APP101062,57,Niedersachsen,Kleinwagen,3,Vollkasko,Partnerportal,Angestellt,632.76,0.0,0,0,0,0,0,0,5,0,23,0,0.0,0,0,0,0,2025-12-04
APP101063,20,Hessen,Limousine,7,Vollkasko,Filiale,Freiberuflich,1216.17,0.0,0,0,0,0,0,0,2,0,17,0,0.0,0,0,0,0,2025-02-20
APP101064,38,Bayern,Limousine,4,Vollkasko,Online,Rentner,680.97,6908.47,0,1,0,0,2,0,134,6,13,0,10.13,0,0,0,1,2025-07-11
APP101065,28,Baden-Württemberg,Transporter,7,Teilkasko,Online,Angestellt,458.41,383.48,3,4,0,0,1,0,113,6,3,0,0.835,0,1,0,0,2025-07-26
APP101066,26,Sachsen,Elektrofahrzeug,7,Vollkasko,Telefon,Angestellt,576.2,0.0,0,0,0,0,0,0,2,0,12,0,0.0,0,0,0,0,2025-11-11
APP101067,58,Baden-Württemberg,Limousine,7,Vollkasko,Online,Angestellt,872.65,366.45,0,1,0,0,0,1,21,3,0,0,0.419,0,0,0,0,2025-10-09
APP101068,36,Berlin,Kleinwagen,1,Haftpflicht,Filiale,Selbstständig,340.45,924.47,1,2,0,1,0,1,7,2,19,0,2.707,0,0,0,0,2025-04-23
APP101069,47,NRW,Elektrofahrzeug,3,Teilkasko,Makler,Freiberuflich,301.09,1177.13,0,2,0,0,1,0,23,5,1,0,3.897,0,0,0,0,2025-04-25
APP101070,42,NRW,Transporter,7,Teilkasko,Makler,Student,584.38,0.0,0,0,1,0,0,0,63,0,2,0,0.0,0,0,0,0,2025-09-16
APP101071,49,Hessen,Motorrad,11,Haftpflicht,Online,Student,385.11,485.13,0,1,0,0,0,0,108,3,19,0,1.256,0,0,0,0,2025-11-29
APP101072,43,NRW,Kleinwagen,10,Haftpflicht,Online,Angestellt,280.0,2130.0,2,3,0,0,0,0,36,2,2,1,7.58,0,1,0,0,2025-12-20
APP101073,26,Bayern,SUV,6,Haftpflicht,Telefon,Student,292.35,0.0,0,0,0,0,0,0,15,0,5,0,0.0,0,0,0,0,2025-08-27
APP101074,55,NRW,Kleinwagen,10,Haftpflicht,Online,Freiberuflich,432.34,1528.24,1,1,0,0,0,0,33,4,6,0,3.527,0,0,0,0,2025-01-17
APP101075,36,Niedersachsen,Kleinwagen,6,Vollkasko,Filiale,Angestellt,502.82,2736.9,1,1,0,0,0,0,13,8,10,0,5.432,0,0,0,0,2025-11-17
APP101076,22,Hessen,Kleinwagen,1,Vollkasko,Partnerportal,Student,509.15,407.41,0,1,0,0,0,0,86,5,6,0,0.799,0,0,0,0,2025-07-25
APP101077,37,Baden-Württemberg,Elektrofahrzeug,7,Vollkasko,Partnerportal,Angestellt,1143.88,0.0,0,0,0,0,0,0,73,0,16,0,0.0,0,0,0,0,2025-09-14
APP101078,62,Niedersachsen,Kleinwagen,10,Vollkasko,Online,Angestellt,451.6,747.27,0,1,0,0,0,0,29,2,20,0,1.651,0,0,0,0,2025-03-29
APP101079,54,Hessen,SUV,13,Teilkasko,Makler,Angestellt,553.81,3076.33,2,4,2,0,0,0,14,7,18,1,5.545,0,1,1,0,2025-11-09
APP101080,38,Bayern,Elektrofahrzeug,3,Vollkasko,Partnerportal,Angestellt,280.0,1610.62,0,1,0,0,0,1,12,4,11,0,5.732,0,0,0,0,2025-01-11
APP101081,38,Bayern,Kleinwagen,2,Teilkasko,Telefon,Angestellt,486.35,0.0,0,0,0,0,0,0,1,0,0,0,0.0,0,0,0,0,2025-03-08
APP101082,38,Rheinland-Pfalz,Motorrad,8,Teilkasko,Online,Selbstständig,567.0,733.98,1,1,0,0,0,0,60,5,0,0,1.292,0,0,0,0,2025-07-24
APP101083,69,Hessen,SUV,6,Haftpflicht,Online,Rentner,280.0,0.0,0,0,0,0,0,0,21,0,17,1,0.0,0,0,0,0,2025-11-07
APP101084,47,Bayern,Limousine,6,Haftpflicht,Telefon,Angestellt,332.86,0.0,0,0,0,0,0,0,14,0,9,0,0.0,0,0,0,0,2025-03-27
APP101085,48,Bayern,Limousine,10,Haftpflicht,Partnerportal,Angestellt,605.13,0.0,0,0,0,0,0,0,22,0,23,0,0.0,0,0,0,0,2025-02-10
APP101086,56,NRW,Kleinwagen,8,Haftpflicht,Online,Angestellt,391.72,462.64,1,4,1,0,1,0,61,6,19,0,1.178,0,0,0,0,2025-04-15
APP101087,46,Niedersachsen,Limousine,7,Haftpflicht,Telefon,Rentner,471.98,0.0,0,0,1,0,0,1,4,0,2,0,0.0,0,0,0,0,2025-01-30
APP101088,39,Bayern,Limousine,3,Vollkasko,Online,Angestellt,618.39,353.81,1,1,0,0,0,0,70,3,13,0,0.571,0,0,0,0,2025-10-08
APP101089,40,Bayern,Transporter,8,Teilkasko,Online,Freiberuflich,1159.2,0.0,0,0,0,0,0,1,82,0,7,0,0.0,0,0,0,0,2025-09-13
APP101090,42,Rheinland-Pfalz,Limousine,2,Vollkasko,Filiale,Angestellt,448.92,0.0,0,0,0,0,1,1,105,0,15,0,0.0,0,0,0,0,2025-11-16
APP101091,42,Niedersachsen,SUV,6,Vollkasko,Makler,Rentner,1035.94,851.39,0,1,0,0,0,0,18,7,17,0,0.821,0,0,0,0,2025-08-05
APP101092,52,Bayern,Transporter,5,Teilkasko,Online,Angestellt,280.0,0.0,0,0,0,1,1,0,8,0,8,0,0.0,0,0,0,0,2025-04-13
APP101093,43,Niedersachsen,Transporter,1,Haftpflicht,Telefon,Angestellt,524.43,233.23,3,3,1,0,0,0,16,1,3,1,0.444,0,1,0,0,2025-06-11
APP101094,52,Hessen,SUV,6,Vollkasko,Makler,Angestellt,428.24,0.0,0,0,0,0,0,1,14,0,0,1,0.0,0,0,0,0,2025-07-05
APP101095,41,Rheinland-Pfalz,SUV,3,Teilkasko,Makler,Freiberuflich,394.01,0.0,0,0,0,0,0,0,6,0,20,1,0.0,0,0,0,0,2025-09-13
APP101096,44,NRW,Transporter,6,Vollkasko,Filiale,Angestellt,649.62,0.0,0,0,0,1,0,0,33,0,22,0,0.0,0,0,0,0,2025-03-27
APP101097,18,Bayern,Limousine,2,Haftpflicht,Online,Rentner,450.28,907.57,1,2,1,0,0,0,23,6,13,0,2.011,0,0,0,0,2025-07-01
APP101098,54,Niedersachsen,Limousine,8,Teilkasko,Filiale,Freiberuflich,280.0,6340.38,0,1,0,1,0,0,72,5,10,1,22.564,0,0,0,0,2025-04-27
APP101099,47,Bayern,Elektrofahrzeug,12,Haftpflicht,Online,Angestellt,280.0,0.0,0,0,0,0,0,0,1,0,3,0,0.0,0,0,0,0,2025-09-04
APP101100,55,NRW,SUV,2,Teilkasko,Filiale,Arbeitsuchend,667.31,1621.57,0,2,0,1,1,1,37,5,20,0,2.426,0,0,0,0,2025-05-26
APP101101,18,Baden-Württemberg,SUV,2,Teilkasko,Online,Freiberuflich,280.0,542.33,0,1,0,1,0,0,51,8,15,0,1.93,0,0,0,0,2025-09-29
APP101102,70,NRW,SUV,2,Teilkasko,Online,Angestellt,674.86,7623.22,1,1,0,0,0,0,51,9,8,0,11.279,0,0,0,0,2025-07-03
APP101103,41,NRW,Kleinwagen,4,Teilkasko,Online,Angestellt,519.26,765.02,1,3,3,0,0,0,78,3,21,0,1.47,0,0,1,0,2025-07-21
APP101104,57,Bayern,SUV,6,Haftpflicht,Telefon,Freiberuflich,458.74,998.36,1,1,1,0,1,0,47,3,13,1,2.172,0,0,0,0,2025-06-08
APP101105,29,Niedersachsen,Motorrad,7,Haftpflicht,Partnerportal,Selbstständig,476.17,3712.65,1,2,2,1,0,0,94,3,5,0,7.781,0,0,1,0,2025-02-17
APP101106,50,Bayern,SUV,6,Vollkasko,Partnerportal,Freiberuflich,611.67,0.0,0,0,1,1,0,0,14,0,1,0,0.0,0,0,0,0,2025-05-04
APP101107,29,Hessen,Kleinwagen,7,Haftpflicht,Partnerportal,Arbeitsuchend,300.5,1262.32,0,2,0,0,0,0,25,7,0,0,4.187,0,0,0,0,2025-11-29
APP101108,34,Baden-Württemberg,Limousine,5,Vollkasko,Filiale,Angestellt,501.58,953.91,0,1,0,0,0,0,1,5,19,0,1.898,0,0,0,0,2025-06-11
APP101109,67,Bayern,Limousine,3,Teilkasko,Online,Angestellt,305.33,0.0,0,0,0,0,0,0,1,0,18,0,0.0,0,0,0,0,2025-06-11
APP101110,40,Baden-Württemberg,Limousine,2,Teilkasko,Online,Rentner,527.81,1660.59,1,3,0,0,0,0,9,3,22,0,3.14,0,0,0,0,2025-08-22
APP101111,45,Niedersachsen,Kleinwagen,4,Teilkasko,Makler,Freiberuflich,646.47,0.0,0,0,0,0,0,0,3,0,6,0,0.0,0,0,0,0,2025-03-01
APP101112,54,Bayern,Limousine,2,Teilkasko,Online,Angestellt,528.32,701.51,0,2,0,0,0,0,10,7,21,0,1.325,0,0,0,0,2025-03-17
APP101113,49,Bayern,Motorrad,6,Haftpflicht,Online,Arbeitsuchend,636.26,631.96,2,3,0,1,1,0,7,2,14,0,0.992,0,1,0,0,2025-02-09
APP101114,44,Niedersachsen,Transporter,2,Haftpflicht,Online,Angestellt,367.23,722.15,0,2,1,0,0,1,1,6,4,0,1.961,0,0,0,0,2025-05-25
APP101115,47,Berlin,SUV,3,Haftpflicht,Online,Angestellt,480.05,368.31,1,1,1,0,0,0,86,5,2,0,0.766,0,0,0,0,2025-06-18
APP101116,74,Niedersachsen,Transporter,9,Haftpflicht,Online,Selbstständig,445.88,313.61,0,1,1,0,1,0,1,2,14,1,0.702,0,0,0,0,2025-11-08
APP101117,42,Berlin,Elektrofahrzeug,10,Haftpflicht,Online,Rentner,433.79,1560.24,2,3,0,1,0,0,47,5,3,1,3.588,0,1,0,0,2025-06-23
APP101118,45,NRW,Limousine,10,Teilkasko,Makler,Angestellt,352.04,0.0,0,0,1,0,0,1,5,0,4,0,0.0,0,0,0,0,2025-03-13
APP101119,56,Bayern,Elektrofahrzeug,5,Teilkasko,Online,Angestellt,411.02,2541.19,0,1,0,0,0,0,87,4,3,0,6.168,0,0,0,0,2025-05-19
APP101120,57,NRW,Kleinwagen,3,Vollkasko,Partnerportal,Angestellt,308.79,160.02,0,1,0,0,0,0,80,7,2,0,0.517,0,0,0,0,2025-02-09
APP101121,58,Niedersachsen,Elektrofahrzeug,7,Haftpflicht,Partnerportal,Arbeitsuchend,280.0,0.0,0,0,0,0,0,0,38,0,1,0,0.0,0,0,0,0,2025-06-23
APP101122,51,Berlin,Motorrad,2,Vollkasko,Telefon,Angestellt,367.12,0.0,0,0,0,0,0,0,40,0,4,0,0.0,0,0,0,0,2025-03-06
APP101123,28,Hessen,Kleinwagen,8,Haftpflicht,Makler,Student,640.92,1369.47,0,1,0,0,0,0,1,2,17,0,2.133,0,0,0,0,2025-02-01
APP101124,64,Bayern,Limousine,3,Vollkasko,Partnerportal,Angestellt,543.65,849.67,0,1,0,0,0,0,150,5,1,0,1.56,0,0,0,0,2025-04-18
APP101125,28,Baden-Württemberg,Transporter,4,Vollkasko,Filiale,Angestellt,290.68,0.0,0,0,0,0,0,1,75,0,14,0,0.0,0,0,0,0,2025-06-29
APP101126,46,Baden-Württemberg,Kleinwagen,8,Teilkasko,Online,Rentner,415.5,1192.4,0,1,0,1,0,0,81,3,17,0,2.863,0,0,0,0,2025-09-23
APP101127,33,Rheinland-Pfalz,SUV,1,Vollkasko,Filiale,Arbeitsuchend,659.07,241.87,0,1,0,0,0,0,38,6,17,0,0.366,0,0,0,0,2025-12-30
APP101128,42,Hessen,SUV,3,Vollkasko,Partnerportal,Angestellt,408.15,0.0,0,0,1,0,0,0,15,0,7,0,0.0,0,0,0,0,2025-04-25
APP101129,47,Bayern,Limousine,6,Haftpflicht,Online,Angestellt,280.0,1217.94,0,1,1,0,0,0,80,5,11,0,4.334,0,0,0,0,2025-05-11
APP101130,47,NRW,Limousine,7,Haftpflicht,Filiale,Arbeitsuchend,1271.82,1308.44,0,2,0,0,0,0,12,4,22,0,1.028,0,0,0,0,2025-09-07
APP101131,48,NRW,SUV,6,Teilkasko,Partnerportal,Selbstständig,459.38,366.93,1,1,0,0,1,0,29,9,8,0,0.797,0,0,0,0,2025-05-17
APP101132,63,Bayern,Limousine,4,Haftpflicht,Filiale,Angestellt,302.26,328.33,1,2,0,0,0,0,3,11,18,0,1.083,0,0,0,0,2025-05-16
APP101133,48,Niedersachsen,Kleinwagen,8,Teilkasko,Partnerportal,Arbeitsuchend,529.5,0.0,0,0,0,0,0,0,91,0,0,0,0.0,0,0,0,0,2025-03-15
APP101134,39,Hessen,Transporter,2,Teilkasko,Online,Angestellt,475.35,367.56,0,2,0,0,0,0,5,4,21,0,0.772,0,0,0,0,2025-01-08
APP101135,55,Bayern,SUV,2,Teilkasko,Partnerportal,Angestellt,280.0,293.44,0,1,1,0,0,0,9,5,16,0,1.044,0,0,0,0,2025-09-29
APP101136,58,Niedersachsen,Limousine,6,Haftpflicht,Filiale,Rentner,512.46,830.17,3,3,2,0,0,0,29,4,0,0,1.617,0,1,1,0,2025-09-24
APP101137,27,Hessen,Kleinwagen,2,Haftpflicht,Partnerportal,Angestellt,744.84,0.0,0,0,0,0,0,0,51,0,19,0,0.0,0,0,0,0,2025-10-06
APP101138,50,Niedersachsen,SUV,13,Vollkasko,Makler,Angestellt,446.83,574.42,0,1,0,0,0,0,34,4,16,0,1.283,0,0,0,0,2025-11-08
APP101139,52,Bayern,SUV,3,Teilkasko,Online,Angestellt,280.0,666.36,0,3,0,0,0,0,9,5,5,1,2.371,0,0,0,0,2025-05-30
APP101140,39,NRW,SUV,8,Haftpflicht,Partnerportal,Student,568.84,1226.3,0,2,0,0,0,1,1,5,4,0,2.152,0,0,0,0,2025-12-26
APP101141,60,Baden-Württemberg,Limousine,2,Vollkasko,Partnerportal,Freiberuflich,634.74,657.12,2,3,2,0,0,1,50,3,4,0,1.034,0,1,1,0,2025-10-22
APP101142,41,Niedersachsen,Motorrad,11,Vollkasko,Online,Angestellt,385.18,1287.03,0,1,0,1,0,0,151,2,10,0,3.333,0,0,0,0,2025-05-16
APP101143,44,Baden-Württemberg,Transporter,5,Haftpflicht,Filiale,Angestellt,386.37,877.08,0,1,0,0,0,0,59,7,10,0,2.264,0,0,0,0,2025-05-13
APP101144,40,Berlin,Limousine,3,Haftpflicht,Online,Selbstständig,1271.94,0.0,0,0,0,0,0,0,22,0,10,0,0.0,0,0,0,0,2025-12-13
APP101145,43,Berlin,SUV,4,Teilkasko,Online,Angestellt,373.74,2556.71,0,3,0,0,0,0,84,4,11,0,6.823,0,0,0,0,2025-09-18
APP101146,28,Baden-Württemberg,Kleinwagen,3,Vollkasko,Makler,Student,307.6,2473.43,1,2,0,0,1,0,18,4,11,0,8.015,0,0,0,0,2025-01-19
APP101147,24,Bayern,Kleinwagen,4,Vollkasko,Online,Selbstständig,497.97,3622.71,0,1,0,0,0,0,26,4,1,1,7.26,0,0,0,0,2025-03-02
APP101148,63,NRW,Motorrad,2,Vollkasko,Makler,Angestellt,627.31,0.0,0,0,1,0,0,0,23,0,2,0,0.0,0,0,0,0,2025-10-29
APP101149,31,Rheinland-Pfalz,Motorrad,3,Haftpflicht,Partnerportal,Angestellt,616.23,1484.41,0,1,0,0,0,0,21,5,6,0,2.405,0,0,0,0,2025-05-26
APP101150,30,Bayern,SUV,8,Haftpflicht,Partnerportal,Freiberuflich,280.0,838.47,1,1,1,0,0,0,53,5,19,0,2.984,0,0,0,0,2025-07-07
APP101151,18,Niedersachsen,Motorrad,6,Haftpflicht,Online,Student,373.34,871.66,1,2,0,0,0,0,26,0,13,0,2.329,0,0,0,0,2025-06-27
APP101152,34,Sachsen,Transporter,2,Teilkasko,Online,Angestellt,799.68,574.72,1,1,2,0,0,0,13,6,21,0,0.718,0,0,1,0,2025-11-23
APP101153,25,Baden-Württemberg,Motorrad,4,Haftpflicht,Filiale,Angestellt,565.22,0.0,0,0,0,0,0,0,10,0,15,0,0.0,0,0,0,0,2025-06-26
APP101154,64,Baden-Württemberg,Motorrad,10,Haftpflicht,Online,Angestellt,293.23,2192.46,1,1,1,0,0,0,1,9,23,0,7.452,0,0,0,0,2025-04-24
APP101155,56,Berlin,Motorrad,3,Teilkasko,Online,Student,830.32,654.05,1,1,0,0,0,1,31,4,13,0,0.787,0,0,0,0,2025-07-27
APP101156,34,Berlin,Motorrad,2,Haftpflicht,Online,Angestellt,738.97,1174.23,2,3,0,0,0,1,9,8,16,0,1.587,0,1,0,0,2025-01-18
APP101157,72,NRW,SUV,7,Haftpflicht,Telefon,Arbeitsuchend,435.04,681.46,1,2,1,0,1,1,5,7,14,0,1.563,0,0,0,0,2025-12-30
APP101158,55,Hessen,Transporter,0,Haftpflicht,Partnerportal,Student,712.92,1448.02,0,1,1,0,0,1,38,4,10,0,2.028,0,0,0,0,2025-03-31
APP101159,38,Rheinland-Pfalz,Limousine,4,Teilkasko,Partnerportal,Angestellt,1141.27,759.78,0,1,0,0,0,0,41,6,12,0,0.665,0,0,0,0,2025-08-09
APP101160,18,Rheinland-Pfalz,Motorrad,10,Teilkasko,Online,Angestellt,316.45,646.4,1,2,1,0,0,0,50,9,5,0,2.036,0,0,0,0,2025-05-24
APP101161,72,NRW,Motorrad,4,Teilkasko,Filiale,Student,622.22,679.96,0,1,0,0,0,0,25,7,16,0,1.091,0,0,0,0,2025-02-15
APP101162,24,NRW,Kleinwagen,9,Vollkasko,Telefon,Angestellt,1134.67,0.0,0,0,0,0,0,0,80,0,11,0,0.0,0,0,0,0,2025-04-13
APP101163,21,NRW,Limousine,2,Teilkasko,Makler,Student,648.25,0.0,0,0,0,0,0,0,99,0,23,0,0.0,0,0,0,0,2025-04-04
APP101164,56,NRW,Kleinwagen,4,Haftpflicht,Online,Rentner,358.94,0.0,0,0,0,1,0,1,59,0,3,1,0.0,0,0,0,0,2025-03-05
APP101165,74,Baden-Württemberg,Kleinwagen,4,Teilkasko,Partnerportal,Selbstständig,544.76,1513.52,0,1,0,0,0,0,36,4,20,0,2.773,0,0,0,0,2025-05-22
APP101166,60,NRW,Limousine,7,Vollkasko,Makler,Angestellt,875.99,852.06,1,1,0,0,0,0,13,5,9,0,0.972,0,0,0,0,2025-10-05
APP101167,50,Baden-Württemberg,SUV,5,Haftpflicht,Makler,Selbstständig,321.62,3157.51,1,2,0,0,1,0,146,2,17,0,9.787,0,0,0,0,2025-03-19
APP101168,50,Berlin,Limousine,11,Vollkasko,Makler,Angestellt,486.56,0.0,0,0,0,0,0,0,11,0,18,1,0.0,0,0,0,0,2025-04-01
APP101169,54,Rheinland-Pfalz,Limousine,3,Vollkasko,Online,Freiberuflich,444.85,0.0,0,0,0,0,0,0,8,0,6,0,0.0,0,0,0,0,2025-02-04
APP101170,52,Berlin,Kleinwagen,5,Vollkasko,Online,Rentner,377.97,367.22,0,2,0,0,0,1,21,0,22,0,0.969,0,0,0,0,2025-04-14
APP101171,46,NRW,Limousine,4,Haftpflicht,Telefon,Student,545.36,902.49,0,1,0,1,0,0,2,4,11,1,1.652,0,0,0,0,2025-03-17
APP101172,44,Baden-Württemberg,SUV,5,Haftpflicht,Makler,Angestellt,472.34,290.71,1,1,0,0,0,0,138,5,10,0,0.614,0,0,0,0,2025-11-27
APP101173,42,Hessen,Limousine,4,Teilkasko,Online,Arbeitsuchend,645.62,2285.57,1,2,1,0,0,0,31,5,23,0,3.535,0,0,0,0,2025-05-11
APP101174,33,Rheinland-Pfalz,Transporter,2,Vollkasko,Partnerportal,Selbstständig,795.69,2325.12,1,2,0,0,0,0,29,5,2,1,2.918,0,0,0,0,2025-04-17
APP101175,39,Bayern,Limousine,8,Vollkasko,Filiale,Angestellt,288.71,2360.3,0,1,0,0,0,0,38,5,1,0,8.147,0,0,0,0,2025-10-02
APP101176,20,Niedersachsen,Transporter,3,Haftpflicht,Partnerportal,Selbstständig,506.92,1242.08,1,1,0,0,0,0,24,6,1,0,2.445,0,0,0,0,2025-10-06
APP101177,41,Bayern,Motorrad,3,Haftpflicht,Partnerportal,Freiberuflich,481.88,573.7,1,1,0,0,0,0,1,8,21,0,1.188,0,0,0,0,2025-07-27
APP101178,30,Hessen,SUV,1,Teilkasko,Online,Selbstständig,536.7,0.0,0,0,0,0,0,0,34,0,1,0,0.0,0,0,0,0,2025-09-17
APP101179,28,NRW,Limousine,3,Haftpflicht,Filiale,Rentner,489.56,4449.94,1,1,1,0,2,0,45,2,14,0,9.071,0,0,0,1,2025-04-06
APP101180,45,Bayern,Kleinwagen,3,Vollkasko,Makler,Angestellt,326.4,4106.5,1,2,1,1,0,0,19,5,3,0,12.543,0,0,0,0,2025-01-04
APP101181,61,Rheinland-Pfalz,Elektrofahrzeug,1,Haftpflicht,Telefon,Selbstständig,907.77,0.0,0,0,0,1,0,0,50,0,2,0,0.0,0,0,0,0,2025-07-06
APP101182,54,Sachsen,Transporter,4,Haftpflicht,Online,Angestellt,1085.63,0.0,0,0,0,0,0,0,9,0,16,0,0.0,0,0,0,0,2025-08-06
APP101183,22,Baden-Württemberg,Kleinwagen,11,Haftpflicht,Online,Selbstständig,619.98,3878.99,0,4,1,0,0,0,9,10,1,0,6.247,0,0,0,0,2025-12-13
APP101184,30,Rheinland-Pfalz,Kleinwagen,1,Haftpflicht,Telefon,Angestellt,633.46,0.0,0,0,0,0,0,0,6,0,9,0,0.0,0,0,0,0,2025-05-03
APP101185,55,Berlin,Kleinwagen,5,Haftpflicht,Makler,Selbstständig,520.63,0.0,0,0,0,0,0,1,16,0,6,0,0.0,0,0,0,0,2025-12-26
APP101186,30,Hessen,Kleinwagen,4,Teilkasko,Makler,Arbeitsuchend,740.31,0.0,0,0,0,0,0,0,67,0,8,0,0.0,0,0,0,0,2025-12-02
APP101187,40,Sachsen,Transporter,7,Teilkasko,Partnerportal,Rentner,280.0,595.33,0,1,0,0,0,0,63,3,19,0,2.119,0,0,0,0,2025-10-13
APP101188,50,Niedersachsen,SUV,7,Haftpflicht,Online,Angestellt,491.95,0.0,0,0,0,0,0,1,17,0,14,0,0.0,0,0,0,0,2025-12-24
APP101189,30,Hessen,Elektrofahrzeug,15,Haftpflicht,Filiale,Freiberuflich,387.42,1886.5,0,1,0,1,0,0,32,5,7,0,4.857,0,0,0,0,2025-06-10
APP101190,44,NRW,Limousine,6,Haftpflicht,Filiale,Freiberuflich,523.87,1171.93,0,1,0,0,0,0,45,5,16,0,2.233,0,0,0,0,2025-07-27
APP101191,25,Niedersachsen,Transporter,3,Vollkasko,Makler,Angestellt,779.7,520.91,0,1,2,0,0,0,9,3,10,0,0.667,0,0,1,0,2025-01-20
APP101192,35,NRW,Kleinwagen,3,Haftpflicht,Online,Angestellt,496.7,0.0,0,0,0,0,1,0,6,0,15,0,0.0,0,0,0,0,2025-02-17
APP101193,47,Hessen,SUV,3,Haftpflicht,Filiale,Selbstständig,423.52,1550.04,0,2,0,0,0,1,128,4,21,0,3.651,0,0,0,0,2025-01-27
APP101194,22,NRW,Limousine,3,Teilkasko,Online,Angestellt,280.0,0.0,0,0,0,0,0,0,34,0,23,0,0.0,0,0,0,0,2025-06-09
APP101195,48,Hessen,Motorrad,12,Vollkasko,Partnerportal,Rentner,470.64,1354.42,2,3,0,0,1,0,143,3,17,1,2.872,0,1,0,0,2025-06-04
APP101196,42,Baden-Württemberg,Transporter,7,Haftpflicht,Makler,Angestellt,653.51,1919.64,0,1,0,0,0,0,14,2,23,0,2.933,0,0,0,0,2025-10-08
APP101197,50,Berlin,Kleinwagen,1,Haftpflicht,Online,Angestellt,346.11,2800.17,1,3,1,0,0,1,43,4,3,0,8.067,0,0,0,0,2025-03-07
APP101198,45,NRW,Elektrofahrzeug,7,Teilkasko,Makler,Angestellt,280.0,369.22,2,2,0,0,0,0,9,4,17,0,1.314,0,1,0,0,2025-08-18
APP101199,60,Baden-Württemberg,Motorrad,2,Vollkasko,Online,Angestellt,1280.72,0.0,0,0,0,0,0,0,10,0,19,0,0.0,0,0,0,0,2025-08-03
APP101200,44,NRW,Limousine,7,Teilkasko,Makler,Angestellt,567.24,5120.76,2,2,0,0,0,1,25,2,7,0,9.012,0,1,0,0,2025-09-01
APP101201,37,Niedersachsen,Motorrad,9,Haftpflicht,Partnerportal,Selbstständig,448.96,0.0,0,0,1,1,0,0,13,0,14,0,0.0,0,0,0,0,2025-01-12
APP101202,44,NRW,Elektrofahrzeug,4,Haftpflicht,Online,Angestellt,883.79,0.0,0,0,1,0,0,1,6,0,12,0,0.0,0,0,0,0,2025-04-11
APP101203,50,Bayern,Motorrad,3,Haftpflicht,Online,Angestellt,522.92,917.0,0,1,0,1,0,0,10,7,3,0,1.75,0,0,0,0,2025-06-23
APP101204,43,NRW,SUV,11,Vollkasko,Makler,Selbstständig,862.17,1163.91,1,2,1,0,0,0,1,4,13,0,1.348,0,0,0,0,2025-08-17
APP101205,43,Bayern,SUV,3,Haftpflicht,Makler,Angestellt,831.7,1525.22,0,2,0,1,0,1,43,4,14,0,1.832,0,0,0,0,2025-08-30
APP101206,33,Bayern,Kleinwagen,3,Teilkasko,Makler,Angestellt,288.5,1234.82,1,3,1,0,0,0,24,4,14,0,4.265,0,0,0,0,2025-10-31
APP101207,34,Sachsen,Kleinwagen,2,Vollkasko,Filiale,Angestellt,597.77,1539.16,0,1,0,0,0,0,3,5,23,0,2.571,0,0,0,0,2025-08-01
APP101208,24,Hessen,Elektrofahrzeug,5,Teilkasko,Online,Angestellt,1017.01,0.0,0,0,0,0,0,1,6,0,22,0,0.0,0,0,0,0,2025-04-22
APP101209,65,Bayern,Transporter,6,Haftpflicht,Online,Angestellt,323.94,0.0,0,0,0,0,0,0,3,0,4,0,0.0,0,0,0,0,2025-12-28
APP101210,26,Berlin,Kleinwagen,9,Haftpflicht,Online,Angestellt,325.62,819.39,0,2,0,0,0,0,34,3,23,0,2.509,0,0,0,0,2025-07-22
APP101211,33,Sachsen,SUV,7,Vollkasko,Makler,Angestellt,349.6,0.0,0,0,1,0,0,0,3,0,14,0,0.0,0,0,0,0,2025-12-07
APP101212,33,Niedersachsen,Limousine,7,Haftpflicht,Online,Freiberuflich,716.21,742.76,1,3,0,0,0,0,50,4,17,0,1.036,0,0,0,0,2025-02-06
APP101213,54,Baden-Württemberg,Limousine,10,Teilkasko,Filiale,Angestellt,555.26,0.0,0,0,0,0,0,0,1,0,2,0,0.0,0,0,0,0,2025-05-12
APP101214,39,Baden-Württemberg,SUV,2,Haftpflicht,Online,Student,280.0,0.0,0,0,0,0,0,0,10,0,19,0,0.0,0,0,0,0,2025-03-31
APP101215,59,Niedersachsen,Limousine,1,Haftpflicht,Partnerportal,Angestellt,568.61,1943.02,0,2,0,0,0,0,79,3,9,0,3.411,0,0,0,0,2025-07-31
APP101216,34,Berlin,Limousine,7,Vollkasko,Partnerportal,Freiberuflich,443.28,3738.77,1,1,0,0,0,0,45,5,4,0,8.415,0,0,0,0,2025-11-23
APP101217,46,Hessen,Elektrofahrzeug,4,Teilkasko,Partnerportal,Angestellt,470.05,2389.15,0,3,0,0,0,0,2,6,4,0,5.072,0,0,0,0,2025-04-12
APP101218,32,Niedersachsen,Kleinwagen,9,Haftpflicht,Partnerportal,Angestellt,346.7,0.0,0,0,0,1,0,0,61,0,14,0,0.0,0,0,0,0,2025-02-16
APP101219,70,Rheinland-Pfalz,Limousine,5,Vollkasko,Telefon,Freiberuflich,570.36,337.06,0,1,0,0,0,0,24,5,0,1,0.59,0,0,0,0,2025-04-30
APP101220,27,Sachsen,SUV,3,Vollkasko,Online,Angestellt,766.01,969.87,0,1,0,1,0,0,67,8,0,0,1.264,0,0,0,0,2025-01-17
APP101221,47,NRW,Limousine,7,Vollkasko,Telefon,Angestellt,376.3,911.62,1,2,0,0,0,0,33,3,15,0,2.416,0,0,0,0,2025-10-15
APP101222,51,Baden-Württemberg,SUV,5,Vollkasko,Partnerportal,Student,280.0,462.61,0,1,0,1,0,0,41,5,16,0,1.646,0,0,0,0,2025-06-27
APP101223,48,Sachsen,Kleinwagen,5,Vollkasko,Online,Freiberuflich,433.85,0.0,0,0,0,0,0,0,180,0,13,0,0.0,0,0,0,0,2025-10-01
APP101224,40,Bayern,Motorrad,17,Teilkasko,Partnerportal,Angestellt,676.98,1842.38,0,1,0,0,0,0,9,5,14,1,2.717,0,0,0,0,2025-07-13
APP101225,41,Berlin,SUV,10,Haftpflicht,Partnerportal,Student,412.88,1596.91,1,3,0,0,0,0,35,2,13,0,3.858,0,0,0,0,2025-01-06
APP101226,43,Rheinland-Pfalz,SUV,8,Haftpflicht,Online,Student,280.0,449.31,0,2,0,0,1,0,22,6,20,0,1.599,0,0,0,0,2025-01-03
APP101227,41,Hessen,Limousine,5,Teilkasko,Partnerportal,Student,678.96,642.91,0,1,1,0,0,0,1,7,1,0,0.946,0,0,0,0,2025-07-18
APP101228,55,Hessen,Limousine,5,Haftpflicht,Makler,Arbeitsuchend,892.87,0.0,0,0,0,0,0,0,1,0,2,0,0.0,0,0,0,0,2025-02-04
APP101229,71,Niedersachsen,Kleinwagen,4,Teilkasko,Partnerportal,Angestellt,496.91,574.76,0,1,0,0,0,0,4,4,23,0,1.154,0,0,0,0,2025-08-27
APP101230,35,Bayern,SUV,6,Vollkasko,Online,Student,280.0,1401.33,0,1,0,0,1,0,37,5,11,0,4.987,0,0,0,0,2025-03-18
APP101231,25,Berlin,Limousine,3,Teilkasko,Online,Angestellt,431.17,0.0,0,0,0,0,0,0,30,0,23,0,0.0,0,0,0,0,2025-04-12
APP101232,41,Hessen,Limousine,2,Vollkasko,Telefon,Angestellt,525.13,1863.87,0,3,1,0,0,0,29,6,1,0,3.543,0,0,0,0,2025-03-07
APP101233,76,NRW,Kleinwagen,5,Haftpflicht,Makler,Angestellt,350.7,0.0,0,0,0,0,0,1,1,0,7,0,0.0,0,0,0,0,2025-02-20
APP101234,32,Baden-Württemberg,Kleinwagen,6,Vollkasko,Partnerportal,Freiberuflich,629.56,0.0,0,0,0,0,1,0,22,0,11,0,0.0,0,0,0,0,2025-05-04
APP101235,64,Sachsen,Transporter,9,Vollkasko,Partnerportal,Angestellt,336.59,0.0,0,0,1,0,0,0,93,0,8,0,0.0,0,0,0,0,2025-07-19
APP101236,64,Bayern,Limousine,3,Vollkasko,Partnerportal,Rentner,498.08,1473.88,0,1,0,0,0,0,18,6,13,0,2.953,0,0,0,0,2025-03-14
APP101237,35,Sachsen,Transporter,5,Teilkasko,Partnerportal,Freiberuflich,447.69,0.0,0,0,1,0,1,1,35,0,5,0,0.0,0,0,0,0,2025-06-11
APP101238,50,NRW,Kleinwagen,7,Vollkasko,Telefon,Angestellt,638.2,1624.44,1,3,0,1,1,0,54,5,16,0,2.541,0,0,0,0,2025-06-16
APP101239,64,Rheinland-Pfalz,Transporter,7,Vollkasko,Filiale,Rentner,489.8,0.0,0,0,1,0,0,0,55,0,10,0,0.0,0,0,0,0,2025-12-17
APP101240,38,Hessen,Limousine,12,Vollkasko,Makler,Angestellt,453.72,10690.42,0,2,0,0,0,0,26,3,18,0,23.51,0,0,0,0,2025-11-01
APP101241,40,NRW,Transporter,4,Teilkasko,Telefon,Arbeitsuchend,351.71,0.0,0,0,2,0,0,0,70,0,20,1,0.0,0,0,1,0,2025-06-24
APP101242,35,NRW,Kleinwagen,2,Vollkasko,Online,Freiberuflich,500.0,168.93,0,3,0,0,0,0,17,3,12,0,0.337,0,0,0,0,2025-10-19
APP101243,29,Niedersachsen,Limousine,5,Haftpflicht,Filiale,Student,441.74,2010.56,1,2,0,0,0,0,79,6,2,0,4.541,0,0,0,0,2025-01-22
APP101244,34,Hessen,Kleinwagen,4,Haftpflicht,Partnerportal,Selbstständig,341.85,0.0,0,0,0,0,0,0,9,0,2,0,0.0,0,0,0,0,2025-11-29
APP101245,27,Baden-Württemberg,SUV,4,Haftpflicht,Telefon,Freiberuflich,526.89,2986.58,3,4,0,0,2,0,11,2,20,0,5.658,0,1,0,1,2025-08-15
APP101246,43,Niedersachsen,Limousine,3,Haftpflicht,Telefon,Angestellt,574.14,1544.03,1,2,1,0,0,0,1,8,13,0,2.685,0,0,0,0,2025-06-21
APP101247,32,Baden-Württemberg,Kleinwagen,6,Teilkasko,Filiale,Angestellt,427.46,1273.87,0,1,0,0,0,0,57,1,7,0,2.973,0,0,0,0,2025-07-14
APP101248,46,Berlin,SUV,3,Teilkasko,Filiale,Freiberuflich,728.7,3163.93,0,1,0,0,0,0,19,7,6,0,4.336,0,0,0,0,2025-07-08
APP101249,22,Hessen,Kleinwagen,8,Vollkasko,Makler,Selbstständig,550.52,3563.38,1,2,1,0,0,0,9,9,3,0,6.461,0,0,0,0,2025-09-02
APP101250,47,Bayern,Motorrad,7,Teilkasko,Online,Freiberuflich,287.37,0.0,0,0,3,1,1,0,9,0,2,1,0.0,0,0,1,0,2025-05-17
APP101251,53,NRW,Elektrofahrzeug,6,Vollkasko,Online,Angestellt,864.11,0.0,0,0,1,0,0,0,83,0,18,0,0.0,0,0,0,0,2025-10-31
APP101252,18,Rheinland-Pfalz,Motorrad,2,Teilkasko,Online,Angestellt,680.03,1107.93,1,2,0,0,1,0,64,3,1,1,1.627,0,0,0,0,2025-10-01
APP101253,47,Baden-Württemberg,Elektrofahrzeug,6,Teilkasko,Telefon,Angestellt,750.52,0.0,0,0,0,0,0,0,29,0,4,0,0.0,0,0,0,0,2025-03-31
APP101254,58,Baden-Württemberg,Motorrad,9,Haftpflicht,Partnerportal,Arbeitsuchend,583.01,1000.16,1,1,0,0,1,0,34,8,11,0,1.713,0,0,0,0,2025-06-06
APP101255,27,Niedersachsen,Motorrad,8,Vollkasko,Makler,Angestellt,280.0,0.0,0,0,0,0,0,0,23,0,1,0,0.0,0,0,0,0,2025-05-20
APP101256,64,Bayern,Kleinwagen,7,Teilkasko,Online,Rentner,779.69,2826.2,0,1,0,0,0,0,17,5,17,0,3.62,0,0,0,0,2025-06-16
APP101257,48,Bayern,Kleinwagen,5,Teilkasko,Online,Student,505.49,0.0,0,0,0,1,0,0,88,0,14,0,0.0,0,0,0,0,2025-10-02
APP101258,33,Baden-Württemberg,Motorrad,5,Vollkasko,Online,Angestellt,571.55,1982.42,0,2,1,0,0,0,4,5,15,0,3.462,0,0,0,0,2025-01-24
APP101259,42,Bayern,SUV,10,Haftpflicht,Partnerportal,Freiberuflich,618.29,587.29,1,3,0,0,0,0,19,2,11,0,0.948,0,0,0,0,2025-12-29
APP101260,50,Bayern,Elektrofahrzeug,6,Haftpflicht,Telefon,Selbstständig,1111.25,1069.27,1,1,1,0,0,0,15,8,11,0,0.961,0,0,0,0,2025-10-27
APP101261,43,Berlin,Motorrad,6,Haftpflicht,Online,Freiberuflich,391.74,1136.78,0,1,0,0,0,0,24,4,3,0,2.894,0,0,0,0,2025-12-16
APP101262,50,Bayern,Motorrad,20,Vollkasko,Online,Freiberuflich,396.01,0.0,0,0,1,0,0,0,22,0,21,0,0.0,0,0,0,0,2025-04-05
APP101263,31,Berlin,Limousine,4,Vollkasko,Telefon,Angestellt,344.66,0.0,0,0,0,1,1,0,26,0,21,0,0.0,0,0,0,0,2025-07-30
APP101264,45,Hessen,Kleinwagen,1,Haftpflicht,Filiale,Student,314.39,6924.61,0,2,0,1,0,0,5,6,7,0,21.956,1,0,0,0,2025-11-01
APP101265,24,Hessen,SUV,4,Haftpflicht,Online,Rentner,316.83,0.0,0,0,0,0,0,0,25,0,10,0,0.0,0,0,0,0,2025-04-21
APP101266,41,Bayern,Limousine,4,Teilkasko,Online,Freiberuflich,280.0,1680.82,0,2,1,0,1,0,9,6,21,0,5.982,0,0,0,0,2025-01-04
APP101267,31,Sachsen,Elektrofahrzeug,6,Vollkasko,Makler,Selbstständig,589.45,8968.78,1,2,1,0,1,0,7,3,21,0,15.19,0,0,0,0,2025-03-03
APP101268,33,NRW,Motorrad,7,Haftpflicht,Makler,Rentner,1135.56,736.99,1,2,0,0,0,0,2,6,3,1,0.648,0,0,0,0,2025-01-18
APP101269,59,Bayern,Elektrofahrzeug,1,Teilkasko,Makler,Arbeitsuchend,1166.38,1371.11,1,4,2,0,0,0,51,3,11,1,1.175,0,0,1,0,2025-04-19
APP101270,57,Bayern,SUV,7,Vollkasko,Telefon,Freiberuflich,344.47,0.0,0,0,0,0,0,0,20,0,20,0,0.0,0,0,0,0,2025-05-06
APP101271,50,Rheinland-Pfalz,SUV,5,Teilkasko,Online,Freiberuflich,439.53,0.0,0,0,0,0,0,0,35,0,22,0,0.0,0,0,0,0,2025-11-16
APP101272,28,Berlin,Motorrad,4,Haftpflicht,Makler,Angestellt,827.16,624.42,1,3,0,0,0,0,46,7,9,0,0.754,0,0,0,0,2025-04-11
APP101273,38,Berlin,SUV,1,Vollkasko,Online,Angestellt,590.86,0.0,0,0,0,0,0,1,40,0,8,0,0.0,0,0,0,0,2025-06-29
APP101274,58,NRW,Elektrofahrzeug,11,Vollkasko,Online,Arbeitsuchend,521.39,1373.64,1,3,1,0,0,1,22,10,15,0,2.63,0,0,0,0,2025-10-19
APP101275,44,NRW,Kleinwagen,4,Vollkasko,Partnerportal,Student,442.38,0.0,0,0,0,0,0,0,17,0,3,0,0.0,0,0,0,0,2025-07-09
APP101276,73,Sachsen,Limousine,7,Vollkasko,Online,Angestellt,808.26,0.0,0,0,0,0,0,0,16,0,16,0,0.0,0,0,0,0,2025-10-31
APP101277,48,Sachsen,Motorrad,3,Haftpflicht,Filiale,Arbeitsuchend,313.98,1411.93,0,3,1,0,0,0,36,5,21,0,4.483,0,0,0,0,2025-12-18
APP101278,45,Bayern,Kleinwagen,6,Haftpflicht,Online,Rentner,603.03,2724.11,0,1,0,0,0,0,24,6,17,0,4.51,0,0,0,0,2025-09-02
APP101279,38,Baden-Württemberg,Limousine,4,Vollkasko,Online,Angestellt,569.56,0.0,0,0,0,0,0,0,68,0,6,0,0.0,0,0,0,0,2025-02-26
APP101280,44,Sachsen,Kleinwagen,7,Teilkasko,Online,Angestellt,501.81,1658.22,0,1,0,0,0,0,74,5,21,0,3.298,0,0,0,0,2025-02-26
APP101281,41,NRW,Limousine,4,Teilkasko,Filiale,Freiberuflich,685.98,0.0,0,0,0,0,0,0,6,0,8,0,0.0,0,0,0,0,2025-09-01
APP101282,52,NRW,Limousine,3,Vollkasko,Telefon,Arbeitsuchend,499.78,845.67,1,2,0,0,0,1,5,8,5,0,1.689,0,0,0,0,2025-12-13
APP101283,55,Baden-Württemberg,Transporter,5,Teilkasko,Filiale,Angestellt,393.66,415.65,0,2,0,0,0,0,35,7,21,0,1.053,0,0,0,0,2025-08-09
APP101284,32,Sachsen,SUV,5,Teilkasko,Telefon,Angestellt,512.27,0.0,0,0,0,0,1,0,12,0,19,0,0.0,0,0,0,0,2025-11-05
APP101285,25,Bayern,Limousine,6,Haftpflicht,Makler,Angestellt,280.0,0.0,0,0,0,0,0,0,1,0,2,0,0.0,0,0,0,0,2025-03-29
APP101286,19,Niedersachsen,Transporter,8,Teilkasko,Filiale,Freiberuflich,637.36,0.0,0,0,0,0,0,0,79,0,14,0,0.0,0,0,0,0,2025-03-03
APP101287,49,Rheinland-Pfalz,Limousine,2,Teilkasko,Telefon,Angestellt,709.57,0.0,0,0,0,0,0,0,9,0,0,0,0.0,0,0,0,0,2025-02-08
APP101288,28,Berlin,Limousine,8,Vollkasko,Online,Angestellt,373.99,407.23,0,1,0,0,1,0,95,10,23,0,1.086,0,0,0,0,2025-03-23
APP101289,18,Rheinland-Pfalz,SUV,2,Haftpflicht,Filiale,Student,338.43,840.08,1,1,0,0,0,0,45,3,23,0,2.475,0,0,0,0,2025-01-10
APP101290,48,Sachsen,Transporter,7,Haftpflicht,Makler,Selbstständig,379.82,813.86,0,1,0,0,0,0,51,3,16,0,2.137,0,0,0,0,2025-02-25
APP101291,75,NRW,Motorrad,7,Haftpflicht,Online,Selbstständig,479.88,1771.32,0,1,0,0,0,1,8,6,8,0,3.683,0,0,0,0,2025-09-22
APP101292,42,Niedersachsen,Transporter,3,Haftpflicht,Online,Angestellt,539.52,1108.48,0,2,0,0,0,0,9,4,1,0,2.051,0,0,0,0,2025-06-27
APP101293,53,Berlin,SUV,3,Vollkasko,Makler,Angestellt,971.17,638.89,1,1,0,0,0,1,26,6,5,0,0.657,0,0,0,0,2025-09-25
APP101294,44,Berlin,SUV,3,Haftpflicht,Makler,Angestellt,920.96,0.0,0,0,0,0,0,0,6,0,15,0,0.0,0,0,0,0,2025-03-14
APP101295,41,Berlin,Limousine,5,Haftpflicht,Online,Freiberuflich,698.72,1365.62,0,1,0,0,0,0,13,8,12,0,1.952,0,0,0,0,2025-01-17
APP101296,54,Baden-Württemberg,Limousine,7,Haftpflicht,Filiale,Angestellt,518.49,1754.79,0,3,0,0,0,0,13,7,5,0,3.378,0,0,0,0,2025-02-04
APP101297,39,Hessen,Motorrad,4,Teilkasko,Online,Rentner,333.85,0.0,0,0,1,0,0,0,6,0,22,0,0.0,0,0,0,0,2025-07-14
APP101298,46,Sachsen,Transporter,0,Vollkasko,Partnerportal,Angestellt,997.7,0.0,0,0,0,0,0,0,8,0,14,0,0.0,0,0,0,0,2025-07-17
APP101299,47,Niedersachsen,SUV,3,Vollkasko,Partnerportal,Angestellt,444.07,0.0,0,0,1,0,0,0,55,0,4,0,0.0,0,0,0,0,2025-12-09
APP101300,34,Baden-Württemberg,Limousine,3,Haftpflicht,Filiale,Student,554.56,805.56,0,1,0,0,0,0,6,7,16,0,1.45,0,0,0,0,2025-10-18
APP101301,55,Niedersachsen,Elektrofahrzeug,7,Teilkasko,Online,Rentner,641.29,0.0,0,0,0,1,0,0,1,0,8,0,0.0,0,0,0,0,2025-07-19
APP101302,40,Baden-Württemberg,Kleinwagen,7,Haftpflicht,Partnerportal,Student,505.66,0.0,0,0,0,0,0,0,35,0,12,0,0.0,0,0,0,0,2025-10-17
APP101303,33,NRW,Motorrad,5,Vollkasko,Online,Selbstständig,799.08,0.0,0,0,0,1,0,0,134,0,6,0,0.0,0,0,0,0,2025-01-11
APP101304,49,Bayern,Kleinwagen,8,Haftpflicht,Online,Selbstständig,596.61,1401.06,0,2,0,0,0,0,14,6,15,0,2.344,0,0,0,0,2025-08-09
APP101305,31,Niedersachsen,Limousine,9,Haftpflicht,Filiale,Selbstständig,746.38,3851.63,1,1,0,1,0,0,4,8,7,0,5.154,1,0,0,0,2025-01-10
APP101306,43,Sachsen,Limousine,3,Haftpflicht,Filiale,Freiberuflich,594.6,570.74,1,3,0,1,0,0,30,7,17,0,0.958,0,0,0,0,2025-03-23
APP101307,42,Berlin,SUV,3,Teilkasko,Online,Angestellt,484.97,1859.91,1,1,0,1,0,0,85,4,4,0,3.827,0,0,0,0,2025-12-04
APP101308,57,Berlin,SUV,5,Haftpflicht,Filiale,Angestellt,508.34,1302.99,0,2,0,0,0,0,55,4,12,0,2.558,0,0,0,0,2025-09-25
APP101309,49,Bayern,Kleinwagen,5,Haftpflicht,Online,Freiberuflich,480.03,2428.51,2,2,1,0,0,0,35,4,23,0,5.049,0,1,0,0,2025-06-28
APP101310,42,Rheinland-Pfalz,Kleinwagen,3,Haftpflicht,Partnerportal,Angestellt,287.32,0.0,0,0,1,1,0,1,13,0,22,0,0.0,0,0,0,0,2025-03-24
APP101311,53,Hessen,Transporter,23,Vollkasko,Telefon,Rentner,323.65,1812.08,0,1,0,0,0,0,28,7,6,0,5.582,0,0,0,0,2025-08-21
APP101312,61,NRW,SUV,11,Haftpflicht,Filiale,Angestellt,672.52,3092.9,1,2,0,0,0,1,3,8,19,0,4.592,0,0,0,0,2025-12-19
APP101313,50,NRW,Limousine,3,Haftpflicht,Online,Freiberuflich,290.34,0.0,0,0,1,0,1,0,40,0,12,0,0.0,0,0,0,0,2025-03-30
APP101314,43,Baden-Württemberg,Limousine,2,Haftpflicht,Online,Angestellt,415.81,1489.07,1,4,0,0,0,1,46,4,1,0,3.573,0,0,0,0,2025-04-18
APP101315,25,Berlin,Motorrad,3,Vollkasko,Online,Angestellt,317.02,0.0,0,0,0,0,0,0,120,0,18,1,0.0,0,0,0,0,2025-07-06
APP101316,29,Niedersachsen,Transporter,9,Teilkasko,Filiale,Angestellt,406.57,2202.01,0,2,0,0,0,0,10,5,13,0,5.403,0,0,0,0,2025-01-02
APP101317,39,Bayern,Motorrad,9,Teilkasko,Filiale,Student,461.64,6383.44,1,3,0,0,0,0,1,5,13,0,13.798,1,0,0,0,2025-09-15
APP101318,35,Hessen,Kleinwagen,11,Haftpflicht,Telefon,Angestellt,415.46,420.83,1,1,0,0,0,0,28,5,8,0,1.01,0,0,0,0,2025-05-13
APP101319,40,NRW,Motorrad,3,Teilkasko,Makler,Arbeitsuchend,280.0,0.0,0,0,1,0,0,0,44,0,3,0,0.0,0,0,0,0,2025-05-30
APP101320,43,Bayern,Elektrofahrzeug,7,Haftpflicht,Telefon,Angestellt,455.81,0.0,0,0,1,0,0,0,56,0,16,0,0.0,0,0,0,0,2025-11-21
APP101321,49,Niedersachsen,SUV,3,Vollkasko,Partnerportal,Angestellt,329.4,1244.77,0,1,0,0,1,0,7,3,19,0,3.767,0,0,0,0,2025-06-05
APP101322,42,Hessen,Kleinwagen,12,Teilkasko,Online,Angestellt,377.15,1394.56,1,2,0,0,2,0,10,6,15,0,3.688,0,0,0,1,2025-05-22
APP101323,49,Sachsen,Transporter,3,Haftpflicht,Online,Angestellt,672.51,869.27,0,1,1,0,0,0,25,4,23,0,1.291,0,0,0,0,2025-04-14
APP101324,43,Sachsen,SUV,2,Teilkasko,Filiale,Angestellt,736.03,0.0,0,0,0,0,0,0,14,0,7,0,0.0,0,0,0,0,2025-04-17
APP101325,18,Niedersachsen,Transporter,2,Teilkasko,Makler,Angestellt,284.12,1125.87,0,1,1,0,1,0,70,9,14,0,3.949,0,0,0,0,2025-02-19
APP101326,30,NRW,Kleinwagen,5,Haftpflicht,Telefon,Angestellt,952.26,0.0,0,0,0,0,0,0,23,0,17,1,0.0,0,0,0,0,2025-07-21
APP101327,41,Bayern,SUV,7,Haftpflicht,Online,Angestellt,397.73,0.0,0,0,0,0,0,0,57,0,9,0,0.0,0,0,0,0,2025-06-18
APP101328,27,Niedersachsen,SUV,7,Haftpflicht,Makler,Angestellt,382.82,0.0,0,0,0,0,0,0,31,0,3,0,0.0,0,0,0,0,2025-05-23
APP101329,50,Sachsen,SUV,2,Haftpflicht,Partnerportal,Angestellt,338.83,4597.44,1,1,1,0,0,0,53,2,6,0,13.529,0,0,0,0,2025-11-20
APP101330,62,Sachsen,Transporter,4,Teilkasko,Partnerportal,Freiberuflich,504.46,848.73,0,1,0,0,0,0,14,9,23,0,1.679,0,0,0,0,2025-10-26
APP101331,58,NRW,SUV,3,Vollkasko,Filiale,Angestellt,1132.58,423.41,0,1,0,1,1,0,64,4,16,0,0.374,0,0,0,0,2025-11-01
APP101332,40,Bayern,Limousine,2,Vollkasko,Makler,Arbeitsuchend,280.0,0.0,0,0,0,0,1,0,11,0,7,0,0.0,0,0,0,0,2025-05-26
APP101333,62,Bayern,Limousine,3,Vollkasko,Online,Angestellt,280.0,660.22,0,2,0,0,1,1,28,8,0,0,2.35,0,0,0,0,2025-12-03
APP101334,44,Bayern,Transporter,10,Teilkasko,Online,Angestellt,551.57,388.55,0,2,0,1,0,0,8,9,21,1,0.703,0,0,0,0,2025-04-05
APP101335,38,Hessen,SUV,2,Teilkasko,Filiale,Angestellt,625.86,1364.16,0,1,0,0,0,0,23,5,20,0,2.176,0,0,0,0,2025-10-30
APP101336,35,Bayern,Limousine,6,Haftpflicht,Partnerportal,Arbeitsuchend,503.77,0.0,0,0,0,0,0,0,13,0,9,1,0.0,0,0,0,0,2025-03-25
APP101337,39,Bayern,Limousine,11,Vollkasko,Partnerportal,Arbeitsuchend,632.85,712.65,0,1,1,0,1,0,11,6,14,0,1.124,0,0,0,0,2025-04-03
APP101338,37,Berlin,SUV,10,Teilkasko,Partnerportal,Angestellt,306.39,0.0,0,0,1,0,0,1,122,0,22,0,0.0,0,0,0,0,2025-03-08
APP101339,45,Bayern,Limousine,12,Haftpflicht,Online,Angestellt,331.34,329.24,0,1,0,1,0,0,6,6,5,0,0.991,0,0,0,0,2025-07-18
APP101340,45,Berlin,Elektrofahrzeug,6,Vollkasko,Filiale,Freiberuflich,519.08,0.0,0,0,1,1,0,1,55,0,9,0,0.0,0,0,0,0,2025-03-01
APP101341,43,NRW,SUV,6,Teilkasko,Telefon,Freiberuflich,1031.11,0.0,0,0,0,0,0,0,149,0,0,0,0.0,0,0,0,0,2025-12-19
APP101342,48,Sachsen,SUV,3,Teilkasko,Online,Student,623.59,234.81,2,3,0,0,0,0,1,6,5,1,0.376,0,1,0,0,2025-08-06
APP101343,58,Bayern,Kleinwagen,2,Haftpflicht,Filiale,Arbeitsuchend,635.89,528.38,1,1,0,0,0,0,43,5,12,0,0.83,0,0,0,0,2025-07-31
APP101344,55,Bayern,SUV,4,Haftpflicht,Makler,Arbeitsuchend,313.89,262.47,1,2,0,0,0,0,10,6,2,0,0.834,0,0,0,0,2025-06-09
APP101345,23,Bayern,Limousine,9,Haftpflicht,Online,Rentner,588.4,0.0,0,0,0,0,1,0,1,0,11,0,0.0,0,0,0,0,2025-12-07
APP101346,18,Rheinland-Pfalz,Limousine,0,Vollkasko,Online,Angestellt,299.91,1743.85,1,1,0,0,0,0,18,2,14,0,5.795,0,0,0,0,2025-06-29
APP101347,55,NRW,SUV,3,Vollkasko,Online,Angestellt,1035.31,1333.4,1,1,0,0,0,1,98,11,21,0,1.287,0,0,0,0,2025-02-22
APP101348,25,Niedersachsen,SUV,7,Haftpflicht,Partnerportal,Selbstständig,322.14,9256.6,1,1,0,0,0,0,1,8,6,1,28.646,1,0,0,0,2025-12-27
APP101349,40,Rheinland-Pfalz,Motorrad,5,Teilkasko,Makler,Angestellt,352.65,0.0,0,0,0,0,0,0,31,0,5,0,0.0,0,0,0,0,2025-09-11
APP101350,27,Sachsen,Kleinwagen,10,Vollkasko,Telefon,Angestellt,280.0,0.0,0,0,0,0,0,1,25,0,8,1,0.0,0,0,0,0,2025-07-03
APP101351,19,Bayern,Kleinwagen,9,Haftpflicht,Telefon,Angestellt,510.83,438.12,1,3,0,0,1,0,74,7,15,0,0.856,0,0,0,0,2025-11-24
APP101352,50,NRW,Kleinwagen,1,Teilkasko,Telefon,Angestellt,501.9,0.0,0,0,0,0,0,0,3,0,11,0,0.0,0,0,0,0,2025-08-31
APP101353,52,Sachsen,Motorrad,5,Vollkasko,Online,Student,930.35,0.0,0,0,0,0,0,0,41,0,8,0,0.0,0,0,0,0,2025-01-16
APP101354,35,Niedersachsen,Kleinwagen,3,Haftpflicht,Online,Angestellt,682.73,2000.12,0,1,0,0,0,0,41,9,7,0,2.925,0,0,0,0,2025-12-13
APP101355,18,Hessen,Elektrofahrzeug,3,Vollkasko,Online,Freiberuflich,353.5,1291.58,0,1,0,0,2,0,39,7,4,0,3.643,0,0,0,1,2025-05-18
APP101356,35,Sachsen,Elektrofahrzeug,2,Haftpflicht,Telefon,Angestellt,711.11,1529.19,0,1,1,0,0,0,102,5,2,0,2.147,0,0,0,0,2025-12-14
APP101357,48,Niedersachsen,Elektrofahrzeug,6,Haftpflicht,Online,Arbeitsuchend,292.28,343.86,1,1,0,0,0,0,62,4,3,0,1.172,0,0,0,0,2025-03-22
APP101358,23,Sachsen,Elektrofahrzeug,10,Vollkasko,Filiale,Selbstständig,364.41,1385.04,0,2,1,0,0,0,1,6,10,0,3.79,0,0,0,0,2025-09-11
APP101359,45,Niedersachsen,Kleinwagen,6,Haftpflicht,Makler,Angestellt,517.88,1287.61,0,1,0,0,0,0,22,6,9,0,2.482,0,0,0,0,2025-05-06
APP101360,42,NRW,SUV,1,Teilkasko,Telefon,Freiberuflich,306.31,0.0,0,0,1,0,0,1,18,0,7,0,0.0,0,0,0,0,2025-12-11
APP101361,50,Berlin,Limousine,5,Haftpflicht,Telefon,Angestellt,770.59,766.82,0,1,0,0,0,0,13,7,8,0,0.994,0,0,0,0,2025-07-26
APP101362,44,Baden-Württemberg,Transporter,7,Vollkasko,Makler,Angestellt,1283.46,4393.58,1,2,0,1,0,0,21,4,12,0,3.421,0,0,0,0,2025-12-14
APP101363,30,NRW,Limousine,4,Teilkasko,Makler,Angestellt,435.42,0.0,0,0,1,0,0,0,17,0,23,0,0.0,0,0,0,0,2025-09-12
APP101364,58,Bayern,Limousine,6,Haftpflicht,Makler,Selbstständig,374.76,7047.97,0,1,0,0,0,0,20,6,18,0,18.757,0,0,0,0,2025-09-15
APP101365,40,Niedersachsen,Elektrofahrzeug,3,Haftpflicht,Partnerportal,Freiberuflich,466.65,0.0,0,0,0,0,0,0,139,0,22,1,0.0,0,0,0,0,2025-05-08
APP101366,42,Bayern,SUV,4,Haftpflicht,Online,Freiberuflich,389.91,777.58,0,1,0,0,0,1,3,5,10,0,1.989,0,0,0,0,2025-10-23
APP101367,30,Hessen,Transporter,4,Haftpflicht,Online,Rentner,550.0,325.32,0,1,0,1,0,0,91,2,23,0,0.59,0,0,0,0,2025-02-11
APP101368,37,Niedersachsen,SUV,11,Vollkasko,Filiale,Selbstständig,282.76,433.54,1,3,1,0,0,0,23,5,2,0,1.528,0,0,0,0,2025-08-11
APP101369,31,NRW,SUV,2,Vollkasko,Online,Selbstständig,563.28,0.0,0,0,0,1,0,0,35,0,0,0,0.0,0,0,0,0,2025-04-05
APP101370,40,Hessen,Limousine,1,Teilkasko,Filiale,Angestellt,1099.94,0.0,0,0,1,0,0,0,63,0,22,0,0.0,0,0,0,0,2025-06-02
APP101371,65,Bayern,Limousine,11,Vollkasko,Online,Angestellt,280.0,0.0,0,0,0,1,0,0,16,0,13,0,0.0,0,0,0,0,2025-05-09
APP101372,25,Hessen,Motorrad,5,Teilkasko,Partnerportal,Freiberuflich,301.62,680.35,1,3,0,0,0,0,20,3,18,0,2.248,0,0,0,0,2025-07-29
APP101373,22,NRW,Kleinwagen,2,Haftpflicht,Filiale,Arbeitsuchend,408.74,182.43,1,2,1,0,0,0,18,4,0,0,0.445,0,0,0,0,2025-01-16
APP101374,62,Hessen,Kleinwagen,8,Teilkasko,Online,Freiberuflich,618.68,0.0,0,0,0,0,0,1,16,0,22,0,0.0,0,0,0,0,2025-06-19
APP101375,40,Niedersachsen,Kleinwagen,7,Teilkasko,Partnerportal,Arbeitsuchend,716.2,950.61,0,2,0,0,0,0,93,5,11,0,1.325,0,0,0,0,2025-06-14
APP101376,34,Niedersachsen,Elektrofahrzeug,12,Haftpflicht,Partnerportal,Angestellt,692.41,0.0,0,0,0,0,0,0,63,0,13,0,0.0,0,0,0,0,2025-12-27
APP101377,56,Sachsen,Kleinwagen,5,Haftpflicht,Telefon,Angestellt,280.0,1531.02,0,1,0,0,0,1,4,6,14,1,5.448,0,0,0,0,2025-02-06
APP101378,35,Hessen,Kleinwagen,17,Teilkasko,Filiale,Freiberuflich,371.21,1441.99,0,2,0,0,0,1,4,2,6,0,3.874,0,0,0,0,2025-07-18
APP101379,66,Niedersachsen,Kleinwagen,4,Haftpflicht,Partnerportal,Rentner,337.6,921.24,0,3,0,0,0,0,20,2,3,0,2.721,0,0,0,0,2025-05-14
APP101380,51,NRW,Limousine,7,Teilkasko,Filiale,Angestellt,479.44,0.0,0,0,0,0,0,0,3,0,13,0,0.0,0,0,0,0,2025-12-17
APP101381,36,Hessen,SUV,8,Haftpflicht,Filiale,Freiberuflich,496.55,454.06,0,1,0,0,0,0,34,2,17,0,0.913,0,0,0,0,2025-08-25
APP101382,71,NRW,Elektrofahrzeug,23,Haftpflicht,Filiale,Angestellt,280.0,0.0,0,0,0,0,1,0,5,0,15,0,0.0,0,0,0,0,2025-07-21
APP101383,35,NRW,Limousine,4,Haftpflicht,Makler,Student,409.68,519.39,1,1,2,0,0,1,26,2,13,1,1.265,0,0,1,0,2025-06-23
APP101384,52,Niedersachsen,Limousine,3,Vollkasko,Online,Arbeitsuchend,628.8,724.34,1,2,0,0,1,0,1,7,20,0,1.15,0,0,0,0,2025-10-23
APP101385,46,Niedersachsen,Motorrad,8,Haftpflicht,Makler,Freiberuflich,378.46,0.0,0,0,0,0,0,0,13,0,10,0,0.0,0,0,0,0,2025-11-06
APP101386,59,Niedersachsen,Limousine,2,Teilkasko,Filiale,Rentner,453.0,0.0,0,0,0,0,0,0,40,0,5,0,0.0,0,0,0,0,2025-02-15
APP101387,63,Rheinland-Pfalz,Kleinwagen,3,Haftpflicht,Filiale,Angestellt,1004.95,4665.3,0,2,0,0,0,0,23,7,14,0,4.638,0,0,0,0,2025-04-29
APP101388,43,Sachsen,Transporter,4,Vollkasko,Makler,Angestellt,1136.62,2973.3,0,1,0,0,0,0,137,7,9,0,2.614,0,0,0,0,2025-10-24
APP101389,33,Hessen,Kleinwagen,12,Haftpflicht,Online,Angestellt,280.0,920.15,0,2,0,0,1,0,74,4,11,0,3.275,0,0,0,0,2025-08-18
APP101390,48,NRW,Kleinwagen,8,Haftpflicht,Online,Student,516.89,0.0,0,0,1,0,0,0,16,0,8,0,0.0,0,0,0,0,2025-12-20
APP101391,34,Hessen,SUV,5,Haftpflicht,Online,Angestellt,1677.66,4000.99,0,3,0,0,1,1,1,2,16,1,2.383,1,0,0,0,2025-11-19
APP101392,69,NRW,Kleinwagen,3,Haftpflicht,Makler,Angestellt,602.52,3885.83,1,1,0,0,0,1,67,3,17,0,6.439,0,0,0,0,2025-10-06
APP101393,44,Berlin,Limousine,15,Teilkasko,Filiale,Angestellt,496.59,684.59,0,1,0,0,0,0,87,4,10,0,1.376,0,0,0,0,2025-06-20
APP101394,38,Bayern,Limousine,5,Haftpflicht,Partnerportal,Angestellt,855.19,2651.84,0,1,1,0,0,0,61,5,5,0,3.097,0,0,0,0,2025-11-13
APP101395,45,Bayern,Limousine,3,Vollkasko,Online,Freiberuflich,540.02,913.83,1,2,0,0,0,0,4,3,18,0,1.689,0,0,0,0,2025-09-30
APP101396,25,Bayern,Elektrofahrzeug,16,Teilkasko,Filiale,Angestellt,663.7,0.0,0,0,1,0,0,0,180,0,1,0,0.0,0,0,0,0,2025-08-09
APP101397,30,NRW,SUV,2,Haftpflicht,Makler,Arbeitsuchend,451.09,782.4,1,1,0,0,0,0,10,2,21,0,1.731,0,0,0,0,2025-07-12
APP101398,58,Sachsen,Kleinwagen,10,Haftpflicht,Telefon,Angestellt,536.72,0.0,0,0,0,0,0,0,46,0,22,0,0.0,0,0,0,0,2025-01-03
APP101399,34,NRW,Kleinwagen,5,Haftpflicht,Partnerportal,Freiberuflich,589.45,2364.22,0,1,1,0,0,0,85,4,19,0,4.004,0,0,0,0,2025-03-19
APP101400,29,Niedersachsen,SUV,8,Haftpflicht,Partnerportal,Rentner,708.77,5585.41,1,2,0,0,0,0,9,3,12,1,7.869,0,0,0,0,2025-07-22
APP101401,49,Niedersachsen,Transporter,7,Haftpflicht,Makler,Student,411.03,817.11,0,1,0,0,0,0,85,7,8,0,1.983,0,0,0,0,2025-01-30
APP101402,58,Bayern,Limousine,8,Vollkasko,Makler,Angestellt,406.37,0.0,0,0,1,0,0,1,13,0,11,0,0.0,0,0,0,0,2025-01-21
APP101403,52,Bayern,Motorrad,17,Teilkasko,Filiale,Freiberuflich,280.0,0.0,0,0,0,0,0,0,134,0,15,0,0.0,0,0,0,0,2025-05-24
APP101404,55,Baden-Württemberg,Elektrofahrzeug,16,Teilkasko,Online,Selbstständig,418.8,2483.42,0,1,3,0,1,0,11,7,18,0,5.916,0,0,1,0,2025-08-26
APP101405,33,NRW,SUV,3,Haftpflicht,Partnerportal,Angestellt,735.3,0.0,0,0,1,0,0,0,110,0,1,0,0.0,0,0,0,0,2025-11-14
APP101406,24,NRW,SUV,7,Teilkasko,Online,Angestellt,598.58,9297.22,0,2,0,0,0,3,1,4,15,1,15.506,1,0,0,1,2025-03-01
APP101407,62,Sachsen,Transporter,1,Vollkasko,Partnerportal,Angestellt,324.2,1825.73,2,4,0,0,0,1,44,8,4,0,5.614,0,1,0,0,2025-04-25
APP101408,38,Bayern,Transporter,8,Vollkasko,Online,Selbstständig,280.0,2242.8,0,2,0,0,0,1,27,7,16,0,7.981,0,0,0,0,2025-09-04
APP101409,39,Baden-Württemberg,Kleinwagen,9,Teilkasko,Makler,Student,464.14,0.0,0,0,0,1,0,0,23,0,5,0,0.0,0,0,0,0,2025-03-07
APP101410,60,Berlin,SUV,1,Teilkasko,Partnerportal,Angestellt,726.32,0.0,0,0,0,0,0,0,9,0,23,0,0.0,0,0,0,0,2025-12-28
APP101411,50,Bayern,Limousine,5,Haftpflicht,Makler,Angestellt,402.97,877.51,0,1,1,0,0,0,44,6,6,0,2.172,0,0,0,0,2025-11-19
APP101412,48,Bayern,Elektrofahrzeug,8,Teilkasko,Online,Student,280.0,0.0,0,0,0,1,0,0,7,0,5,0,0.0,0,0,0,0,2025-09-28
APP101413,71,Bayern,Kleinwagen,6,Vollkasko,Partnerportal,Angestellt,384.68,0.0,0,0,0,1,0,0,28,0,2,0,0.0,0,0,0,0,2025-09-25
APP101414,34,Hessen,Elektrofahrzeug,2,Haftpflicht,Online,Arbeitsuchend,565.09,898.33,0,1,1,1,0,0,10,4,20,0,1.587,0,0,0,0,2025-01-19
APP101415,55,Hessen,SUV,2,Haftpflicht,Partnerportal,Freiberuflich,830.33,1278.58,1,3,0,1,1,0,112,7,14,0,1.538,0,0,0,0,2025-08-21
APP101416,43,Bayern,Limousine,4,Haftpflicht,Telefon,Freiberuflich,442.39,880.95,0,1,0,0,0,0,1,7,15,0,1.987,0,0,0,0,2025-01-14
APP101417,46,Hessen,Motorrad,4,Vollkasko,Makler,Angestellt,767.44,877.63,1,1,1,0,1,0,8,6,16,0,1.142,0,0,0,0,2025-05-23
APP101418,62,Niedersachsen,Kleinwagen,4,Haftpflicht,Filiale,Rentner,732.53,0.0,0,0,0,0,0,0,9,0,8,0,0.0,0,0,0,0,2025-03-28
APP101419,49,Bayern,Limousine,2,Teilkasko,Partnerportal,Angestellt,300.61,1406.84,0,3,0,0,0,1,19,4,8,0,4.664,0,0,0,0,2025-09-24
APP101420,49,Hessen,Transporter,5,Haftpflicht,Makler,Angestellt,833.22,1627.84,1,1,1,0,0,1,9,2,16,0,1.951,0,0,0,0,2025-03-04
APP101421,56,Niedersachsen,Motorrad,12,Vollkasko,Partnerportal,Selbstständig,557.77,351.18,0,2,0,0,0,0,24,8,6,0,0.628,0,0,0,0,2025-10-26
APP101422,38,Berlin,Kleinwagen,2,Teilkasko,Online,Selbstständig,296.84,1737.04,0,1,0,0,0,0,74,5,1,0,5.832,0,0,0,0,2025-07-14
APP101423,32,Baden-Württemberg,Elektrofahrzeug,4,Teilkasko,Online,Rentner,1032.3,0.0,0,0,1,0,0,0,44,0,5,0,0.0,0,0,0,0,2025-06-20
APP101424,29,NRW,Kleinwagen,7,Teilkasko,Telefon,Angestellt,467.43,863.86,0,2,0,0,0,1,31,3,9,0,1.844,0,0,0,0,2025-05-09
APP101425,18,Bayern,Limousine,1,Haftpflicht,Online,Selbstständig,280.0,7131.49,0,2,0,0,0,1,3,4,16,1,25.379,1,0,0,0,2025-05-12
APP101426,69,Niedersachsen,Kleinwagen,5,Teilkasko,Online,Angestellt,366.27,173.15,2,2,0,0,1,0,42,2,13,0,0.471,0,1,0,0,2025-12-07
APP101427,28,Rheinland-Pfalz,Kleinwagen,9,Haftpflicht,Makler,Angestellt,330.29,0.0,0,0,0,0,0,0,6,0,2,0,0.0,0,0,0,0,2025-01-25
APP101428,40,Baden-Württemberg,Elektrofahrzeug,2,Haftpflicht,Online,Student,370.06,0.0,0,0,0,1,0,0,55,0,15,0,0.0,0,0,0,0,2025-12-06
APP101429,39,Sachsen,Elektrofahrzeug,5,Haftpflicht,Online,Arbeitsuchend,408.72,1920.51,1,2,1,0,0,1,10,1,15,0,4.687,0,0,0,0,2025-03-15
APP101430,46,Berlin,SUV,9,Teilkasko,Online,Rentner,442.26,1407.8,0,1,1,0,1,0,19,4,4,0,3.176,0,0,0,0,2025-07-29
APP101431,53,Sachsen,Elektrofahrzeug,17,Vollkasko,Makler,Arbeitsuchend,435.33,1935.42,1,3,1,0,0,0,15,6,15,0,4.436,0,0,0,0,2025-08-13
APP101432,54,Bayern,SUV,5,Haftpflicht,Online,Selbstständig,472.98,0.0,0,0,0,0,0,0,70,0,22,0,0.0,0,0,0,0,2025-02-22
APP101433,35,NRW,Transporter,3,Haftpflicht,Partnerportal,Angestellt,630.62,653.93,2,2,0,0,0,0,4,6,4,0,1.035,0,1,0,0,2025-05-11
APP101434,40,Berlin,Kleinwagen,1,Vollkasko,Online,Freiberuflich,360.14,1562.93,0,5,0,0,0,0,30,4,23,0,4.328,0,0,0,0,2025-06-27
APP101435,46,Bayern,Limousine,3,Teilkasko,Online,Angestellt,809.18,1037.1,1,3,0,0,0,0,5,4,4,0,1.28,0,0,0,0,2025-01-13
APP101436,39,Baden-Württemberg,SUV,1,Vollkasko,Filiale,Rentner,294.54,0.0,0,0,0,0,0,1,43,0,5,0,0.0,0,0,0,0,2025-10-18
APP101437,63,Bayern,Transporter,13,Haftpflicht,Filiale,Arbeitsuchend,638.01,2229.64,0,1,0,0,0,0,84,5,17,0,3.489,0,0,0,0,2025-05-26
APP101438,49,Bayern,Limousine,8,Haftpflicht,Partnerportal,Rentner,982.57,750.17,1,2,0,0,0,0,20,8,11,0,0.763,0,0,0,0,2025-01-30
APP101439,52,Bayern,Elektrofahrzeug,2,Vollkasko,Online,Angestellt,457.38,0.0,0,0,0,0,0,0,24,0,20,0,0.0,0,0,0,0,2025-02-09
APP101440,51,NRW,Transporter,3,Teilkasko,Online,Angestellt,534.46,766.44,2,2,0,0,0,0,94,3,6,1,1.431,0,1,0,0,2025-04-20
APP101441,58,Niedersachsen,SUV,5,Teilkasko,Online,Angestellt,328.14,0.0,0,0,0,0,0,0,26,0,16,0,0.0,0,0,0,0,2025-01-30
APP101442,45,Bayern,Limousine,9,Haftpflicht,Filiale,Freiberuflich,397.44,0.0,0,0,0,1,0,0,24,0,9,0,0.0,0,0,0,0,2025-07-05
APP101443,26,Sachsen,SUV,7,Vollkasko,Partnerportal,Arbeitsuchend,951.87,0.0,0,0,0,0,0,0,31,0,8,0,0.0,0,0,0,0,2025-12-10
APP101444,48,Hessen,SUV,6,Vollkasko,Filiale,Student,674.76,3924.62,0,1,0,1,0,0,42,5,8,0,5.808,0,0,0,0,2025-03-31
APP101445,34,Niedersachsen,SUV,6,Haftpflicht,Online,Angestellt,587.45,0.0,0,0,0,0,0,0,4,0,23,0,0.0,0,0,0,0,2025-11-17
APP101446,36,NRW,SUV,2,Haftpflicht,Partnerportal,Selbstständig,280.0,2547.95,1,1,0,0,0,0,61,2,10,0,9.067,0,0,0,0,2025-12-19
APP101447,50,Baden-Württemberg,Limousine,5,Teilkasko,Filiale,Freiberuflich,364.7,13543.74,1,2,0,0,0,1,20,4,13,0,37.035,0,0,0,0,2025-03-13
APP101448,59,Baden-Württemberg,Motorrad,5,Haftpflicht,Filiale,Angestellt,1022.88,1640.29,0,1,0,0,0,0,2,4,4,0,1.602,0,0,0,0,2025-01-12
APP101449,43,Hessen,Limousine,1,Haftpflicht,Telefon,Angestellt,585.55,0.0,0,0,0,0,1,0,55,0,6,0,0.0,0,0,0,0,2025-03-19
APP101450,47,NRW,SUV,12,Vollkasko,Telefon,Rentner,617.05,2185.26,0,2,0,0,0,1,17,3,16,0,3.536,0,0,0,0,2025-10-01
APP101451,65,Rheinland-Pfalz,SUV,3,Haftpflicht,Makler,Student,529.34,361.85,0,1,0,0,1,0,3,5,22,0,0.682,0,0,0,0,2025-08-24
APP101452,46,Hessen,Motorrad,1,Haftpflicht,Filiale,Angestellt,380.9,1994.09,1,1,0,0,0,0,36,5,8,0,5.221,0,0,0,0,2025-04-14
APP101453,76,Bayern,SUV,4,Haftpflicht,Online,Freiberuflich,566.61,1572.6,0,1,0,0,0,0,76,5,18,0,2.771,0,0,0,0,2025-03-06
APP101454,50,Berlin,Motorrad,4,Teilkasko,Makler,Freiberuflich,280.0,0.0,0,0,0,0,0,0,78,0,20,0,0.0,0,0,0,0,2025-08-01
APP101455,20,NRW,Elektrofahrzeug,5,Haftpflicht,Online,Rentner,280.0,0.0,0,0,0,0,0,0,113,0,12,0,0.0,0,0,0,0,2025-02-06
APP101456,52,Baden-Württemberg,Kleinwagen,4,Teilkasko,Online,Arbeitsuchend,361.83,2186.12,0,3,0,0,1,0,72,3,8,0,6.025,0,0,0,0,2025-10-12
APP101457,47,Niedersachsen,SUV,5,Vollkasko,Filiale,Angestellt,534.17,530.31,0,1,1,0,0,0,1,5,12,0,0.991,0,0,0,0,2025-06-23
APP101458,59,NRW,Motorrad,5,Vollkasko,Online,Rentner,280.0,0.0,0,0,0,0,0,0,17,0,13,0,0.0,0,0,0,0,2025-04-14
APP101459,51,Baden-Württemberg,Motorrad,5,Teilkasko,Online,Freiberuflich,519.76,1335.48,1,1,0,0,0,0,61,5,7,0,2.564,0,0,0,0,2025-08-04
APP101460,41,NRW,Kleinwagen,6,Haftpflicht,Online,Student,324.5,428.46,1,2,0,0,0,0,16,5,13,0,1.316,0,0,0,0,2025-10-27
APP101461,27,Niedersachsen,SUV,6,Vollkasko,Online,Selbstständig,343.39,782.98,1,2,0,0,0,0,33,3,12,0,2.274,0,0,0,0,2025-01-18
APP101462,40,Baden-Württemberg,Kleinwagen,7,Teilkasko,Partnerportal,Rentner,850.5,0.0,0,0,1,1,0,0,33,0,22,0,0.0,0,0,0,0,2025-03-20
APP101463,31,Niedersachsen,Motorrad,8,Haftpflicht,Telefon,Angestellt,500.53,0.0,0,0,0,1,0,0,16,0,9,0,0.0,0,0,0,0,2025-08-23
APP101464,35,Hessen,Kleinwagen,3,Haftpflicht,Partnerportal,Angestellt,337.11,571.41,1,1,0,1,1,0,84,4,21,0,1.69,0,0,0,0,2025-12-31
APP101465,50,Niedersachsen,Kleinwagen,3,Haftpflicht,Makler,Arbeitsuchend,532.97,0.0,0,0,0,0,0,0,25,0,1,0,0.0,0,0,0,0,2025-01-20
APP101466,64,NRW,Limousine,9,Haftpflicht,Filiale,Angestellt,280.0,0.0,0,0,0,0,0,1,22,0,11,0,0.0,0,0,0,0,2025-10-17
APP101467,48,Rheinland-Pfalz,Kleinwagen,4,Haftpflicht,Partnerportal,Freiberuflich,578.58,0.0,0,0,0,0,0,0,180,0,15,0,0.0,0,0,0,0,2025-03-14
APP101468,27,Bayern,Elektrofahrzeug,4,Haftpflicht,Online,Rentner,784.52,777.75,0,1,1,0,0,1,24,7,6,0,0.99,0,0,0,0,2025-12-20
APP101469,48,Sachsen,Kleinwagen,4,Haftpflicht,Makler,Angestellt,650.62,0.0,0,0,0,0,0,0,7,0,1,0,0.0,0,0,0,0,2025-06-12
APP101470,58,Bayern,Limousine,16,Teilkasko,Online,Rentner,1219.55,1026.59,0,1,0,0,0,0,25,5,15,0,0.841,0,0,0,0,2025-07-04
APP101471,35,Niedersachsen,Kleinwagen,3,Haftpflicht,Online,Angestellt,280.0,0.0,0,0,1,0,0,0,60,0,21,0,0.0,0,0,0,0,2025-10-10
APP101472,41,NRW,Elektrofahrzeug,2,Vollkasko,Partnerportal,Angestellt,519.74,732.59,0,2,0,0,1,0,53,4,5,0,1.407,0,0,0,0,2025-08-22
APP101473,43,Baden-Württemberg,Limousine,5,Haftpflicht,Partnerportal,Arbeitsuchend,280.26,766.64,0,4,1,0,0,0,55,3,15,0,2.726,0,0,0,0,2025-10-01
APP101474,32,NRW,Limousine,4,Vollkasko,Online,Angestellt,458.17,0.0,0,0,0,0,0,0,44,0,12,0,0.0,0,0,0,0,2025-05-26
APP101475,51,Sachsen,Kleinwagen,2,Haftpflicht,Online,Angestellt,493.07,923.55,1,3,1,0,0,0,10,4,9,0,1.869,0,0,0,0,2025-06-04
APP101476,41,Berlin,SUV,5,Vollkasko,Online,Selbstständig,1283.74,462.2,1,2,3,1,1,0,71,1,19,0,0.36,0,0,1,0,2025-08-11
APP101477,48,NRW,Elektrofahrzeug,5,Haftpflicht,Partnerportal,Angestellt,480.53,818.28,1,1,0,0,0,0,80,3,8,0,1.699,0,0,0,0,2025-04-07
APP101478,31,Hessen,Elektrofahrzeug,3,Vollkasko,Telefon,Angestellt,476.78,1269.25,0,4,0,0,0,0,7,10,1,0,2.657,0,0,0,0,2025-05-23
APP101479,37,Bayern,Elektrofahrzeug,4,Teilkasko,Partnerportal,Angestellt,751.57,389.23,0,2,0,0,0,0,5,2,20,0,0.517,0,0,0,0,2025-02-16
APP101480,52,Bayern,Limousine,3,Haftpflicht,Partnerportal,Angestellt,481.94,4827.49,1,1,0,0,0,0,133,4,15,0,9.996,0,0,0,0,2025-10-19
APP101481,38,Bayern,Elektrofahrzeug,2,Haftpflicht,Online,Selbstständig,1063.25,0.0,0,0,0,0,1,0,72,0,2,0,0.0,0,0,0,0,2025-01-19
APP101482,65,Hessen,Limousine,4,Vollkasko,Makler,Angestellt,652.8,4087.33,0,1,2,0,0,0,80,8,21,0,6.252,0,0,1,0,2025-12-21
APP101483,37,Niedersachsen,SUV,2,Haftpflicht,Online,Angestellt,697.83,1691.39,0,1,0,0,0,0,78,4,1,0,2.42,0,0,0,0,2025-08-12
APP101484,45,Rheinland-Pfalz,SUV,2,Haftpflicht,Telefon,Selbstständig,280.0,0.0,0,0,0,0,0,0,28,0,9,1,0.0,0,0,0,0,2025-02-14
APP101485,55,Berlin,Kleinwagen,1,Haftpflicht,Filiale,Angestellt,1134.32,4469.51,0,1,0,0,0,0,37,2,19,0,3.937,0,0,0,0,2025-04-13
APP101486,24,Bayern,Kleinwagen,6,Haftpflicht,Online,Rentner,374.01,581.71,0,1,0,0,0,0,28,5,22,0,1.551,0,0,0,0,2025-09-09
APP101487,20,Niedersachsen,Motorrad,4,Haftpflicht,Online,Angestellt,490.74,623.37,0,1,1,0,0,0,1,4,4,0,1.268,0,0,0,0,2025-02-26
APP101488,23,NRW,Motorrad,9,Teilkasko,Online,Arbeitsuchend,374.6,1384.2,1,1,0,1,0,0,49,4,7,0,3.685,0,0,0,0,2025-11-28
APP101489,59,Niedersachsen,Kleinwagen,4,Teilkasko,Online,Rentner,320.48,3910.79,0,2,0,0,0,0,25,7,11,0,12.165,0,0,0,0,2025-04-29
APP101490,35,Niedersachsen,Limousine,6,Haftpflicht,Filiale,Freiberuflich,297.4,2966.96,1,4,0,1,1,0,37,5,3,0,9.943,0,0,0,0,2025-06-06
APP101491,76,Bayern,Motorrad,3,Vollkasko,Telefon,Angestellt,514.59,2618.45,0,1,0,0,0,1,25,3,13,0,5.079,0,0,0,0,2025-01-16
APP101492,35,Baden-Württemberg,Kleinwagen,5,Teilkasko,Partnerportal,Angestellt,280.0,929.78,1,1,0,0,0,1,24,2,22,0,3.309,0,0,0,0,2025-05-30
APP101493,45,Niedersachsen,Motorrad,1,Haftpflicht,Online,Angestellt,444.98,917.39,0,1,1,0,0,0,6,4,14,0,2.057,0,0,0,0,2025-11-24
APP101494,63,Berlin,Motorrad,4,Haftpflicht,Filiale,Arbeitsuchend,768.36,1626.28,2,2,0,1,0,0,11,5,20,0,2.114,0,1,0,0,2025-11-07
APP101495,69,NRW,Motorrad,3,Vollkasko,Online,Student,642.53,0.0,0,0,0,0,0,1,6,0,2,0,0.0,0,0,0,0,2025-05-24
APP101496,69,Bayern,Motorrad,8,Teilkasko,Online,Angestellt,590.89,0.0,0,0,0,1,0,0,7,0,23,0,0.0,0,0,0,0,2025-11-07
APP101497,58,Berlin,Motorrad,5,Vollkasko,Makler,Selbstständig,338.3,2454.31,0,2,0,0,0,0,129,5,21,0,7.233,0,0,0,0,2025-10-30
APP101498,56,Baden-Württemberg,Elektrofahrzeug,8,Haftpflicht,Partnerportal,Angestellt,280.0,2003.48,0,3,0,0,0,0,5,4,14,0,7.13,0,0,0,0,2025-03-14
APP101499,50,Niedersachsen,Motorrad,10,Teilkasko,Online,Selbstständig,763.23,0.0,0,0,0,0,0,0,11,0,3,0,0.0,0,0,0,0,2025-10-10
APP101500,53,Hessen,SUV,3,Haftpflicht,Partnerportal,Freiberuflich,408.07,1351.26,2,2,0,0,0,0,32,8,14,0,3.303,0,1,0,0,2025-04-21
APP101501,35,Niedersachsen,Kleinwagen,5,Teilkasko,Filiale,Angestellt,475.85,1104.86,0,1,0,0,0,0,33,5,8,0,2.317,0,0,0,0,2025-04-09
APP101502,32,NRW,SUV,2,Haftpflicht,Filiale,Angestellt,453.51,1398.03,0,1,0,0,0,1,6,3,17,0,3.076,0,0,0,0,2025-07-30
APP101503,42,NRW,Elektrofahrzeug,6,Teilkasko,Online,Angestellt,653.54,638.31,0,1,0,0,1,1,56,7,12,0,0.975,0,0,0,0,2025-12-17
APP101504,40,Baden-Württemberg,Elektrofahrzeug,7,Vollkasko,Makler,Selbstständig,1068.69,0.0,0,0,0,0,0,0,55,0,8,0,0.0,0,0,0,0,2025-05-23
APP101505,37,Berlin,Transporter,6,Haftpflicht,Online,Angestellt,910.69,1796.63,1,3,0,0,0,1,9,7,3,1,1.971,0,0,0,0,2025-05-01
APP101506,52,NRW,Transporter,3,Haftpflicht,Filiale,Angestellt,280.0,895.29,1,2,0,0,0,1,12,6,12,0,3.186,0,0,0,0,2025-12-13
APP101507,55,NRW,Elektrofahrzeug,13,Haftpflicht,Filiale,Angestellt,432.86,0.0,0,0,0,0,0,0,100,0,9,0,0.0,0,0,0,0,2025-02-02
APP101508,44,Hessen,Limousine,5,Teilkasko,Online,Rentner,280.0,685.21,0,1,0,0,0,0,62,1,7,0,2.438,0,0,0,0,2025-07-18
APP101509,62,NRW,Kleinwagen,21,Teilkasko,Filiale,Angestellt,730.8,0.0,0,0,0,0,0,0,43,0,13,0,0.0,0,0,0,0,2025-08-03
APP101510,28,Niedersachsen,Limousine,2,Teilkasko,Makler,Freiberuflich,493.57,2838.14,1,1,0,1,0,1,3,3,15,0,5.739,0,0,0,0,2025-12-22
APP101511,40,Bayern,Elektrofahrzeug,7,Vollkasko,Partnerportal,Angestellt,635.61,1559.78,0,3,0,0,0,0,19,4,18,0,2.45,0,0,0,0,2025-01-22
APP101512,33,NRW,Kleinwagen,9,Vollkasko,Partnerportal,Angestellt,417.58,0.0,0,0,0,1,0,0,29,0,6,0,0.0,0,0,0,0,2025-11-17
APP101513,18,NRW,Kleinwagen,2,Teilkasko,Makler,Angestellt,318.45,0.0,0,0,1,0,0,0,7,0,11,0,0.0,0,0,0,0,2025-02-27
APP101514,41,Niedersachsen,Kleinwagen,4,Haftpflicht,Telefon,Selbstständig,342.17,1692.0,2,3,0,0,0,0,21,4,12,0,4.931,0,1,0,0,2025-10-10
APP101515,41,Berlin,SUV,1,Vollkasko,Filiale,Rentner,280.0,1484.45,0,2,0,0,0,0,33,4,14,0,5.283,0,0,0,0,2025-05-20
APP101516,62,Bayern,Transporter,10,Haftpflicht,Telefon,Angestellt,289.82,2940.8,0,1,0,0,0,0,14,7,14,0,10.112,0,0,0,0,2025-11-24
APP101517,51,Hessen,Limousine,5,Haftpflicht,Filiale,Freiberuflich,280.0,4074.71,0,2,0,0,0,0,54,3,17,0,14.501,0,0,0,0,2025-08-17
APP101518,29,Hessen,Kleinwagen,3,Haftpflicht,Makler,Freiberuflich,318.94,0.0,0,0,1,0,0,1,66,0,1,1,0.0,0,0,0,0,2025-02-02
APP101519,67,NRW,Transporter,9,Vollkasko,Online,Angestellt,311.45,496.3,0,2,0,0,1,0,14,5,13,0,1.588,0,0,0,0,2025-04-24
APP101520,58,NRW,SUV,5,Haftpflicht,Makler,Rentner,581.45,624.39,1,2,0,0,0,1,65,7,19,0,1.072,0,0,0,0,2025-07-13
APP101521,50,Bayern,SUV,8,Haftpflicht,Telefon,Angestellt,571.94,0.0,0,0,0,0,0,1,3,0,6,0,0.0,0,0,0,0,2025-10-09
APP101522,40,Sachsen,Elektrofahrzeug,6,Haftpflicht,Online,Arbeitsuchend,581.18,1149.02,1,2,0,0,0,0,65,4,19,0,1.974,0,0,0,0,2025-06-22
APP101523,30,Berlin,SUV,2,Haftpflicht,Makler,Freiberuflich,807.14,2018.48,0,2,0,0,0,0,5,4,1,0,2.498,0,0,0,0,2025-02-24
APP101524,38,Sachsen,Transporter,3,Teilkasko,Online,Angestellt,476.8,1190.1,0,3,0,1,0,0,3,6,1,0,2.491,0,0,0,0,2025-06-29
APP101525,57,Bayern,Kleinwagen,3,Teilkasko,Partnerportal,Student,354.98,769.7,0,1,0,0,0,0,36,2,4,0,2.162,0,0,0,0,2025-09-10
APP101526,67,NRW,Limousine,2,Vollkasko,Partnerportal,Angestellt,1247.37,3157.35,0,2,0,0,0,0,22,3,2,0,2.529,0,0,0,0,2025-09-06
APP101527,63,Niedersachsen,Kleinwagen,1,Haftpflicht,Makler,Angestellt,720.81,0.0,0,0,0,0,1,0,85,0,2,0,0.0,0,0,0,0,2025-05-15
APP101528,36,Bayern,Limousine,15,Haftpflicht,Makler,Angestellt,525.3,1622.2,1,2,0,0,0,2,16,2,0,0,3.082,0,0,0,1,2025-11-09
APP101529,28,Rheinland-Pfalz,SUV,6,Teilkasko,Filiale,Rentner,510.2,3232.79,1,3,0,0,0,0,12,4,18,0,6.324,0,0,0,0,2025-07-04
APP101530,44,Sachsen,Kleinwagen,6,Vollkasko,Telefon,Angestellt,556.49,1091.43,1,2,0,0,0,1,25,4,19,1,1.958,0,0,0,0,2025-04-29
APP101531,20,Hessen,Motorrad,9,Haftpflicht,Online,Angestellt,452.65,6982.64,0,1,0,0,1,0,21,6,11,0,15.392,0,0,0,0,2025-11-25
APP101532,47,Niedersachsen,Limousine,3,Haftpflicht,Partnerportal,Freiberuflich,520.01,0.0,0,0,0,0,0,1,15,0,21,0,0.0,0,0,0,0,2025-11-30
APP101533,41,Bayern,Motorrad,2,Haftpflicht,Online,Rentner,607.74,0.0,0,0,0,0,0,0,42,0,5,0,0.0,0,0,0,0,2025-02-20
APP101534,36,Baden-Württemberg,SUV,8,Teilkasko,Online,Angestellt,363.16,529.26,0,1,0,0,0,0,51,5,20,0,1.453,0,0,0,0,2025-10-30
APP101535,22,Bayern,Kleinwagen,2,Teilkasko,Filiale,Student,280.0,1881.57,1,1,0,0,0,0,69,9,19,0,6.696,0,0,0,0,2025-03-25
APP101536,49,Baden-Württemberg,SUV,7,Teilkasko,Partnerportal,Angestellt,280.0,701.94,0,1,0,0,0,0,129,9,5,0,2.498,0,0,0,0,2025-05-31
APP101537,36,Sachsen,Kleinwagen,1,Haftpflicht,Online,Freiberuflich,715.45,3138.91,0,1,1,0,0,0,11,8,12,0,4.381,0,0,0,0,2025-07-05
APP101538,27,NRW,Motorrad,2,Vollkasko,Partnerportal,Selbstständig,280.0,807.14,1,2,0,0,1,1,45,7,20,0,2.872,0,0,0,0,2025-11-08
APP101539,18,Niedersachsen,Elektrofahrzeug,3,Vollkasko,Partnerportal,Student,599.11,1551.91,2,3,0,0,0,1,18,6,9,0,2.586,0,1,0,0,2025-01-31
APP101540,42,Hessen,SUV,7,Haftpflicht,Filiale,Arbeitsuchend,303.44,697.18,0,1,0,0,0,1,40,5,0,1,2.29,0,0,0,0,2025-11-20
APP101541,66,NRW,Elektrofahrzeug,12,Teilkasko,Online,Rentner,305.5,2688.24,1,4,0,0,0,0,23,3,15,0,8.771,0,0,0,0,2025-07-09
APP101542,64,Hessen,Limousine,6,Vollkasko,Filiale,Angestellt,364.44,694.1,0,2,0,0,0,0,180,4,13,0,1.899,0,0,0,0,2025-04-25
APP101543,37,NRW,Limousine,3,Teilkasko,Telefon,Rentner,534.61,5069.02,3,3,0,0,1,0,46,6,17,1,9.464,0,1,0,0,2025-03-01
APP101544,35,Hessen,Limousine,8,Teilkasko,Filiale,Freiberuflich,286.8,0.0,0,0,0,0,0,0,109,0,13,0,0.0,0,0,0,0,2025-10-17
APP101545,49,NRW,Kleinwagen,1,Vollkasko,Online,Angestellt,380.27,0.0,0,0,0,0,0,1,64,0,9,0,0.0,0,0,0,0,2025-09-14
APP101546,30,NRW,Transporter,2,Teilkasko,Makler,Freiberuflich,487.46,2721.18,0,1,0,0,1,1,83,2,19,0,5.571,0,0,0,0,2025-10-24
APP101547,46,Baden-Württemberg,SUV,5,Haftpflicht,Telefon,Angestellt,296.39,0.0,0,0,0,0,0,0,60,0,21,0,0.0,0,0,0,0,2025-08-11
APP101548,52,Niedersachsen,SUV,8,Vollkasko,Makler,Angestellt,897.72,1204.53,0,1,0,0,0,0,22,9,4,0,1.34,0,0,0,0,2025-04-14
APP101549,58,Sachsen,SUV,4,Haftpflicht,Partnerportal,Student,280.0,921.59,0,4,1,0,0,1,10,2,1,0,3.28,0,0,0,0,2025-10-18
APP101550,41,Baden-Württemberg,Kleinwagen,4,Haftpflicht,Online,Angestellt,449.6,397.14,1,2,0,0,0,0,16,6,16,0,0.881,0,0,0,0,2025-06-04
APP101551,40,Hessen,Motorrad,4,Haftpflicht,Online,Angestellt,840.9,1135.19,1,1,1,1,0,1,1,5,0,0,1.348,0,0,0,0,2025-05-29
APP101552,31,Sachsen,Limousine,9,Haftpflicht,Makler,Angestellt,282.51,3551.69,0,1,0,1,1,0,26,6,0,0,12.528,0,0,0,0,2025-07-19
APP101553,32,Niedersachsen,Kleinwagen,3,Vollkasko,Online,Rentner,470.58,2843.15,1,3,0,0,0,0,25,7,5,0,6.029,0,0,0,0,2025-12-04
APP101554,40,NRW,Kleinwagen,2,Teilkasko,Online,Selbstständig,521.03,1475.9,0,1,0,0,0,0,26,6,6,1,2.827,0,0,0,0,2025-10-06
APP101555,47,Bayern,Limousine,4,Vollkasko,Filiale,Rentner,351.13,3119.5,0,2,0,0,0,0,131,4,6,0,8.859,0,0,0,0,2025-02-10
APP101556,54,Niedersachsen,Kleinwagen,10,Vollkasko,Makler,Student,476.97,0.0,0,0,0,0,0,2,87,0,15,0,0.0,0,0,0,1,2025-09-12
APP101557,32,Bayern,Kleinwagen,3,Haftpflicht,Online,Selbstständig,623.79,0.0,0,0,0,0,0,0,6,0,18,0,0.0,0,0,0,0,2025-07-21
APP101558,62,Sachsen,Elektrofahrzeug,4,Haftpflicht,Partnerportal,Angestellt,404.97,1696.69,2,3,0,1,0,0,16,4,8,1,4.179,0,1,0,0,2025-01-22
APP101559,39,Baden-Württemberg,SUV,1,Haftpflicht,Online,Angestellt,679.27,0.0,0,0,1,0,1,0,19,0,0,0,0.0,0,0,0,0,2025-02-09
APP101560,42,NRW,SUV,4,Teilkasko,Partnerportal,Angestellt,581.11,982.6,1,4,0,1,0,0,16,5,17,0,1.688,0,0,0,0,2025-05-10
APP101561,33,NRW,Kleinwagen,6,Teilkasko,Filiale,Angestellt,385.75,436.79,0,1,0,0,0,0,57,6,6,0,1.129,0,0,0,0,2025-10-25
APP101562,18,NRW,Kleinwagen,2,Teilkasko,Online,Freiberuflich,791.18,206.62,2,2,0,0,0,0,26,6,17,1,0.261,0,1,0,0,2025-06-21
APP101563,54,Bayern,Limousine,9,Vollkasko,Online,Student,360.97,2428.88,0,1,0,0,0,0,30,4,9,0,6.71,0,0,0,0,2025-08-19
APP101564,52,Hessen,Transporter,6,Vollkasko,Online,Freiberuflich,705.9,0.0,0,0,0,0,0,0,69,0,19,0,0.0,0,0,0,0,2025-08-25
APP101565,39,Baden-Württemberg,SUV,3,Haftpflicht,Telefon,Rentner,363.7,2608.94,1,2,0,0,1,1,59,5,1,0,7.154,0,0,0,0,2025-03-24
APP101566,43,NRW,Kleinwagen,6,Vollkasko,Online,Angestellt,431.49,835.77,1,2,1,0,0,0,5,5,10,0,1.932,0,0,0,0,2025-01-10
APP101567,49,Niedersachsen,Transporter,7,Vollkasko,Filiale,Angestellt,460.21,661.25,1,1,0,0,0,0,45,5,17,0,1.434,0,0,0,0,2025-03-25
APP101568,22,Niedersachsen,Kleinwagen,1,Teilkasko,Makler,Arbeitsuchend,568.05,1218.73,0,2,0,1,0,0,20,2,10,0,2.142,0,0,0,0,2025-02-14
APP101569,36,Baden-Württemberg,Limousine,6,Haftpflicht,Online,Angestellt,280.0,2505.06,0,1,0,1,0,0,12,6,13,0,8.915,0,0,0,0,2025-05-05
APP101570,53,Hessen,Elektrofahrzeug,10,Haftpflicht,Makler,Freiberuflich,597.27,995.52,0,1,1,0,0,0,1,4,12,0,1.664,0,0,0,0,2025-05-26
APP101571,26,Baden-Württemberg,Kleinwagen,3,Haftpflicht,Online,Selbstständig,471.99,2395.91,0,1,0,0,0,0,24,1,0,0,5.065,0,0,0,0,2025-05-24
APP101572,46,NRW,Motorrad,3,Haftpflicht,Online,Freiberuflich,555.58,515.24,0,2,0,0,0,0,15,5,9,0,0.926,0,0,0,0,2025-12-25
APP101573,25,Baden-Württemberg,Transporter,4,Teilkasko,Online,Rentner,608.53,1056.56,1,2,0,0,0,1,10,8,14,0,1.733,0,0,0,0,2025-04-14
APP101574,49,NRW,Limousine,8,Teilkasko,Makler,Angestellt,581.38,0.0,0,0,2,0,0,0,42,0,18,0,0.0,0,0,1,0,2025-02-09
APP101575,42,Bayern,Elektrofahrzeug,2,Haftpflicht,Online,Arbeitsuchend,280.0,3437.27,0,1,0,0,0,0,52,5,16,0,12.232,0,0,0,0,2025-04-14
APP101576,22,Bayern,Limousine,6,Haftpflicht,Partnerportal,Selbstständig,315.57,1445.89,1,1,0,0,1,0,10,7,9,0,4.567,0,0,0,0,2025-12-01
APP101577,58,Rheinland-Pfalz,Limousine,4,Haftpflicht,Filiale,Selbstständig,566.67,5346.33,0,1,0,0,0,0,1,8,21,0,9.418,1,0,0,0,2025-12-26
APP101578,33,Bayern,Kleinwagen,12,Haftpflicht,Online,Selbstständig,535.86,385.47,1,1,0,0,0,1,67,1,7,0,0.718,0,0,0,0,2025-07-17
APP101579,32,Niedersachsen,Limousine,4,Vollkasko,Makler,Freiberuflich,353.68,1353.48,0,1,0,0,0,0,1,4,22,0,3.816,0,0,0,0,2025-08-28
APP101580,45,NRW,Limousine,0,Haftpflicht,Filiale,Angestellt,671.7,1411.61,0,3,0,0,0,0,99,5,6,0,2.098,0,0,0,0,2025-02-19
APP101581,57,NRW,SUV,7,Haftpflicht,Partnerportal,Angestellt,442.44,2053.04,1,1,0,0,0,0,35,1,17,0,4.63,0,0,0,0,2025-06-06
APP101582,29,NRW,Kleinwagen,6,Haftpflicht,Online,Angestellt,714.8,607.07,2,2,0,1,1,0,13,7,3,1,0.848,0,1,0,0,2025-05-15
APP101583,43,NRW,Limousine,5,Vollkasko,Makler,Freiberuflich,819.1,5073.47,1,4,0,0,0,0,10,3,5,0,6.186,0,0,0,0,2025-08-13
APP101584,48,Bayern,Kleinwagen,10,Teilkasko,Filiale,Angestellt,553.85,1225.4,0,1,0,0,0,0,1,3,1,0,2.209,0,0,0,0,2025-09-18
APP101585,52,Sachsen,Kleinwagen,1,Teilkasko,Online,Angestellt,622.24,481.06,0,2,0,0,0,0,9,3,12,0,0.772,0,0,0,0,2025-09-07
APP101586,45,NRW,Motorrad,2,Teilkasko,Online,Student,381.63,1195.57,1,1,0,0,1,0,5,9,20,0,3.125,0,0,0,0,2025-06-17
APP101587,38,Hessen,Transporter,5,Haftpflicht,Makler,Rentner,716.75,928.73,0,2,1,0,0,0,34,4,11,0,1.294,0,0,0,0,2025-01-04
APP101588,32,Hessen,Transporter,5,Haftpflicht,Partnerportal,Angestellt,540.02,0.0,0,0,0,0,0,0,6,0,4,0,0.0,0,0,0,0,2025-01-07
APP101589,44,Niedersachsen,Limousine,4,Teilkasko,Makler,Angestellt,435.38,2958.54,0,2,0,1,0,0,27,1,18,1,6.78,0,0,0,0,2025-02-06
APP101590,29,Sachsen,Transporter,1,Teilkasko,Makler,Angestellt,295.33,0.0,0,0,0,0,0,0,32,0,1,0,0.0,0,0,0,0,2025-04-23
APP101591,18,Bayern,Limousine,3,Haftpflicht,Filiale,Angestellt,401.86,0.0,0,0,0,0,0,0,12,0,10,0,0.0,0,0,0,0,2025-03-16
APP101592,48,Niedersachsen,Limousine,12,Teilkasko,Online,Freiberuflich,309.21,0.0,0,0,0,0,0,0,1,0,22,0,0.0,0,0,0,0,2025-07-06
APP101593,54,NRW,SUV,2,Haftpflicht,Partnerportal,Selbstständig,678.46,2832.83,0,1,0,0,1,0,1,8,7,0,4.169,0,0,0,0,2025-02-19
APP101594,18,Baden-Württemberg,Transporter,5,Teilkasko,Telefon,Angestellt,822.69,102.02,0,2,1,0,0,0,1,2,3,0,0.124,0,0,0,0,2025-11-21
APP101595,29,Baden-Württemberg,Limousine,6,Teilkasko,Filiale,Angestellt,724.03,0.0,0,0,0,1,0,0,48,0,3,1,0.0,0,0,0,0,2025-06-06
APP101596,51,Berlin,SUV,8,Teilkasko,Filiale,Angestellt,1399.86,1241.12,2,2,0,0,0,0,13,2,10,1,0.886,0,1,0,0,2025-03-30
APP101597,69,Niedersachsen,Elektrofahrzeug,7,Haftpflicht,Filiale,Angestellt,406.11,0.0,0,0,0,0,0,0,57,0,13,0,0.0,0,0,0,0,2025-07-14
APP101598,43,Sachsen,SUV,3,Haftpflicht,Online,Selbstständig,633.06,2561.07,1,1,0,0,0,0,20,8,8,0,4.039,0,0,0,0,2025-01-30
APP101599,33,NRW,Limousine,2,Vollkasko,Filiale,Student,300.01,8178.47,0,2,0,0,0,0,21,11,19,0,27.17,0,0,0,0,2025-03-08
APP101600,40,Bayern,Kleinwagen,12,Teilkasko,Online,Angestellt,453.57,1945.5,0,2,0,0,0,0,25,2,13,0,4.28,0,0,0,0,2025-03-02
APP101601,60,Berlin,Limousine,8,Vollkasko,Telefon,Student,280.0,0.0,0,0,1,0,0,1,44,0,2,0,0.0,0,0,0,0,2025-10-27
APP101602,34,Niedersachsen,SUV,5,Haftpflicht,Partnerportal,Angestellt,625.56,5616.71,0,1,1,0,0,1,11,2,12,0,8.964,0,0,0,0,2025-02-25
APP101603,32,Bayern,Elektrofahrzeug,11,Teilkasko,Filiale,Angestellt,424.41,0.0,0,0,0,1,0,0,4,0,13,0,0.0,0,0,0,0,2025-03-20
APP101604,36,Hessen,Limousine,1,Haftpflicht,Telefon,Angestellt,280.0,249.9,1,1,0,1,0,0,29,9,16,0,0.889,0,0,0,0,2025-06-18
APP101605,30,Hessen,Kleinwagen,2,Vollkasko,Telefon,Rentner,369.55,2118.23,0,4,0,0,0,1,14,4,2,0,5.716,0,0,0,0,2025-11-30
APP101606,44,Berlin,Elektrofahrzeug,0,Vollkasko,Partnerportal,Rentner,1046.4,981.94,1,4,0,0,0,0,21,4,14,0,0.938,0,0,0,0,2025-10-23
APP101607,64,NRW,SUV,5,Vollkasko,Partnerportal,Angestellt,585.45,376.89,2,2,1,0,0,0,37,5,20,0,0.643,0,1,0,0,2025-11-02
APP101608,47,Bayern,Transporter,5,Haftpflicht,Online,Selbstständig,680.63,1134.06,1,2,1,0,0,0,24,2,1,1,1.664,0,0,0,0,2025-05-18
APP101609,39,Baden-Württemberg,Motorrad,1,Haftpflicht,Filiale,Selbstständig,519.43,2249.39,0,2,0,0,0,0,34,7,20,0,4.322,0,0,0,0,2025-09-30
APP101610,39,Niedersachsen,Kleinwagen,8,Haftpflicht,Online,Angestellt,456.57,0.0,0,0,0,0,1,0,28,0,9,0,0.0,0,0,0,0,2025-01-15
APP101611,22,Berlin,SUV,1,Vollkasko,Telefon,Rentner,495.98,620.92,0,1,0,0,0,1,48,6,21,0,1.249,0,0,0,0,2025-04-03
APP101612,54,Baden-Württemberg,Kleinwagen,6,Haftpflicht,Filiale,Angestellt,546.25,1002.27,1,2,1,0,0,0,44,5,14,0,1.831,0,0,0,0,2025-06-30
APP101613,41,Hessen,SUV,7,Teilkasko,Online,Angestellt,310.88,1192.07,0,2,0,0,0,0,27,5,18,0,3.822,0,0,0,0,2025-02-20
APP101614,40,Niedersachsen,Elektrofahrzeug,5,Haftpflicht,Online,Student,678.91,235.08,0,1,0,1,0,0,40,2,20,0,0.346,0,0,0,0,2025-07-28
APP101615,82,Sachsen,Kleinwagen,1,Haftpflicht,Makler,Angestellt,789.32,0.0,0,0,0,0,0,0,74,0,11,0,0.0,0,0,0,0,2025-05-01
APP101616,46,NRW,Limousine,10,Haftpflicht,Makler,Rentner,453.7,0.0,0,0,1,0,0,0,20,0,16,0,0.0,0,0,0,0,2025-03-07
APP101617,33,NRW,Elektrofahrzeug,3,Vollkasko,Makler,Selbstständig,395.57,2122.12,0,1,0,0,0,0,19,5,15,0,5.351,0,0,0,0,2025-01-26
APP101618,37,Baden-Württemberg,Kleinwagen,3,Vollkasko,Online,Angestellt,360.83,321.54,1,1,0,0,0,0,52,3,7,0,0.889,0,0,0,0,2025-10-21
APP101619,57,Hessen,Kleinwagen,3,Haftpflicht,Partnerportal,Freiberuflich,1031.6,2866.33,0,2,0,0,1,1,31,5,4,0,2.776,0,0,0,0,2025-12-14
APP101620,44,Niedersachsen,Kleinwagen,7,Haftpflicht,Makler,Angestellt,407.5,855.95,0,2,0,0,0,0,2,9,23,0,2.095,0,0,0,0,2025-10-13
APP101621,24,Rheinland-Pfalz,Transporter,3,Vollkasko,Online,Rentner,648.32,763.93,0,2,1,0,0,0,80,2,14,0,1.177,0,0,0,0,2025-08-23
APP101622,54,Hessen,Transporter,2,Haftpflicht,Online,Rentner,455.04,1556.64,0,1,0,1,1,0,1,7,7,1,3.413,0,0,0,0,2025-02-24
APP101623,34,NRW,Transporter,8,Haftpflicht,Online,Student,444.82,0.0,0,0,0,0,0,0,49,0,17,0,0.0,0,0,0,0,2025-05-17
APP101624,67,Rheinland-Pfalz,Transporter,5,Vollkasko,Makler,Angestellt,357.38,1536.0,0,1,0,0,0,0,51,7,20,0,4.286,0,0,0,0,2025-09-29
APP101625,57,Bayern,Motorrad,9,Vollkasko,Online,Freiberuflich,327.82,650.48,0,1,0,0,1,0,110,8,7,0,1.978,0,0,0,0,2025-01-24
APP101626,37,Niedersachsen,Transporter,5,Haftpflicht,Online,Angestellt,672.34,755.04,0,1,0,0,0,1,2,3,18,0,1.121,0,0,0,0,2025-08-02
APP101627,59,NRW,SUV,3,Haftpflicht,Makler,Student,324.72,1710.52,0,1,0,1,0,0,32,3,16,0,5.252,0,0,0,0,2025-10-03
APP101628,43,Sachsen,Transporter,1,Haftpflicht,Online,Freiberuflich,598.4,460.45,0,1,0,0,1,1,20,7,3,0,0.768,0,0,0,0,2025-03-03
APP101629,54,Hessen,SUV,5,Haftpflicht,Partnerportal,Angestellt,511.86,413.77,0,1,0,0,1,0,14,6,3,1,0.807,0,0,0,0,2025-02-21
APP101630,49,NRW,Limousine,4,Haftpflicht,Filiale,Student,675.94,0.0,0,0,0,0,0,1,3,0,19,0,0.0,0,0,0,0,2025-05-06
APP101631,31,NRW,Motorrad,7,Haftpflicht,Online,Freiberuflich,381.39,1184.57,1,3,0,0,0,0,29,8,19,0,3.098,0,0,0,0,2025-11-30
APP101632,34,NRW,Transporter,3,Vollkasko,Online,Angestellt,775.62,0.0,0,0,0,0,0,0,23,0,8,0,0.0,0,0,0,0,2025-02-21
APP101633,56,Hessen,Kleinwagen,6,Teilkasko,Online,Angestellt,464.38,0.0,0,0,0,0,0,0,3,0,13,0,0.0,0,0,0,0,2025-10-26
APP101634,38,NRW,Kleinwagen,5,Vollkasko,Filiale,Angestellt,1463.39,1272.54,0,1,0,0,1,1,34,6,0,0,0.869,0,0,0,0,2025-04-06
APP101635,37,Baden-Württemberg,Limousine,3,Haftpflicht,Online,Arbeitsuchend,280.0,2032.21,0,1,1,0,0,0,48,3,8,0,7.232,0,0,0,0,2025-05-18
APP101636,30,NRW,Limousine,3,Vollkasko,Online,Angestellt,1366.7,1316.62,2,2,0,0,0,1,52,4,22,0,0.963,0,1,0,0,2025-11-18
APP101637,48,Baden-Württemberg,Kleinwagen,2,Vollkasko,Filiale,Angestellt,467.28,220.04,1,1,0,0,0,0,84,6,12,0,0.47,0,0,0,0,2025-11-23
APP101638,69,Hessen,Motorrad,13,Haftpflicht,Makler,Freiberuflich,541.09,274.32,0,1,1,1,0,1,18,5,20,0,0.506,0,0,0,0,2025-04-11
APP101639,29,Berlin,Kleinwagen,6,Haftpflicht,Partnerportal,Angestellt,382.3,0.0,0,0,0,0,0,0,110,0,17,0,0.0,0,0,0,0,2025-01-15
APP101640,43,Berlin,SUV,1,Haftpflicht,Partnerportal,Arbeitsuchend,280.0,1212.04,1,2,0,0,0,0,72,6,9,0,4.313,0,0,0,0,2025-11-27
APP101641,61,Bayern,Kleinwagen,13,Haftpflicht,Online,Rentner,394.68,2718.15,0,1,0,0,0,0,12,6,3,0,6.87,0,0,0,0,2025-03-25
APP101642,41,Niedersachsen,SUV,2,Haftpflicht,Online,Arbeitsuchend,422.59,0.0,0,0,1,0,0,0,6,0,14,0,0.0,0,0,0,0,2025-11-02
APP101643,48,Bayern,Limousine,3,Haftpflicht,Makler,Angestellt,532.07,1153.65,1,3,0,0,0,0,20,9,3,0,2.164,0,0,0,0,2025-02-10
APP101644,29,Baden-Württemberg,Transporter,4,Haftpflicht,Online,Angestellt,789.09,824.39,0,1,0,0,0,0,18,6,19,0,1.043,0,0,0,0,2025-03-01
APP101645,48,NRW,Transporter,5,Vollkasko,Filiale,Angestellt,533.85,9858.0,1,2,0,1,0,0,30,0,10,0,18.431,0,0,0,0,2025-10-16
APP101646,40,Bayern,Motorrad,7,Teilkasko,Online,Angestellt,537.76,1503.06,1,2,0,0,0,0,31,2,11,0,2.79,0,0,0,0,2025-11-04
APP101647,55,Berlin,SUV,1,Haftpflicht,Partnerportal,Angestellt,579.08,0.0,0,0,0,0,0,0,49,0,12,0,0.0,0,0,0,0,2025-06-15
APP101648,58,Baden-Württemberg,Motorrad,5,Haftpflicht,Partnerportal,Freiberuflich,280.0,297.73,1,1,0,0,0,0,25,1,1,0,1.06,0,0,0,0,2025-07-11
APP101649,76,Berlin,Transporter,4,Teilkasko,Telefon,Angestellt,280.0,0.0,0,0,0,0,0,1,3,0,7,0,0.0,0,0,0,0,2025-12-18
APP101650,50,Bayern,Transporter,5,Haftpflicht,Online,Rentner,280.0,1054.91,0,1,1,0,0,0,70,3,3,0,3.754,0,0,0,0,2025-04-10
APP101651,47,NRW,SUV,4,Teilkasko,Makler,Rentner,421.25,2281.51,0,1,0,0,1,0,13,5,8,1,5.403,0,0,0,0,2025-11-11
APP101652,45,Berlin,Transporter,3,Vollkasko,Partnerportal,Angestellt,280.0,2508.9,0,1,0,0,0,0,127,7,1,0,8.928,0,0,0,0,2025-05-20
APP101653,38,Sachsen,Limousine,4,Haftpflicht,Makler,Angestellt,368.81,817.78,0,4,1,0,0,0,4,7,22,0,2.211,0,0,0,0,2025-02-27
APP101654,47,Bayern,Kleinwagen,12,Haftpflicht,Online,Angestellt,280.0,2146.48,0,2,0,0,0,0,114,6,4,0,7.639,0,0,0,0,2025-08-05
APP101655,39,Hessen,Limousine,3,Haftpflicht,Online,Student,604.77,725.23,1,2,1,0,0,0,3,6,4,0,1.197,0,0,0,0,2025-01-09
APP101656,45,Baden-Württemberg,Kleinwagen,9,Vollkasko,Makler,Freiberuflich,592.18,522.25,0,1,0,0,0,0,9,1,22,0,0.88,0,0,0,0,2025-03-22
APP101657,60,Hessen,SUV,5,Teilkasko,Online,Selbstständig,434.3,3261.02,0,1,0,0,0,0,1,7,3,0,7.491,0,0,0,0,2025-07-25
APP101658,29,NRW,Limousine,5,Vollkasko,Online,Arbeitsuchend,280.0,1059.49,0,2,0,0,0,0,43,6,18,0,3.77,0,0,0,0,2025-04-15
APP101659,57,Berlin,Elektrofahrzeug,5,Haftpflicht,Online,Angestellt,446.04,1883.22,1,1,0,0,0,0,68,5,8,0,4.213,0,0,0,0,2025-09-08
APP101660,60,Rheinland-Pfalz,Limousine,6,Vollkasko,Filiale,Student,565.68,1718.63,1,1,0,0,0,2,20,3,11,0,3.033,0,0,0,1,2025-02-20
APP101661,41,NRW,Kleinwagen,4,Teilkasko,Online,Freiberuflich,692.64,2084.41,0,1,0,0,0,0,94,6,2,0,3.005,0,0,0,0,2025-03-08
APP101662,18,NRW,Motorrad,9,Haftpflicht,Makler,Angestellt,1029.09,0.0,0,0,0,0,0,0,32,0,4,0,0.0,0,0,0,0,2025-12-27
APP101663,35,Niedersachsen,Limousine,6,Teilkasko,Online,Rentner,788.21,736.94,0,1,0,0,1,0,35,3,1,0,0.934,0,0,0,0,2025-03-21
APP101664,59,Hessen,Limousine,2,Teilkasko,Filiale,Angestellt,528.06,919.84,0,1,0,0,0,0,67,7,22,0,1.739,0,0,0,0,2025-01-18
APP101665,42,NRW,Motorrad,0,Haftpflicht,Makler,Arbeitsuchend,437.12,0.0,0,0,0,0,0,0,12,0,12,0,0.0,0,0,0,0,2025-08-19
APP101666,30,NRW,SUV,12,Vollkasko,Telefon,Angestellt,360.67,1745.25,0,1,0,0,0,0,15,3,6,0,4.826,0,0,0,0,2025-06-27
APP101667,36,Bayern,SUV,5,Vollkasko,Partnerportal,Selbstständig,870.77,3323.78,1,1,0,0,0,0,85,5,20,0,3.813,0,0,0,0,2025-05-22
APP101668,53,Bayern,Limousine,1,Haftpflicht,Online,Rentner,528.46,0.0,0,0,1,0,0,0,83,0,7,0,0.0,0,0,0,0,2025-05-18
APP101669,50,Hessen,Limousine,3,Vollkasko,Makler,Student,642.15,0.0,0,0,0,1,0,0,135,0,19,0,0.0,0,0,0,0,2025-09-16
APP101670,39,NRW,SUV,8,Teilkasko,Filiale,Selbstständig,384.56,0.0,0,0,0,0,0,1,83,0,10,0,0.0,0,0,0,0,2025-04-23
APP101671,38,Rheinland-Pfalz,SUV,4,Teilkasko,Online,Selbstständig,292.6,1770.11,1,1,0,0,0,0,4,3,11,1,6.029,0,0,0,0,2025-03-27
APP101672,37,Rheinland-Pfalz,Limousine,4,Vollkasko,Online,Angestellt,416.49,0.0,0,0,0,1,1,0,62,0,17,0,0.0,0,0,0,0,2025-08-19
APP101673,31,Niedersachsen,Kleinwagen,7,Teilkasko,Online,Angestellt,433.88,574.55,0,1,0,0,0,0,18,8,17,0,1.321,0,0,0,0,2025-11-28
APP101674,63,Sachsen,Motorrad,6,Haftpflicht,Makler,Selbstständig,534.08,0.0,0,0,0,0,0,0,168,0,15,0,0.0,0,0,0,0,2025-04-11
APP101675,38,Baden-Württemberg,Transporter,7,Vollkasko,Partnerportal,Rentner,361.51,2663.89,0,2,1,0,0,1,23,8,19,0,7.348,0,0,0,0,2025-05-21
APP101676,58,Baden-Württemberg,Elektrofahrzeug,7,Haftpflicht,Online,Angestellt,497.94,2723.71,0,1,0,0,1,0,29,4,21,0,5.459,0,0,0,0,2025-02-01
APP101677,62,Niedersachsen,SUV,3,Teilkasko,Online,Arbeitsuchend,808.06,3370.92,1,1,1,0,0,0,27,7,5,0,4.166,0,0,0,0,2025-12-23
APP101678,55,Berlin,Elektrofahrzeug,3,Vollkasko,Filiale,Angestellt,280.0,1908.39,0,2,1,0,0,0,13,3,17,0,6.791,0,0,0,0,2025-05-18
APP101679,37,Bayern,Limousine,2,Haftpflicht,Online,Angestellt,280.0,506.12,0,1,0,0,0,0,2,3,16,0,1.801,0,0,0,0,2025-06-30
APP101680,48,Niedersachsen,SUV,3,Vollkasko,Online,Angestellt,831.54,0.0,0,0,0,0,0,0,81,0,17,0,0.0,0,0,0,0,2025-07-30
APP101681,42,NRW,Kleinwagen,4,Teilkasko,Filiale,Angestellt,280.0,297.85,2,2,0,0,1,0,58,7,23,0,1.06,0,1,0,0,2025-01-30
APP101682,31,Niedersachsen,Kleinwagen,4,Haftpflicht,Online,Angestellt,420.05,1724.71,0,1,0,0,0,1,5,7,20,0,4.096,0,0,0,0,2025-05-19
APP101683,47,Berlin,Elektrofahrzeug,10,Vollkasko,Makler,Rentner,636.23,0.0,0,0,0,0,0,0,53,0,2,0,0.0,0,0,0,0,2025-03-27
APP101684,27,Bayern,Elektrofahrzeug,6,Vollkasko,Makler,Angestellt,480.64,1170.93,0,1,0,0,0,1,35,0,8,0,2.431,0,0,0,0,2025-06-07
APP101685,58,Baden-Württemberg,SUV,4,Teilkasko,Online,Angestellt,477.81,3372.47,0,1,2,0,0,0,18,3,6,1,7.043,0,0,1,0,2025-01-01
APP101686,36,Bayern,Limousine,2,Haftpflicht,Filiale,Rentner,507.96,821.85,1,2,0,1,0,0,10,5,23,0,1.615,0,0,0,0,2025-01-06
APP101687,45,Bayern,Elektrofahrzeug,4,Teilkasko,Filiale,Arbeitsuchend,1419.22,0.0,0,0,0,0,0,0,70,0,21,0,0.0,0,0,0,0,2025-03-19
APP101688,46,NRW,Transporter,12,Vollkasko,Makler,Arbeitsuchend,1040.92,1234.82,1,2,0,0,0,1,43,7,6,0,1.185,0,0,0,0,2025-07-03
APP101689,39,Bayern,Kleinwagen,12,Haftpflicht,Online,Rentner,368.2,253.66,1,1,0,0,1,0,28,6,18,0,0.687,0,0,0,0,2025-07-14
APP101690,50,Rheinland-Pfalz,Limousine,4,Haftpflicht,Filiale,Angestellt,766.15,966.66,1,2,1,0,1,1,33,5,0,0,1.26,0,0,0,0,2025-02-27
APP101691,36,Hessen,Kleinwagen,1,Haftpflicht,Filiale,Angestellt,609.3,0.0,0,0,0,0,0,0,3,0,0,0,0.0,0,0,0,0,2025-07-26
APP101692,54,Hessen,SUV,3,Haftpflicht,Partnerportal,Freiberuflich,488.73,736.79,0,2,0,0,1,0,23,9,0,0,1.504,0,0,0,0,2025-04-05
APP101693,25,Hessen,SUV,10,Haftpflicht,Online,Arbeitsuchend,336.53,2507.17,0,1,0,0,1,0,7,6,10,0,7.428,0,0,0,0,2025-09-13
APP101694,44,Hessen,Kleinwagen,4,Vollkasko,Online,Student,595.6,0.0,0,0,0,0,1,0,8,0,22,0,0.0,0,0,0,0,2025-05-27
APP101695,68,Bayern,Limousine,7,Haftpflicht,Filiale,Freiberuflich,433.31,730.99,2,2,0,0,0,1,38,5,17,0,1.683,0,1,0,0,2025-11-14
APP101696,29,Niedersachsen,Elektrofahrzeug,5,Teilkasko,Makler,Freiberuflich,420.14,0.0,0,0,0,0,0,1,87,0,12,0,0.0,0,0,0,0,2025-11-23
APP101697,34,Bayern,SUV,1,Haftpflicht,Makler,Angestellt,357.03,486.02,1,2,0,0,0,0,18,4,21,0,1.357,0,0,0,0,2025-08-07
APP101698,49,Berlin,Motorrad,5,Vollkasko,Online,Angestellt,749.89,1209.56,0,1,0,0,1,0,8,3,14,0,1.611,0,0,0,0,2025-06-20
APP101699,45,Sachsen,Motorrad,8,Teilkasko,Makler,Angestellt,356.93,14629.16,1,1,0,0,1,0,37,7,16,0,40.872,0,0,0,0,2025-01-05
APP101700,47,NRW,Elektrofahrzeug,3,Teilkasko,Filiale,Angestellt,357.85,5819.28,0,1,0,0,1,0,73,10,9,0,16.216,0,0,0,0,2025-05-08
APP101701,49,Rheinland-Pfalz,Kleinwagen,8,Haftpflicht,Makler,Angestellt,683.16,1267.41,0,2,0,0,0,0,49,5,7,0,1.853,0,0,0,0,2025-02-15
APP101702,51,Sachsen,Limousine,5,Teilkasko,Partnerportal,Angestellt,463.77,1388.7,1,2,0,0,0,0,73,3,20,0,2.988,0,0,0,0,2025-10-18
APP101703,57,Bayern,Limousine,7,Teilkasko,Online,Angestellt,469.04,527.09,0,2,2,1,1,1,27,3,8,0,1.121,0,0,1,0,2025-12-22
APP101704,48,Rheinland-Pfalz,SUV,6,Haftpflicht,Online,Rentner,760.38,0.0,0,0,0,0,0,2,50,0,18,0,0.0,0,0,0,1,2025-04-11
APP101705,39,Baden-Württemberg,SUV,2,Haftpflicht,Filiale,Angestellt,855.56,1648.89,0,2,0,0,0,0,5,8,17,0,1.925,0,0,0,0,2025-05-04
APP101706,51,Berlin,Kleinwagen,4,Haftpflicht,Filiale,Angestellt,280.0,775.76,0,2,0,0,0,0,15,5,7,0,2.761,0,0,0,0,2025-08-03
APP101707,67,Niedersachsen,Kleinwagen,4,Teilkasko,Online,Angestellt,466.81,0.0,0,0,0,0,1,0,17,0,4,0,0.0,0,0,0,0,2025-09-17
APP101708,41,Niedersachsen,Limousine,3,Teilkasko,Telefon,Angestellt,280.0,4601.94,0,1,1,0,0,1,25,4,13,0,16.377,0,0,0,0,2025-09-15
APP101709,30,Rheinland-Pfalz,Limousine,5,Teilkasko,Online,Angestellt,418.86,0.0,0,0,0,1,1,0,95,0,12,0,0.0,0,0,0,0,2025-04-11
APP101710,57,NRW,Elektrofahrzeug,14,Teilkasko,Makler,Freiberuflich,491.36,1321.44,1,2,0,0,0,0,74,6,0,0,2.684,0,0,0,0,2025-06-12
APP101711,41,Bayern,Elektrofahrzeug,9,Haftpflicht,Telefon,Freiberuflich,424.52,290.42,1,2,0,0,0,1,5,4,10,1,0.683,0,0,0,0,2025-02-15
APP101712,18,Hessen,Kleinwagen,10,Haftpflicht,Makler,Angestellt,320.34,2288.08,0,2,0,0,1,1,6,5,11,0,7.12,0,0,0,0,2025-01-04
APP101713,54,NRW,Transporter,3,Teilkasko,Filiale,Angestellt,313.59,458.46,0,2,0,0,0,0,15,6,5,0,1.457,0,0,0,0,2025-09-08
APP101714,36,Hessen,Kleinwagen,10,Vollkasko,Makler,Selbstständig,668.97,849.54,0,1,0,0,0,2,12,5,11,0,1.268,0,0,0,1,2025-02-17
APP101715,41,Bayern,Transporter,12,Vollkasko,Online,Angestellt,938.82,2739.8,0,1,1,0,0,0,34,7,2,0,2.915,0,0,0,0,2025-01-04
APP101716,47,Bayern,Transporter,3,Vollkasko,Telefon,Freiberuflich,280.0,2908.21,2,4,0,1,0,0,83,6,7,0,10.35,0,1,0,0,2025-07-17
APP101717,45,Bayern,Kleinwagen,6,Haftpflicht,Online,Selbstständig,429.4,0.0,0,0,0,0,0,0,118,0,21,0,0.0,0,0,0,0,2025-02-20
APP101718,52,Berlin,Transporter,6,Teilkasko,Telefon,Angestellt,670.1,856.13,1,1,2,1,0,0,38,5,1,1,1.276,0,0,1,0,2025-01-17
APP101719,37,Niedersachsen,Motorrad,4,Haftpflicht,Makler,Arbeitsuchend,486.05,668.86,0,1,1,0,0,0,65,3,5,0,1.373,0,0,0,0,2025-09-17
APP101720,49,Bayern,Kleinwagen,5,Teilkasko,Online,Angestellt,308.66,437.83,2,3,0,1,1,0,26,5,2,1,1.414,0,1,0,0,2025-12-08
APP101721,39,Hessen,Kleinwagen,6,Teilkasko,Online,Angestellt,403.16,706.57,0,1,0,0,0,0,8,4,6,0,1.748,0,0,0,0,2025-07-04
APP101722,52,Hessen,SUV,4,Haftpflicht,Filiale,Angestellt,559.42,307.61,0,3,0,0,0,0,26,3,15,0,0.549,0,0,0,0,2025-05-15
APP101723,50,NRW,SUV,9,Teilkasko,Filiale,Angestellt,433.1,2165.93,2,2,0,0,0,0,29,3,16,0,4.989,0,1,0,0,2025-12-14
APP101724,30,NRW,Motorrad,2,Vollkasko,Partnerportal,Rentner,482.92,1694.84,1,1,1,0,0,1,48,4,11,0,3.502,0,0,0,0,2025-08-26
APP101725,57,Sachsen,Limousine,4,Haftpflicht,Online,Rentner,488.8,1951.69,0,2,0,0,2,0,8,5,14,0,3.985,0,0,0,1,2025-11-29
APP101726,36,Baden-Württemberg,Limousine,7,Teilkasko,Makler,Angestellt,395.36,538.48,1,2,0,0,0,0,16,3,13,0,1.359,0,0,0,0,2025-06-10
APP101727,53,Hessen,Transporter,13,Haftpflicht,Telefon,Angestellt,694.34,0.0,0,0,0,0,0,0,16,0,0,0,0.0,0,0,0,0,2025-11-29
APP101728,47,Bayern,Kleinwagen,9,Haftpflicht,Makler,Angestellt,403.21,0.0,0,0,0,0,0,0,115,0,11,0,0.0,0,0,0,0,2025-07-15
APP101729,66,Baden-Württemberg,Kleinwagen,5,Haftpflicht,Makler,Angestellt,323.02,1279.84,1,2,0,0,0,0,21,2,19,0,3.95,0,0,0,0,2025-05-08
APP101730,40,NRW,SUV,4,Haftpflicht,Online,Student,1256.96,0.0,0,0,0,0,0,0,50,0,22,0,0.0,0,0,0,0,2025-10-08
APP101731,38,Hessen,Kleinwagen,4,Teilkasko,Partnerportal,Freiberuflich,476.91,947.61,1,1,0,0,0,1,50,4,19,0,1.983,0,0,0,0,2025-03-25
APP101732,42,Bayern,Elektrofahrzeug,4,Teilkasko,Online,Angestellt,280.0,5188.29,1,1,0,0,1,0,11,1,13,0,18.464,0,0,0,0,2025-12-24
APP101733,39,Niedersachsen,SUV,1,Haftpflicht,Filiale,Arbeitsuchend,834.63,1740.84,0,1,0,0,0,1,30,6,15,0,2.083,0,0,0,0,2025-06-12
APP101734,53,Hessen,Transporter,13,Vollkasko,Online,Angestellt,833.51,0.0,0,0,0,0,1,1,80,0,14,0,0.0,0,0,0,0,2025-11-25
APP101735,21,Bayern,Kleinwagen,5,Vollkasko,Filiale,Freiberuflich,597.06,3563.93,1,2,0,1,0,0,23,7,7,0,5.959,0,0,0,0,2025-04-04
APP101736,29,NRW,SUV,3,Vollkasko,Telefon,Angestellt,642.45,0.0,0,0,0,0,0,0,104,0,20,1,0.0,0,0,0,0,2025-01-23
APP101737,29,Niedersachsen,Kleinwagen,6,Teilkasko,Partnerportal,Freiberuflich,1220.59,486.24,1,2,0,0,0,0,8,3,0,0,0.398,0,0,0,0,2025-03-20
APP101738,55,Bayern,Kleinwagen,3,Haftpflicht,Online,Rentner,328.86,2006.6,2,3,0,0,0,0,2,6,12,1,6.083,0,1,0,0,2025-08-27
APP101739,65,Niedersachsen,SUV,8,Teilkasko,Filiale,Angestellt,521.11,839.66,0,3,0,0,0,0,79,4,2,0,1.608,0,0,0,0,2025-04-27
APP101740,41,Hessen,Limousine,3,Teilkasko,Makler,Angestellt,1126.96,0.0,0,0,1,0,0,0,67,0,23,0,0.0,0,0,0,0,2025-10-05
APP101741,40,Bayern,Elektrofahrzeug,7,Vollkasko,Online,Rentner,1231.83,4322.56,0,2,0,0,0,0,176,7,11,0,3.506,0,0,0,0,2025-12-03
APP101742,43,Bayern,Elektrofahrzeug,4,Teilkasko,Partnerportal,Freiberuflich,422.52,944.22,2,2,0,0,0,0,40,5,6,1,2.229,0,1,0,0,2025-09-25
APP101743,58,Niedersachsen,Kleinwagen,6,Haftpflicht,Partnerportal,Student,1146.26,0.0,0,0,1,0,0,0,99,0,7,1,0.0,0,0,0,0,2025-08-31
APP101744,30,Niedersachsen,Transporter,8,Haftpflicht,Filiale,Angestellt,690.29,852.03,0,2,0,0,0,0,63,4,16,0,1.233,0,0,0,0,2025-10-17
APP101745,46,Baden-Württemberg,Kleinwagen,3,Vollkasko,Filiale,Angestellt,923.33,0.0,0,0,0,0,0,0,66,0,17,0,0.0,0,0,0,0,2025-05-09
APP101746,55,Bayern,SUV,8,Haftpflicht,Online,Angestellt,680.84,0.0,0,0,0,0,0,0,30,0,9,1,0.0,0,0,0,0,2025-09-06
APP101747,49,Rheinland-Pfalz,Kleinwagen,1,Teilkasko,Telefon,Angestellt,560.2,1003.89,0,1,0,0,0,0,17,10,14,1,1.789,0,0,0,0,2025-06-09
APP101748,45,NRW,Elektrofahrzeug,11,Haftpflicht,Filiale,Rentner,1246.31,5277.42,0,2,2,0,0,0,98,5,22,0,4.231,0,0,1,0,2025-11-28
APP101749,56,Hessen,Motorrad,9,Teilkasko,Makler,Angestellt,394.64,687.89,0,4,0,0,0,1,20,7,20,0,1.739,0,0,0,0,2025-08-29
APP101750,18,NRW,SUV,4,Vollkasko,Online,Freiberuflich,1095.49,4966.05,0,2,0,1,0,0,27,4,20,0,4.529,0,0,0,0,2025-04-23
APP101751,51,Bayern,Kleinwagen,9,Vollkasko,Filiale,Student,1170.85,0.0,0,0,1,0,1,0,21,0,9,0,0.0,0,0,0,0,2025-06-05
APP101752,34,Bayern,Transporter,9,Vollkasko,Online,Selbstständig,873.48,1697.36,1,2,0,1,0,1,29,2,8,0,1.941,0,0,0,0,2025-10-30
APP101753,19,Baden-Württemberg,SUV,5,Teilkasko,Online,Angestellt,478.13,2289.07,1,1,0,1,0,0,22,8,0,0,4.778,0,0,0,0,2025-01-17
APP101754,49,Bayern,SUV,5,Haftpflicht,Makler,Selbstständig,546.02,1226.12,2,2,0,0,0,0,1,4,20,0,2.241,0,1,0,0,2025-01-04
APP101755,60,Bayern,Transporter,2,Haftpflicht,Filiale,Selbstständig,288.47,3616.07,0,1,0,0,0,1,76,3,22,0,12.492,0,0,0,0,2025-02-10
APP101756,41,Niedersachsen,Limousine,5,Teilkasko,Online,Angestellt,407.45,1962.42,1,1,0,0,1,0,21,4,4,0,4.805,0,0,0,0,2025-05-14
APP101757,55,NRW,Kleinwagen,1,Vollkasko,Online,Arbeitsuchend,639.51,294.43,2,4,0,0,1,0,32,5,14,0,0.46,0,1,0,0,2025-06-01
APP101758,63,NRW,Limousine,7,Haftpflicht,Online,Freiberuflich,280.0,0.0,0,0,1,0,0,0,5,0,13,0,0.0,0,0,0,0,2025-02-23
APP101759,60,Bayern,Limousine,8,Teilkasko,Partnerportal,Angestellt,434.8,2359.91,0,1,1,0,0,0,1,4,10,0,5.415,0,0,0,0,2025-07-19
APP101760,64,Bayern,Limousine,1,Vollkasko,Makler,Angestellt,1115.24,947.99,1,1,0,0,0,0,10,3,22,0,0.849,0,0,0,0,2025-12-27
APP101761,52,Baden-Württemberg,Motorrad,10,Teilkasko,Filiale,Angestellt,461.82,0.0,0,0,0,0,0,0,43,0,16,0,0.0,0,0,0,0,2025-12-13
APP101762,43,NRW,Limousine,3,Teilkasko,Filiale,Arbeitsuchend,760.61,719.87,1,2,1,0,0,0,3,7,20,0,0.945,0,0,0,0,2025-05-07
APP101763,22,Bayern,Limousine,20,Teilkasko,Online,Angestellt,625.11,0.0,0,0,0,0,0,0,86,0,13,0,0.0,0,0,0,0,2025-10-14
APP101764,39,Hessen,Kleinwagen,5,Vollkasko,Online,Freiberuflich,433.01,0.0,0,0,0,0,0,0,8,0,5,0,0.0,0,0,0,0,2025-09-22
APP101765,32,Bayern,Transporter,11,Haftpflicht,Filiale,Angestellt,461.68,328.16,0,2,0,0,0,0,8,9,21,0,0.709,0,0,0,0,2025-07-29
APP101766,71,NRW,Kleinwagen,2,Haftpflicht,Filiale,Rentner,528.52,0.0,0,0,1,0,0,1,7,0,3,0,0.0,0,0,0,0,2025-11-05
APP101767,40,Sachsen,Kleinwagen,4,Teilkasko,Makler,Rentner,280.0,145.95,1,1,1,0,0,0,1,6,12,0,0.519,0,0,0,0,2025-05-04
APP101768,44,NRW,SUV,3,Teilkasko,Online,Student,733.43,687.8,1,1,0,0,1,0,53,8,20,0,0.937,0,0,0,0,2025-01-02
APP101769,50,Niedersachsen,Elektrofahrzeug,1,Teilkasko,Makler,Angestellt,468.85,632.19,0,1,0,0,0,1,74,3,23,0,1.346,0,0,0,0,2025-08-02
APP101770,43,Berlin,Limousine,2,Vollkasko,Online,Arbeitsuchend,744.27,0.0,0,0,0,1,0,0,34,0,21,0,0.0,0,0,0,0,2025-12-28
APP101771,65,Berlin,Limousine,4,Vollkasko,Filiale,Angestellt,580.01,250.14,0,1,0,0,0,0,7,5,16,0,0.431,0,0,0,0,2025-09-17
APP101772,34,Niedersachsen,Kleinwagen,6,Haftpflicht,Partnerportal,Rentner,460.23,0.0,0,0,0,0,0,0,12,0,20,0,0.0,0,0,0,0,2025-08-18
APP101773,45,Niedersachsen,Transporter,2,Teilkasko,Makler,Rentner,535.38,0.0,0,0,0,0,0,0,23,0,11,0,0.0,0,0,0,0,2025-06-21
APP101774,33,NRW,Limousine,4,Vollkasko,Makler,Rentner,536.13,3173.36,1,1,0,0,0,1,111,8,22,0,5.908,0,0,0,0,2025-11-14
APP101775,25,NRW,Transporter,3,Teilkasko,Online,Freiberuflich,915.98,714.44,1,3,0,0,0,0,10,11,11,0,0.779,0,0,0,0,2025-09-26
APP101776,35,Hessen,Limousine,4,Teilkasko,Online,Arbeitsuchend,505.89,0.0,0,0,1,0,0,1,47,0,23,0,0.0,0,0,0,0,2025-04-23
APP101777,42,NRW,Kleinwagen,7,Vollkasko,Online,Angestellt,556.15,1215.86,1,3,0,0,0,0,20,4,3,1,2.182,0,0,0,0,2025-05-28
APP101778,37,NRW,SUV,5,Vollkasko,Filiale,Angestellt,290.04,1491.6,0,1,0,0,0,0,12,5,1,0,5.125,0,0,0,0,2025-05-14
APP101779,33,Hessen,Elektrofahrzeug,3,Haftpflicht,Filiale,Arbeitsuchend,483.11,1250.7,0,2,0,1,0,0,21,4,19,0,2.584,0,0,0,0,2025-05-23
APP101780,24,Hessen,Kleinwagen,9,Haftpflicht,Makler,Freiberuflich,907.61,842.99,0,1,0,0,0,0,2,5,5,0,0.928,0,0,0,0,2025-07-19
APP101781,41,NRW,Kleinwagen,6,Vollkasko,Telefon,Arbeitsuchend,589.99,1622.29,1,2,0,0,0,0,57,5,5,0,2.745,0,0,0,0,2025-03-05
APP101782,23,Sachsen,Kleinwagen,5,Teilkasko,Telefon,Selbstständig,312.93,1801.23,0,1,0,0,0,0,10,12,21,0,5.738,0,0,0,0,2025-04-04
APP101783,52,Hessen,Transporter,2,Teilkasko,Partnerportal,Student,327.34,632.47,0,1,0,1,0,0,46,4,0,0,1.926,0,0,0,0,2025-06-13
APP101784,44,Baden-Württemberg,Limousine,8,Vollkasko,Makler,Angestellt,360.89,1741.34,1,1,0,0,0,1,2,1,10,0,4.812,0,0,0,0,2025-05-11
APP101785,24,Berlin,Limousine,6,Vollkasko,Filiale,Angestellt,749.83,0.0,0,0,0,0,0,0,111,0,22,0,0.0,0,0,0,0,2025-12-13
APP101786,38,Hessen,Limousine,6,Vollkasko,Telefon,Angestellt,712.05,0.0,0,0,0,0,0,0,7,0,22,0,0.0,0,0,0,0,2025-08-10
APP101787,33,Bayern,Limousine,4,Haftpflicht,Filiale,Rentner,280.0,2677.18,0,1,0,0,0,0,77,3,20,0,9.527,0,0,0,0,2025-05-03
APP101788,47,Bayern,SUV,4,Vollkasko,Online,Freiberuflich,476.19,1402.67,0,1,0,0,1,0,59,3,11,0,2.939,0,0,0,0,2025-02-09
APP101789,60,Baden-Württemberg,Kleinwagen,13,Haftpflicht,Online,Angestellt,524.27,546.9,0,2,0,0,0,0,123,3,3,0,1.041,0,0,0,0,2025-02-14
APP101790,18,Sachsen,SUV,3,Haftpflicht,Telefon,Angestellt,328.95,0.0,0,0,0,0,0,0,23,0,15,0,0.0,0,0,0,0,2025-07-09
APP101791,44,NRW,Limousine,2,Teilkasko,Telefon,Student,418.22,0.0,0,0,0,1,0,1,46,0,18,0,0.0,0,0,0,0,2025-08-01
APP101792,40,Bayern,Elektrofahrzeug,5,Vollkasko,Filiale,Student,861.8,2700.92,0,1,0,0,0,0,16,6,10,0,3.13,0,0,0,0,2025-07-29
APP101793,51,Sachsen,Limousine,5,Vollkasko,Online,Angestellt,585.06,12939.31,1,1,0,0,0,0,7,8,10,0,22.078,0,0,0,0,2025-04-15
APP101794,45,Hessen,Kleinwagen,9,Vollkasko,Partnerportal,Angestellt,399.48,0.0,0,0,0,0,0,0,21,0,12,0,0.0,0,0,0,0,2025-04-05
APP101795,33,Rheinland-Pfalz,Elektrofahrzeug,4,Haftpflicht,Telefon,Freiberuflich,455.47,448.15,0,1,0,0,0,0,6,4,12,0,0.982,0,0,0,0,2025-03-07
APP101796,38,NRW,Elektrofahrzeug,7,Teilkasko,Makler,Angestellt,447.78,0.0,0,0,0,0,0,1,144,0,7,0,0.0,0,0,0,0,2025-01-24
APP101797,32,Berlin,Kleinwagen,11,Haftpflicht,Online,Angestellt,554.7,8406.33,1,1,0,0,0,1,3,5,10,0,15.127,1,0,0,0,2025-09-19
APP101798,56,NRW,Motorrad,6,Vollkasko,Makler,Arbeitsuchend,280.0,1010.06,1,1,0,0,2,0,32,3,15,0,3.595,0,0,0,1,2025-12-03
APP101799,43,Bayern,Motorrad,2,Teilkasko,Online,Selbstständig,371.93,0.0,0,0,1,0,1,0,35,0,12,0,0.0,0,0,0,0,2025-12-12
APP101800,67,Bayern,Limousine,1,Vollkasko,Makler,Freiberuflich,761.18,535.74,2,3,1,0,0,1,27,2,23,0,0.703,0,1,0,0,2025-05-10
APP101801,42,Rheinland-Pfalz,Kleinwagen,6,Haftpflicht,Online,Freiberuflich,477.96,4584.05,0,2,1,0,0,0,39,4,2,0,9.571,0,0,0,0,2025-01-26
APP101802,33,NRW,Transporter,4,Vollkasko,Partnerportal,Arbeitsuchend,344.83,1854.34,0,1,1,0,0,0,4,4,10,0,5.362,0,0,0,0,2025-02-13
APP101803,23,Hessen,Kleinwagen,6,Haftpflicht,Online,Angestellt,350.85,0.0,0,0,0,0,0,0,29,0,20,0,0.0,0,0,0,0,2025-01-01
APP101804,19,Berlin,SUV,5,Haftpflicht,Online,Angestellt,666.98,520.74,0,2,0,1,0,0,12,12,7,0,0.78,0,0,0,0,2025-05-10
APP101805,22,Baden-Württemberg,Limousine,2,Haftpflicht,Filiale,Angestellt,396.44,1573.6,0,3,1,1,1,0,101,4,9,0,3.959,0,0,0,0,2025-08-13
APP101806,46,Hessen,SUV,4,Teilkasko,Online,Student,610.68,1258.37,0,1,0,0,0,0,51,1,21,0,2.057,0,0,0,0,2025-09-24
APP101807,49,Niedersachsen,Transporter,2,Haftpflicht,Makler,Angestellt,378.69,0.0,0,0,1,0,0,0,129,0,17,0,0.0,0,0,0,0,2025-02-03
APP101808,22,Hessen,Motorrad,3,Haftpflicht,Online,Selbstständig,306.56,1929.32,0,1,0,0,0,0,1,7,16,0,6.273,0,0,0,0,2025-11-13
APP101809,54,Sachsen,Elektrofahrzeug,8,Teilkasko,Filiale,Rentner,546.03,967.96,1,1,0,1,1,0,12,3,6,0,1.769,0,0,0,0,2025-12-13
APP101810,36,Bayern,SUV,5,Haftpflicht,Online,Angestellt,473.0,0.0,0,0,0,0,0,0,7,0,17,0,0.0,0,0,0,0,2025-04-17
APP101811,44,NRW,Kleinwagen,7,Teilkasko,Makler,Angestellt,657.04,0.0,0,0,1,0,1,0,1,0,9,0,0.0,0,0,0,0,2025-07-18
APP101812,63,NRW,Limousine,5,Teilkasko,Online,Rentner,714.32,758.94,0,2,1,0,0,0,9,2,19,0,1.061,0,0,0,0,2025-12-25
APP101813,54,Niedersachsen,Limousine,4,Vollkasko,Online,Angestellt,423.97,1085.0,1,3,0,0,0,0,40,6,21,0,2.553,0,0,0,0,2025-08-19
APP101814,39,Bayern,Motorrad,6,Haftpflicht,Filiale,Rentner,570.52,1229.02,1,2,0,0,0,0,9,7,12,0,2.15,0,0,0,0,2025-09-15
APP101815,31,NRW,Limousine,1,Haftpflicht,Online,Student,418.51,0.0,0,0,0,0,0,0,25,0,6,0,0.0,0,0,0,0,2025-03-05
APP101816,18,Niedersachsen,Transporter,7,Haftpflicht,Telefon,Angestellt,642.99,0.0,0,0,1,0,1,0,78,0,22,0,0.0,0,0,0,0,2025-04-04
APP101817,33,Baden-Württemberg,Kleinwagen,3,Haftpflicht,Partnerportal,Angestellt,543.5,884.6,1,2,1,0,0,0,42,6,6,0,1.625,0,0,0,0,2025-08-28
APP101818,40,NRW,Limousine,6,Haftpflicht,Telefon,Angestellt,379.17,592.53,0,2,0,0,0,0,18,9,19,1,1.559,0,0,0,0,2025-06-07
APP101819,30,Bayern,Kleinwagen,4,Haftpflicht,Online,Selbstständig,366.07,898.87,1,1,0,0,0,0,16,6,10,0,2.449,0,0,0,0,2025-04-11
APP101820,41,Bayern,Elektrofahrzeug,2,Vollkasko,Online,Angestellt,551.61,1489.09,2,3,0,0,0,0,21,6,9,0,2.695,0,1,0,0,2025-06-12
APP101821,43,Baden-Württemberg,Transporter,3,Haftpflicht,Online,Angestellt,802.81,1300.6,0,1,0,0,1,0,7,3,11,0,1.618,0,0,0,0,2025-05-02
APP101822,40,Rheinland-Pfalz,Kleinwagen,6,Haftpflicht,Filiale,Angestellt,719.49,1735.07,0,1,0,0,0,0,36,4,12,0,2.408,0,0,0,0,2025-08-18
APP101823,34,Bayern,Limousine,15,Teilkasko,Online,Angestellt,331.6,2600.85,0,3,0,0,0,0,16,6,11,0,7.82,0,0,0,0,2025-05-30
APP101824,45,Sachsen,Kleinwagen,4,Haftpflicht,Makler,Freiberuflich,346.58,3674.6,2,3,0,0,0,0,68,3,11,0,10.572,0,1,0,0,2025-09-08
APP101825,48,Hessen,Transporter,14,Teilkasko,Filiale,Angestellt,368.71,1544.82,0,2,0,0,0,0,50,4,5,0,4.178,0,0,0,0,2025-08-17
APP101826,28,Baden-Württemberg,Kleinwagen,1,Teilkasko,Online,Arbeitsuchend,383.54,0.0,0,0,0,0,0,0,33,0,2,0,0.0,0,0,0,0,2025-03-23
APP101827,61,Bayern,Motorrad,4,Haftpflicht,Partnerportal,Freiberuflich,280.0,964.16,1,1,1,0,0,0,16,7,7,0,3.431,0,0,0,0,2025-11-14
APP101828,41,NRW,Kleinwagen,4,Teilkasko,Telefon,Angestellt,686.65,516.11,1,2,0,0,0,0,8,6,16,0,0.751,0,0,0,0,2025-04-19
APP101829,43,Niedersachsen,SUV,7,Vollkasko,Filiale,Rentner,406.88,5127.26,1,1,0,1,0,0,53,8,12,0,12.571,0,0,0,0,2025-02-23
APP101830,52,Baden-Württemberg,SUV,3,Vollkasko,Telefon,Angestellt,598.29,6563.58,0,2,0,0,0,0,23,5,7,0,10.952,0,0,0,0,2025-07-07
APP101831,46,Baden-Württemberg,Limousine,6,Haftpflicht,Online,Angestellt,431.55,0.0,0,0,0,1,0,1,9,0,4,0,0.0,0,0,0,0,2025-04-23
APP101832,55,Hessen,Kleinwagen,4,Vollkasko,Online,Selbstständig,488.02,2514.15,1,1,2,0,2,0,7,5,23,0,5.141,0,0,1,1,2025-02-07
APP101833,46,Rheinland-Pfalz,Limousine,10,Vollkasko,Online,Angestellt,369.53,1500.12,0,1,0,0,0,0,6,3,3,0,4.049,0,0,0,0,2025-10-13
APP101834,35,Niedersachsen,SUV,5,Haftpflicht,Filiale,Freiberuflich,486.94,1654.32,0,1,0,1,0,0,54,4,15,0,3.39,0,0,0,0,2025-01-20
APP101835,47,Niedersachsen,Elektrofahrzeug,19,Haftpflicht,Filiale,Arbeitsuchend,341.75,311.74,0,1,1,0,0,0,9,1,17,0,0.91,0,0,0,0,2025-03-09
APP101836,28,Baden-Württemberg,Limousine,4,Vollkasko,Online,Arbeitsuchend,488.46,1138.15,0,1,0,0,0,0,26,3,3,1,2.325,0,0,0,0,2025-07-24
APP101837,44,Hessen,Kleinwagen,9,Vollkasko,Makler,Angestellt,908.72,0.0,0,0,1,0,0,2,21,0,10,1,0.0,0,0,0,1,2025-07-25
APP101838,42,NRW,Kleinwagen,11,Haftpflicht,Online,Student,613.18,0.0,0,0,0,0,0,1,31,0,7,0,0.0,0,0,0,0,2025-01-09
APP101839,40,Rheinland-Pfalz,Kleinwagen,0,Haftpflicht,Telefon,Selbstständig,556.82,1152.09,0,1,1,0,0,0,75,4,0,0,2.065,0,0,0,0,2025-08-24
APP101840,41,Bayern,Limousine,7,Haftpflicht,Online,Angestellt,283.07,0.0,0,0,0,0,0,0,72,0,12,0,0.0,0,0,0,0,2025-09-24
APP101841,18,Baden-Württemberg,Limousine,2,Vollkasko,Online,Arbeitsuchend,625.31,2641.58,1,3,0,0,0,0,21,1,20,0,4.218,0,0,0,0,2025-09-23
APP101842,35,Baden-Württemberg,Kleinwagen,4,Haftpflicht,Makler,Angestellt,651.37,0.0,0,0,0,0,0,0,1,0,21,0,0.0,0,0,0,0,2025-07-18
APP101843,44,Hessen,Kleinwagen,2,Teilkasko,Online,Student,551.52,965.94,0,1,2,0,1,0,20,2,3,0,1.748,0,0,1,0,2025-11-09
APP101844,45,Sachsen,Limousine,10,Vollkasko,Makler,Selbstständig,539.15,5037.26,0,1,0,0,0,0,33,3,3,0,9.326,0,0,0,0,2025-01-06
APP101845,29,Hessen,Transporter,3,Haftpflicht,Filiale,Angestellt,464.58,0.0,0,0,0,1,0,0,29,0,3,0,0.0,0,0,0,0,2025-09-26
APP101846,59,Niedersachsen,SUV,1,Haftpflicht,Telefon,Angestellt,647.26,1606.68,1,2,0,0,0,0,37,5,12,0,2.478,0,0,0,0,2025-02-28
APP101847,31,NRW,Kleinwagen,5,Vollkasko,Partnerportal,Rentner,886.02,1256.28,0,1,0,0,0,0,6,6,18,0,1.416,0,0,0,0,2025-10-30
APP101848,55,Bayern,Kleinwagen,11,Haftpflicht,Partnerportal,Rentner,566.13,859.6,0,1,0,0,0,0,37,8,15,0,1.516,0,0,0,0,2025-09-07
APP101849,48,Baden-Württemberg,Elektrofahrzeug,2,Vollkasko,Makler,Angestellt,327.63,1250.16,0,3,0,0,0,0,7,5,13,0,3.804,0,0,0,0,2025-04-30
APP101850,34,Niedersachsen,Kleinwagen,8,Haftpflicht,Partnerportal,Angestellt,338.33,228.68,2,3,0,0,0,0,49,3,9,0,0.674,0,1,0,0,2025-09-17
APP101851,66,NRW,Kleinwagen,1,Vollkasko,Filiale,Arbeitsuchend,668.49,325.2,0,2,1,1,0,0,14,7,4,0,0.486,0,0,0,0,2025-01-26
APP101852,27,Baden-Württemberg,Limousine,11,Teilkasko,Makler,Selbstständig,328.75,1631.39,1,2,0,0,1,0,44,7,14,0,4.947,0,0,0,0,2025-02-01
APP101853,54,Hessen,Kleinwagen,6,Haftpflicht,Makler,Angestellt,536.17,4596.13,0,1,0,0,0,0,1,4,5,0,8.556,1,0,0,0,2025-11-04
APP101854,56,Niedersachsen,Limousine,2,Vollkasko,Makler,Angestellt,426.18,1629.43,1,5,0,1,0,1,18,4,18,0,3.814,0,0,0,0,2025-06-06
APP101855,34,Baden-Württemberg,Transporter,8,Vollkasko,Online,Angestellt,314.08,657.0,0,1,0,1,0,0,43,5,13,1,2.085,0,0,0,0,2025-05-10
APP101856,61,NRW,Kleinwagen,3,Haftpflicht,Makler,Rentner,698.93,355.52,1,3,0,0,0,0,9,4,10,0,0.508,0,0,0,0,2025-08-23
APP101857,39,Sachsen,Limousine,2,Vollkasko,Partnerportal,Rentner,663.05,2361.02,1,1,0,0,0,0,57,4,2,0,3.555,0,0,0,0,2025-02-18
APP101858,46,NRW,SUV,3,Teilkasko,Online,Student,280.0,0.0,0,0,0,0,1,0,35,0,1,0,0.0,0,0,0,0,2025-01-17
APP101859,46,Bayern,Kleinwagen,7,Haftpflicht,Filiale,Selbstständig,603.17,2093.83,0,1,0,0,0,0,31,4,5,1,3.466,0,0,0,0,2025-04-19
APP101860,41,Bayern,Kleinwagen,2,Vollkasko,Makler,Angestellt,567.26,1688.14,0,1,0,0,0,0,15,1,23,0,2.971,0,0,0,0,2025-07-24
APP101861,53,Berlin,SUV,0,Teilkasko,Telefon,Arbeitsuchend,700.46,0.0,0,0,0,0,0,0,23,0,7,0,0.0,0,0,0,0,2025-04-06
APP101862,53,Hessen,Motorrad,3,Teilkasko,Filiale,Rentner,528.5,1247.08,1,2,0,0,0,0,32,3,0,0,2.355,0,0,0,0,2025-02-11
APP101863,20,Sachsen,Limousine,10,Teilkasko,Online,Freiberuflich,897.19,1679.24,1,1,0,0,0,0,23,6,13,0,1.87,0,0,0,0,2025-06-25
APP101864,59,Hessen,Limousine,10,Haftpflicht,Makler,Angestellt,467.22,1094.95,1,2,0,0,0,0,43,7,15,0,2.339,0,0,0,0,2025-04-26
APP101865,21,Niedersachsen,Kleinwagen,3,Vollkasko,Telefon,Arbeitsuchend,439.54,0.0,0,0,0,1,0,0,20,0,16,0,0.0,0,0,0,0,2025-12-17
APP101866,56,Bayern,Transporter,3,Haftpflicht,Online,Angestellt,327.21,534.34,0,1,0,0,0,1,8,4,7,0,1.628,0,0,0,0,2025-06-08
APP101867,57,Berlin,Kleinwagen,3,Teilkasko,Makler,Angestellt,332.87,159.61,0,2,0,0,0,0,8,5,16,0,0.478,0,0,0,0,2025-05-06
APP101868,28,Sachsen,Transporter,3,Haftpflicht,Online,Angestellt,320.45,0.0,0,0,1,0,0,0,1,0,12,0,0.0,0,0,0,0,2025-12-14
APP101869,37,Baden-Württemberg,Limousine,3,Vollkasko,Makler,Angestellt,540.09,0.0,0,0,0,0,1,0,12,0,18,0,0.0,0,0,0,0,2025-03-28
APP101870,28,Niedersachsen,Kleinwagen,6,Haftpflicht,Online,Selbstständig,440.09,2254.24,3,3,0,1,0,0,49,5,8,1,5.111,0,1,0,0,2025-04-26
APP101871,40,Bayern,Limousine,10,Haftpflicht,Partnerportal,Angestellt,566.17,1470.79,2,3,0,0,0,0,56,3,2,0,2.593,0,1,0,0,2025-03-10
APP101872,38,Sachsen,SUV,2,Haftpflicht,Telefon,Angestellt,296.52,0.0,0,0,0,0,0,0,8,0,17,1,0.0,0,0,0,0,2025-01-01
APP101873,53,Hessen,Transporter,3,Haftpflicht,Makler,Freiberuflich,343.99,0.0,0,0,0,1,1,0,115,0,0,0,0.0,0,0,0,0,2025-12-02
APP101874,60,Baden-Württemberg,SUV,6,Haftpflicht,Makler,Selbstständig,341.56,1095.08,0,1,1,1,0,0,25,4,12,0,3.197,0,0,0,0,2025-07-22
APP101875,61,Rheinland-Pfalz,Transporter,7,Haftpflicht,Telefon,Angestellt,1225.49,4622.51,0,1,0,0,0,0,89,7,12,0,3.769,0,0,0,0,2025-02-05
APP101876,35,Bayern,Kleinwagen,1,Teilkasko,Makler,Angestellt,459.63,526.41,0,1,0,0,0,0,44,5,11,0,1.143,0,0,0,0,2025-04-11
APP101877,40,Bayern,Elektrofahrzeug,12,Haftpflicht,Filiale,Angestellt,479.2,640.68,1,2,0,0,0,1,46,5,0,0,1.334,0,0,0,0,2025-12-02
APP101878,21,Baden-Württemberg,Kleinwagen,4,Teilkasko,Partnerportal,Freiberuflich,476.98,589.82,0,1,0,0,0,0,3,2,9,0,1.234,0,0,0,0,2025-07-06
APP101879,32,Baden-Württemberg,Kleinwagen,1,Teilkasko,Makler,Selbstständig,945.95,343.85,1,3,0,1,0,1,8,6,18,0,0.363,0,0,0,0,2025-03-02
APP101880,55,Niedersachsen,Kleinwagen,1,Haftpflicht,Online,Angestellt,280.0,546.49,1,3,2,0,1,0,1,2,21,0,1.945,0,0,1,0,2025-11-28
APP101881,64,Baden-Württemberg,Elektrofahrzeug,1,Teilkasko,Partnerportal,Angestellt,480.51,0.0,0,0,0,0,0,0,45,0,6,0,0.0,0,0,0,0,2025-08-10
APP101882,26,Baden-Württemberg,Kleinwagen,9,Vollkasko,Online,Angestellt,280.0,661.58,0,1,0,0,0,1,15,4,13,0,2.354,0,0,0,0,2025-08-24
APP101883,35,Niedersachsen,Transporter,5,Vollkasko,Partnerportal,Freiberuflich,280.0,45.7,0,2,0,0,0,0,55,5,5,0,0.163,0,0,0,0,2025-09-17
APP101884,42,Berlin,Kleinwagen,9,Vollkasko,Telefon,Arbeitsuchend,361.99,3020.36,0,1,0,0,0,1,14,6,5,0,8.321,0,0,0,0,2025-04-29
APP101885,46,Niedersachsen,Transporter,4,Haftpflicht,Makler,Angestellt,585.88,0.0,0,0,0,0,0,0,61,0,8,0,0.0,0,0,0,0,2025-11-01
APP101886,32,Bayern,Limousine,9,Haftpflicht,Online,Angestellt,352.46,1999.88,1,2,1,0,0,1,5,5,19,0,5.658,0,0,0,0,2025-10-24
APP101887,48,NRW,Transporter,4,Vollkasko,Telefon,Angestellt,581.86,0.0,0,0,0,1,0,0,6,0,15,0,0.0,0,0,0,0,2025-08-18
APP101888,36,Berlin,Kleinwagen,7,Haftpflicht,Partnerportal,Rentner,515.28,7330.26,0,1,0,0,0,1,15,2,4,0,14.198,0,0,0,0,2025-07-07
APP101889,42,Niedersachsen,Limousine,5,Haftpflicht,Online,Freiberuflich,464.79,2828.25,1,1,0,0,0,0,18,3,14,0,6.072,0,0,0,0,2025-07-19
APP101890,50,Hessen,Limousine,4,Teilkasko,Filiale,Angestellt,838.22,0.0,0,0,0,0,0,0,15,0,0,0,0.0,0,0,0,0,2025-07-19
APP101891,43,Baden-Württemberg,Kleinwagen,2,Vollkasko,Online,Arbeitsuchend,383.62,667.3,0,2,1,0,1,0,51,6,3,0,1.735,0,0,0,0,2025-10-04
APP101892,37,Sachsen,Kleinwagen,7,Haftpflicht,Online,Angestellt,578.17,4347.34,0,1,1,0,0,0,3,13,9,1,7.506,1,0,0,0,2025-02-09
APP101893,41,Bayern,Kleinwagen,2,Vollkasko,Filiale,Selbstständig,280.0,0.0,0,0,0,0,1,0,15,0,5,0,0.0,0,0,0,0,2025-12-15
APP101894,41,NRW,SUV,7,Teilkasko,Filiale,Arbeitsuchend,513.62,0.0,0,0,0,0,0,0,65,0,22,0,0.0,0,0,0,0,2025-12-01
APP101895,38,Rheinland-Pfalz,Kleinwagen,5,Teilkasko,Online,Freiberuflich,442.29,0.0,0,0,0,0,0,0,2,0,1,0,0.0,0,0,0,0,2025-03-19
APP101896,39,NRW,Elektrofahrzeug,7,Vollkasko,Online,Selbstständig,299.9,905.29,1,1,1,0,0,0,102,3,9,0,3.009,0,0,0,0,2025-04-12
APP101897,63,Niedersachsen,Motorrad,5,Haftpflicht,Telefon,Angestellt,582.52,1636.78,1,1,0,0,0,0,154,4,21,0,2.805,0,0,0,0,2025-08-07
APP101898,50,Bayern,Kleinwagen,10,Haftpflicht,Makler,Freiberuflich,361.28,0.0,0,0,0,0,0,1,3,0,18,0,0.0,0,0,0,0,2025-06-17
APP101899,39,Hessen,Kleinwagen,6,Teilkasko,Makler,Selbstständig,1019.96,1787.89,0,3,0,0,0,0,12,4,22,0,1.751,0,0,0,0,2025-09-02
APP101900,52,Baden-Württemberg,Elektrofahrzeug,5,Haftpflicht,Partnerportal,Angestellt,280.0,0.0,0,0,0,0,0,0,16,0,8,0,0.0,0,0,0,0,2025-06-19
APP101901,38,NRW,Limousine,0,Teilkasko,Online,Angestellt,546.9,1728.53,0,1,0,0,0,0,53,6,10,0,3.155,0,0,0,0,2025-12-26
APP101902,58,Sachsen,Limousine,10,Vollkasko,Filiale,Angestellt,501.67,1312.07,0,2,0,0,0,0,32,5,3,0,2.61,0,0,0,0,2025-09-07
APP101903,47,Bayern,Transporter,1,Teilkasko,Makler,Selbstständig,437.92,691.93,1,4,0,0,1,0,37,5,23,0,1.576,0,0,0,0,2025-05-19
APP101904,41,Niedersachsen,Limousine,2,Haftpflicht,Filiale,Angestellt,394.54,1216.1,1,2,0,0,0,0,51,9,9,0,3.075,0,0,0,0,2025-03-18
APP101905,48,Hessen,Elektrofahrzeug,8,Vollkasko,Filiale,Angestellt,507.16,660.35,0,1,0,0,0,0,4,6,5,0,1.299,0,0,0,0,2025-02-04
APP101906,22,Baden-Württemberg,SUV,5,Vollkasko,Filiale,Angestellt,769.79,0.0,0,0,0,0,0,0,64,0,2,0,0.0,0,0,0,0,2025-12-07
APP101907,28,Baden-Württemberg,SUV,1,Teilkasko,Partnerportal,Student,280.0,910.75,0,1,0,0,1,0,44,5,12,1,3.241,0,0,0,0,2025-10-20
APP101908,27,Berlin,SUV,3,Haftpflicht,Makler,Angestellt,351.25,1094.98,0,1,0,0,0,0,31,6,18,0,3.109,0,0,0,0,2025-05-20
APP101909,44,Bayern,Kleinwagen,10,Teilkasko,Makler,Selbstständig,316.99,1248.8,0,2,0,0,0,0,79,4,2,0,3.927,0,0,0,0,2025-11-15
APP101910,65,NRW,Transporter,5,Haftpflicht,Online,Selbstständig,310.8,2641.02,1,1,0,0,0,0,43,3,19,0,8.47,0,0,0,0,2025-04-18
APP101911,72,NRW,SUV,5,Teilkasko,Online,Angestellt,569.04,0.0,0,0,0,0,0,0,8,0,17,0,0.0,0,0,0,0,2025-09-23
APP101912,51,Baden-Württemberg,Kleinwagen,3,Haftpflicht,Partnerportal,Angestellt,631.14,1432.71,0,1,0,0,0,0,20,5,11,0,2.266,0,0,0,0,2025-11-10
APP101913,49,NRW,Motorrad,8,Vollkasko,Online,Freiberuflich,770.73,0.0,0,0,1,0,0,0,24,0,11,0,0.0,0,0,0,0,2025-04-13
APP101914,19,Hessen,Transporter,4,Vollkasko,Telefon,Angestellt,635.33,722.46,1,2,0,1,0,0,2,7,20,1,1.135,0,0,0,0,2025-01-03
APP101915,35,Niedersachsen,Limousine,7,Haftpflicht,Filiale,Angestellt,657.33,1290.36,1,1,1,0,0,0,111,4,11,0,1.96,0,0,0,0,2025-07-16
APP101916,32,Niedersachsen,Limousine,3,Vollkasko,Partnerportal,Angestellt,280.0,0.0,0,0,0,0,0,0,4,0,23,0,0.0,0,0,0,0,2025-11-07
APP101917,34,Sachsen,SUV,15,Teilkasko,Makler,Angestellt,918.83,1420.17,1,1,0,0,0,0,43,7,6,0,1.544,0,0,0,0,2025-10-28
APP101918,40,Baden-Württemberg,Kleinwagen,11,Haftpflicht,Filiale,Freiberuflich,451.2,1469.38,0,1,1,0,0,0,25,2,8,0,3.249,0,0,0,0,2025-06-18
APP101919,36,Baden-Württemberg,Motorrad,5,Vollkasko,Telefon,Selbstständig,760.41,665.45,0,1,0,0,0,0,1,3,11,0,0.874,0,0,0,0,2025-12-18
APP101920,18,Niedersachsen,Elektrofahrzeug,6,Vollkasko,Makler,Rentner,280.0,0.0,0,0,0,0,0,0,93,0,18,0,0.0,0,0,0,0,2025-06-19
APP101921,52,NRW,Limousine,3,Haftpflicht,Online,Rentner,445.24,698.47,1,2,1,0,0,0,68,6,3,0,1.565,0,0,0,0,2025-02-02
APP101922,29,Sachsen,SUV,7,Teilkasko,Filiale,Rentner,732.21,293.65,1,3,0,0,0,0,26,11,23,0,0.4,0,0,0,0,2025-11-22
APP101923,46,Hessen,Motorrad,0,Haftpflicht,Telefon,Freiberuflich,498.56,2517.84,0,1,0,0,0,0,9,5,9,0,5.04,0,0,0,0,2025-01-06
APP101924,69,Sachsen,Limousine,12,Haftpflicht,Online,Freiberuflich,359.0,0.0,0,0,0,1,0,0,4,0,18,0,0.0,0,0,0,0,2025-06-03
APP101925,31,NRW,SUV,7,Vollkasko,Telefon,Angestellt,854.16,936.75,2,2,0,0,0,1,16,9,16,0,1.095,0,1,0,0,2025-02-17
APP101926,18,Bayern,Kleinwagen,2,Haftpflicht,Makler,Angestellt,301.27,762.25,0,1,1,1,0,0,10,4,17,0,2.522,0,0,0,0,2025-08-12
APP101927,39,Sachsen,Transporter,12,Vollkasko,Partnerportal,Angestellt,488.54,5948.88,0,2,0,0,0,0,25,0,9,0,12.152,0,0,0,0,2025-11-09
APP101928,57,Niedersachsen,Transporter,14,Teilkasko,Online,Freiberuflich,644.76,1638.28,0,1,0,0,0,0,122,6,23,0,2.537,0,0,0,0,2025-03-10
APP101929,68,Bayern,Kleinwagen,6,Vollkasko,Online,Selbstständig,1188.19,1933.89,0,1,0,1,1,0,30,6,11,0,1.626,0,0,0,0,2025-06-23
APP101930,27,NRW,Motorrad,3,Haftpflicht,Telefon,Rentner,406.46,1391.62,0,1,0,0,0,1,79,3,22,0,3.415,0,0,0,0,2025-02-10
APP101931,49,NRW,Limousine,5,Teilkasko,Online,Angestellt,438.73,1524.68,0,3,1,0,1,1,37,8,19,0,3.467,0,0,0,0,2025-04-17
APP101932,36,Niedersachsen,Elektrofahrzeug,7,Haftpflicht,Makler,Angestellt,408.8,3979.18,1,2,0,0,0,0,23,4,7,0,9.71,0,0,0,0,2025-01-16
APP101933,41,Berlin,Elektrofahrzeug,6,Vollkasko,Online,Selbstständig,544.66,979.24,1,2,0,0,0,0,69,7,18,1,1.795,0,0,0,0,2025-06-29
APP101934,77,Hessen,Transporter,2,Haftpflicht,Makler,Rentner,630.76,351.29,0,1,0,1,0,0,22,7,0,0,0.556,0,0,0,0,2025-09-25
APP101935,23,Bayern,Motorrad,7,Teilkasko,Online,Student,779.92,0.0,0,0,0,0,0,0,73,0,3,0,0.0,0,0,0,0,2025-09-28
APP101936,46,Sachsen,Limousine,10,Vollkasko,Makler,Freiberuflich,676.91,0.0,0,0,0,0,0,0,12,0,5,0,0.0,0,0,0,0,2025-08-01
APP101937,49,Rheinland-Pfalz,Limousine,2,Haftpflicht,Online,Angestellt,399.86,0.0,0,0,0,0,1,0,4,0,21,0,0.0,0,0,0,0,2025-12-23
APP101938,57,Baden-Württemberg,Kleinwagen,2,Haftpflicht,Partnerportal,Angestellt,693.41,1808.3,1,1,0,0,0,0,69,1,3,0,2.604,0,0,0,0,2025-01-21
APP101939,44,NRW,Limousine,3,Teilkasko,Makler,Angestellt,512.06,884.36,2,3,0,0,0,0,31,6,15,0,1.724,0,1,0,0,2025-07-28
APP101940,47,NRW,SUV,4,Teilkasko,Partnerportal,Angestellt,673.85,1233.47,1,2,0,0,1,0,79,5,7,0,1.828,0,0,0,0,2025-10-16
APP101941,37,Baden-Württemberg,Motorrad,8,Teilkasko,Filiale,Angestellt,690.21,1083.61,1,1,1,0,0,0,100,8,8,0,1.568,0,0,0,0,2025-10-16
APP101942,46,Niedersachsen,SUV,9,Haftpflicht,Telefon,Angestellt,977.16,733.07,1,1,1,0,0,1,1,1,14,0,0.749,0,0,0,0,2025-09-01
APP101943,38,Hessen,Transporter,3,Haftpflicht,Partnerportal,Angestellt,424.57,0.0,0,0,0,0,0,0,25,0,17,0,0.0,0,0,0,0,2025-06-05
APP101944,51,Berlin,Kleinwagen,6,Haftpflicht,Telefon,Angestellt,391.85,364.88,0,1,1,0,0,0,16,8,2,0,0.929,0,0,0,0,2025-03-31
APP101945,38,NRW,Elektrofahrzeug,9,Haftpflicht,Makler,Angestellt,594.55,0.0,0,0,0,0,0,0,35,0,23,0,0.0,0,0,0,0,2025-10-24
APP101946,47,Sachsen,SUV,16,Haftpflicht,Telefon,Arbeitsuchend,809.69,2554.87,0,1,0,0,0,0,56,7,16,0,3.151,0,0,0,0,2025-03-04
APP101947,42,Sachsen,Transporter,5,Haftpflicht,Online,Selbstständig,504.91,0.0,0,0,0,1,0,0,11,0,0,0,0.0,0,0,0,0,2025-02-08
APP101948,57,Baden-Württemberg,Elektrofahrzeug,6,Vollkasko,Online,Freiberuflich,832.17,1001.7,1,1,0,0,0,1,29,3,6,0,1.202,0,0,0,0,2025-05-28
APP101949,42,Bayern,Motorrad,6,Vollkasko,Makler,Rentner,658.41,1050.2,0,1,0,0,0,0,44,2,9,0,1.593,0,0,0,0,2025-11-29
APP101950,19,NRW,SUV,4,Teilkasko,Partnerportal,Freiberuflich,452.82,1691.05,0,2,0,0,0,0,5,3,14,0,3.726,0,0,0,0,2025-06-15
APP101951,59,Sachsen,Motorrad,5,Vollkasko,Online,Student,624.28,0.0,0,0,0,0,0,0,60,0,22,0,0.0,0,0,0,0,2025-01-23
APP101952,31,NRW,SUV,1,Teilkasko,Telefon,Freiberuflich,410.5,1245.41,0,1,0,0,0,0,33,4,12,0,3.027,0,0,0,0,2025-09-19
APP101953,34,Niedersachsen,Transporter,3,Haftpflicht,Online,Angestellt,544.69,1093.4,1,3,0,0,0,0,107,2,22,0,2.004,0,0,0,0,2025-08-04
APP101954,35,Sachsen,SUV,7,Teilkasko,Filiale,Angestellt,313.96,647.44,0,1,0,0,1,0,14,8,4,0,2.056,0,0,0,0,2025-04-08
APP101955,60,NRW,Limousine,2,Vollkasko,Telefon,Arbeitsuchend,478.84,0.0,0,0,1,0,0,0,4,0,6,0,0.0,0,0,0,0,2025-01-07
APP101956,18,NRW,Limousine,8,Haftpflicht,Telefon,Angestellt,749.85,2646.48,0,1,0,1,0,0,25,4,13,1,3.525,0,0,0,0,2025-11-03
APP101957,82,Hessen,SUV,1,Vollkasko,Filiale,Angestellt,680.07,286.55,0,1,1,0,0,1,3,9,13,0,0.421,0,0,0,0,2025-09-27
APP101958,56,Sachsen,Motorrad,8,Vollkasko,Makler,Student,639.54,1819.28,1,2,0,1,0,0,125,6,8,0,2.84,0,0,0,0,2025-08-16
APP101959,45,Sachsen,Limousine,8,Teilkasko,Online,Angestellt,555.99,2387.22,0,1,2,0,0,0,1,4,21,1,4.286,0,0,1,0,2025-01-16
APP101960,42,Berlin,SUV,16,Teilkasko,Online,Angestellt,526.97,1006.49,0,5,0,0,0,0,50,4,5,0,1.906,0,0,0,0,2025-08-26
APP101961,46,NRW,Limousine,4,Haftpflicht,Telefon,Rentner,289.41,1267.14,0,3,0,0,0,1,26,5,18,0,4.363,0,0,0,0,2025-05-31
APP101962,49,Niedersachsen,Kleinwagen,5,Vollkasko,Online,Angestellt,451.89,3258.33,1,1,2,0,0,1,16,3,14,0,7.195,0,0,1,0,2025-10-01
APP101963,51,Bayern,SUV,12,Vollkasko,Online,Angestellt,532.03,665.72,0,1,0,0,0,0,2,6,15,0,1.249,0,0,0,0,2025-08-09
APP101964,50,Hessen,SUV,11,Vollkasko,Makler,Selbstständig,307.28,726.76,1,2,1,1,0,0,35,4,22,1,2.357,0,0,0,0,2025-03-09
APP101965,44,NRW,Elektrofahrzeug,9,Haftpflicht,Online,Angestellt,280.0,795.4,1,1,0,0,2,1,31,5,21,0,2.831,0,0,0,1,2025-10-08
APP101966,40,Bayern,SUV,6,Vollkasko,Online,Freiberuflich,791.64,3263.41,0,2,0,0,0,1,11,4,11,0,4.117,0,0,0,0,2025-02-02
APP101967,41,Bayern,SUV,11,Teilkasko,Online,Angestellt,503.38,3635.31,2,4,0,0,0,0,86,4,20,0,7.207,0,1,0,0,2025-02-20
APP101968,40,Sachsen,Limousine,19,Vollkasko,Online,Freiberuflich,538.18,370.0,1,1,2,0,0,0,13,2,2,0,0.686,0,0,1,0,2025-10-06
APP101969,57,Rheinland-Pfalz,Kleinwagen,7,Haftpflicht,Telefon,Student,622.26,0.0,0,0,0,0,0,0,21,0,2,0,0.0,0,0,0,0,2025-11-02
APP101970,50,Hessen,Transporter,5,Vollkasko,Online,Selbstständig,326.19,0.0,0,0,0,0,0,0,28,0,5,0,0.0,0,0,0,0,2025-05-29
APP101971,18,Bayern,Motorrad,8,Haftpflicht,Makler,Rentner,415.94,4539.42,0,1,1,0,0,0,3,5,21,0,10.887,1,0,0,0,2025-03-04
APP101972,51,Baden-Württemberg,Motorrad,5,Vollkasko,Online,Arbeitsuchend,926.77,1681.33,1,1,0,0,0,0,96,7,20,0,1.812,0,0,0,0,2025-05-02
APP101973,45,Baden-Württemberg,Limousine,4,Teilkasko,Partnerportal,Angestellt,401.32,1167.22,0,2,0,1,0,0,16,6,18,1,2.901,0,0,0,0,2025-01-27
APP101974,42,Niedersachsen,Transporter,8,Teilkasko,Online,Angestellt,440.69,3208.1,1,1,0,0,0,0,3,4,11,0,7.263,0,0,0,0,2025-07-28
APP101975,37,Hessen,Limousine,3,Haftpflicht,Filiale,Selbstständig,371.97,2195.29,0,2,0,0,0,0,17,0,15,0,5.886,0,0,0,0,2025-06-03
APP101976,57,Bayern,Limousine,7,Teilkasko,Partnerportal,Selbstständig,360.99,8169.51,0,3,1,0,0,0,33,3,17,0,22.568,0,0,0,0,2025-10-02
APP101977,55,Baden-Württemberg,Elektrofahrzeug,1,Teilkasko,Online,Selbstständig,783.92,0.0,0,0,0,0,0,0,25,0,3,0,0.0,0,0,0,0,2025-08-13
APP101978,32,Baden-Württemberg,Motorrad,13,Teilkasko,Partnerportal,Selbstständig,280.0,1380.93,1,1,0,0,1,0,42,9,19,0,4.914,0,0,0,0,2025-02-27
APP101979,48,Berlin,Limousine,3,Haftpflicht,Online,Freiberuflich,406.69,0.0,0,0,0,0,0,0,2,0,12,0,0.0,0,0,0,0,2025-09-08
APP101980,30,Baden-Württemberg,Limousine,2,Vollkasko,Online,Angestellt,541.68,739.68,1,1,0,1,0,0,12,7,12,1,1.363,0,0,0,0,2025-08-28
APP101981,25,Bayern,SUV,10,Vollkasko,Makler,Angestellt,1004.91,0.0,0,0,0,0,0,0,61,0,1,0,0.0,0,0,0,0,2025-09-20
APP101982,34,Bayern,Kleinwagen,12,Vollkasko,Makler,Freiberuflich,305.88,1009.49,1,2,1,0,0,0,2,6,8,0,3.29,0,0,0,0,2025-08-19
APP101983,54,Hessen,Elektrofahrzeug,6,Haftpflicht,Makler,Student,284.75,2662.86,0,2,0,1,0,0,69,5,10,0,9.319,0,0,0,0,2025-03-07
APP101984,55,Hessen,Kleinwagen,5,Vollkasko,Online,Angestellt,343.35,1208.19,0,1,0,0,0,0,3,6,2,0,3.509,0,0,0,0,2025-07-28
APP101985,49,Sachsen,Motorrad,4,Haftpflicht,Online,Angestellt,661.64,2888.42,0,2,1,0,0,0,64,2,16,0,4.359,0,0,0,0,2025-02-15
APP101986,52,Baden-Württemberg,Elektrofahrzeug,6,Vollkasko,Online,Angestellt,519.37,1614.75,0,2,1,0,0,0,16,5,11,0,3.103,0,0,0,0,2025-12-11
APP101987,49,Hessen,Transporter,5,Haftpflicht,Telefon,Angestellt,280.0,860.38,0,1,0,0,0,0,34,8,4,0,3.062,0,0,0,0,2025-07-22
APP101988,34,NRW,Elektrofahrzeug,4,Haftpflicht,Online,Freiberuflich,513.79,1305.68,1,1,0,0,1,0,5,6,13,0,2.536,0,0,0,0,2025-02-13
APP101989,48,NRW,Kleinwagen,2,Teilkasko,Filiale,Angestellt,945.4,1810.36,0,1,1,0,0,1,2,9,18,0,1.913,0,0,0,0,2025-05-17
APP101990,53,Bayern,Limousine,2,Haftpflicht,Filiale,Rentner,550.64,1364.22,1,2,0,0,1,0,8,7,21,0,2.473,0,0,0,0,2025-03-12
APP101991,52,Baden-Württemberg,SUV,5,Teilkasko,Filiale,Student,528.01,1377.58,1,3,0,0,0,0,4,3,16,0,2.604,0,0,0,0,2025-09-24
APP101992,58,NRW,Transporter,6,Teilkasko,Partnerportal,Rentner,541.53,0.0,0,0,0,0,0,0,13,0,3,0,0.0,0,0,0,0,2025-04-25
APP101993,52,Niedersachsen,SUV,3,Teilkasko,Online,Selbstständig,586.45,838.8,1,1,0,0,0,0,26,8,0,0,1.428,0,0,0,0,2025-02-25
APP101994,47,Hessen,Transporter,3,Teilkasko,Makler,Rentner,289.4,8264.23,1,2,0,0,0,0,31,3,16,0,28.458,0,0,0,0,2025-05-12
APP101995,56,Niedersachsen,Kleinwagen,6,Vollkasko,Online,Selbstständig,447.01,3443.34,0,3,0,0,0,0,56,7,9,0,7.686,0,0,0,0,2025-10-20
APP101996,42,Sachsen,Motorrad,2,Haftpflicht,Online,Angestellt,456.92,0.0,0,0,0,1,0,0,38,0,7,0,0.0,0,0,0,0,2025-12-12
APP101997,31,Hessen,Motorrad,9,Haftpflicht,Online,Freiberuflich,402.2,162.08,0,1,0,0,0,2,33,2,10,0,0.402,0,0,0,1,2025-10-17
APP101998,40,Bayern,Transporter,7,Haftpflicht,Partnerportal,Angestellt,657.32,1293.06,1,2,0,0,1,0,19,4,19,0,1.964,0,0,0,0,2025-12-02
APP101999,33,Niedersachsen,Motorrad,3,Haftpflicht,Online,Selbstständig,377.56,2590.1,1,1,0,1,0,0,23,5,9,0,6.842,0,0,0,0,2025-04-15
APP102000,34,Niedersachsen,Kleinwagen,7,Haftpflicht,Online,Angestellt,423.61,779.03,0,1,0,0,0,0,19,5,18,0,1.835,0,0,0,0,2025-02-16
APP102001,41,Hessen,Kleinwagen,2,Haftpflicht,Makler,Rentner,290.25,2888.26,0,1,0,1,0,0,66,4,5,0,9.917,0,0,0,0,2025-01-30
APP102002,32,Hessen,Motorrad,8,Haftpflicht,Online,Selbstständig,577.61,0.0,0,0,0,0,0,0,9,0,10,0,0.0,0,0,0,0,2025-04-28
APP102003,38,Bayern,Elektrofahrzeug,3,Haftpflicht,Online,Angestellt,731.87,1055.11,0,2,0,0,0,0,1,5,15,0,1.44,0,0,0,0,2025-02-15
APP102004,18,Baden-Württemberg,Limousine,4,Teilkasko,Online,Angestellt,423.42,0.0,0,0,0,0,0,0,37,0,9,0,0.0,0,0,0,0,2025-12-02
APP102005,45,Hessen,Limousine,5,Haftpflicht,Telefon,Freiberuflich,691.67,0.0,0,0,0,0,0,0,8,0,21,0,0.0,0,0,0,0,2025-03-11
APP102006,43,Bayern,Transporter,12,Haftpflicht,Telefon,Freiberuflich,463.26,949.85,1,1,0,0,0,0,79,3,0,0,2.046,0,0,0,0,2025-02-02
APP102007,32,Baden-Württemberg,SUV,3,Haftpflicht,Makler,Angestellt,280.0,0.0,0,0,0,0,0,1,70,0,7,0,0.0,0,0,0,0,2025-02-19
APP102008,51,Sachsen,Limousine,3,Haftpflicht,Partnerportal,Student,482.2,1180.05,0,2,0,0,0,0,2,3,16,0,2.442,0,0,0,0,2025-09-28
APP102009,55,NRW,Kleinwagen,1,Teilkasko,Partnerportal,Selbstständig,457.72,6139.26,0,2,0,0,0,0,4,0,18,0,13.383,1,0,0,0,2025-10-03
APP102010,22,Sachsen,Kleinwagen,14,Teilkasko,Makler,Angestellt,514.53,0.0,0,0,0,0,0,0,24,0,8,0,0.0,0,0,0,0,2025-03-29
APP102011,33,NRW,SUV,5,Haftpflicht,Partnerportal,Angestellt,548.03,0.0,0,0,0,0,0,0,33,0,19,0,0.0,0,0,0,0,2025-02-09
APP102012,33,Hessen,Kleinwagen,9,Haftpflicht,Telefon,Freiberuflich,369.72,1162.03,0,3,0,0,0,1,11,9,7,0,3.135,0,0,0,0,2025-02-01
APP102013,30,NRW,Motorrad,3,Haftpflicht,Makler,Rentner,914.11,2549.22,1,2,1,1,0,0,45,6,8,0,2.786,0,0,0,0,2025-04-07
APP102014,53,NRW,Elektrofahrzeug,3,Vollkasko,Makler,Angestellt,479.25,921.3,0,2,1,0,0,0,32,6,15,0,1.918,0,0,0,0,2025-04-22
APP102015,40,Bayern,Limousine,5,Haftpflicht,Online,Angestellt,453.11,1540.74,0,3,0,0,0,0,14,5,13,0,3.393,0,0,0,0,2025-08-26
APP102016,39,Bayern,Kleinwagen,5,Haftpflicht,Makler,Freiberuflich,673.64,556.21,1,2,0,0,0,0,1,5,23,0,0.824,0,0,0,0,2025-01-12
APP102017,18,Baden-Württemberg,SUV,7,Teilkasko,Partnerportal,Freiberuflich,496.6,2932.25,2,3,1,0,0,1,49,4,5,0,5.893,0,1,0,0,2025-09-28
APP102018,51,NRW,SUV,5,Haftpflicht,Partnerportal,Angestellt,1447.59,1551.56,1,2,0,0,0,0,8,4,8,0,1.071,0,0,0,0,2025-07-06
APP102019,26,Hessen,Kleinwagen,4,Haftpflicht,Filiale,Angestellt,451.17,6536.36,0,1,0,0,1,1,64,7,10,0,14.456,0,0,0,0,2025-07-07
APP102020,43,Baden-Württemberg,SUV,14,Vollkasko,Online,Angestellt,571.21,0.0,0,0,2,0,0,1,19,0,21,0,0.0,0,0,1,0,2025-03-13
APP102021,46,Bayern,Limousine,2,Vollkasko,Telefon,Angestellt,359.73,2318.84,0,1,0,1,0,1,30,1,14,0,6.428,0,0,0,0,2025-09-17
APP102022,60,Hessen,Motorrad,3,Teilkasko,Makler,Rentner,710.26,1284.55,0,1,0,0,1,1,74,2,14,0,1.806,0,0,0,0,2025-01-27
APP102023,25,Sachsen,SUV,2,Teilkasko,Makler,Angestellt,560.97,0.0,0,0,0,0,0,0,71,0,4,0,0.0,0,0,0,0,2025-04-11
APP102024,18,Hessen,Limousine,8,Haftpflicht,Makler,Freiberuflich,427.36,0.0,0,0,0,0,0,0,16,0,7,0,0.0,0,0,0,0,2025-06-30
APP102025,45,Niedersachsen,Elektrofahrzeug,6,Teilkasko,Online,Freiberuflich,341.58,1449.16,1,2,1,0,0,0,8,5,19,0,4.23,0,0,0,0,2025-02-08
APP102026,66,Berlin,SUV,4,Haftpflicht,Makler,Freiberuflich,284.3,1914.73,0,1,0,0,0,0,53,5,2,0,6.711,0,0,0,0,2025-10-02
APP102027,59,Hessen,Motorrad,2,Teilkasko,Makler,Freiberuflich,587.49,5272.81,1,3,0,0,1,1,20,8,19,0,8.96,0,0,0,0,2025-04-27
APP102028,45,Hessen,Limousine,5,Teilkasko,Online,Rentner,280.0,601.39,1,3,0,0,0,0,7,7,3,0,2.14,0,0,0,0,2025-01-14
APP102029,36,NRW,Limousine,8,Haftpflicht,Partnerportal,Angestellt,853.68,552.44,0,2,0,0,1,0,84,4,6,0,0.646,0,0,0,0,2025-11-23
APP102030,53,Sachsen,Kleinwagen,12,Teilkasko,Online,Angestellt,289.92,0.0,0,0,0,0,0,0,7,0,16,0,0.0,0,0,0,0,2025-08-04
APP102031,30,Niedersachsen,Limousine,3,Haftpflicht,Online,Angestellt,457.18,2435.78,0,1,0,0,1,0,1,5,11,0,5.316,0,0,0,0,2025-05-05
APP102032,49,Bayern,Motorrad,4,Haftpflicht,Online,Selbstständig,340.27,1942.32,1,1,0,0,0,1,1,4,5,0,5.691,0,0,0,0,2025-10-08
APP102033,49,NRW,Motorrad,6,Vollkasko,Makler,Angestellt,499.56,0.0,0,0,0,0,0,0,35,0,23,0,0.0,0,0,0,0,2025-03-30
APP102034,56,Hessen,Elektrofahrzeug,4,Vollkasko,Makler,Freiberuflich,498.27,2305.54,1,1,0,0,0,0,39,4,22,0,4.618,0,0,0,0,2025-11-02
APP102035,78,Sachsen,Transporter,2,Vollkasko,Makler,Selbstständig,593.96,436.58,1,1,1,0,0,0,13,5,20,0,0.734,0,0,0,0,2025-04-21
APP102036,48,Hessen,Limousine,4,Vollkasko,Makler,Angestellt,280.0,594.62,1,2,0,0,0,0,13,6,3,0,2.116,0,0,0,0,2025-03-20
APP102037,36,Baden-Württemberg,Kleinwagen,2,Vollkasko,Online,Angestellt,357.54,1098.68,0,1,0,0,0,0,14,4,17,0,3.064,0,0,0,0,2025-06-19
APP102038,42,Hessen,Kleinwagen,9,Haftpflicht,Online,Freiberuflich,740.73,757.17,1,1,0,0,0,0,41,6,15,0,1.021,0,0,0,0,2025-11-19
APP102039,20,Hessen,SUV,4,Vollkasko,Online,Freiberuflich,649.75,0.0,0,0,0,0,0,0,2,0,0,0,0.0,0,0,0,0,2025-12-22
APP102040,33,NRW,Limousine,5,Haftpflicht,Telefon,Angestellt,280.0,0.0,0,0,0,0,0,1,95,0,16,0,0.0,0,0,0,0,2025-01-22
APP102041,37,NRW,Limousine,3,Haftpflicht,Telefon,Angestellt,577.34,5435.61,1,1,1,0,0,0,9,6,4,0,9.399,0,0,0,0,2025-06-05
APP102042,36,Niedersachsen,Motorrad,5,Teilkasko,Telefon,Angestellt,319.37,982.3,1,2,0,0,0,0,180,2,22,0,3.066,0,0,0,0,2025-12-18
APP102043,44,Baden-Württemberg,Transporter,10,Teilkasko,Online,Angestellt,384.3,1092.4,1,1,0,0,0,0,6,8,17,0,2.835,0,0,0,0,2025-12-25
APP102044,32,Baden-Württemberg,Kleinwagen,9,Teilkasko,Online,Rentner,447.88,0.0,0,0,0,0,0,0,53,0,5,0,0.0,0,0,0,0,2025-08-05
APP102045,57,Hessen,Kleinwagen,2,Teilkasko,Online,Angestellt,947.76,0.0,0,0,0,0,0,0,9,0,22,0,0.0,0,0,0,0,2025-01-01
APP102046,43,Bayern,Motorrad,0,Teilkasko,Partnerportal,Angestellt,318.0,4315.22,0,2,0,0,1,2,3,4,12,1,13.527,1,0,0,1,2025-09-18
APP102047,42,Baden-Württemberg,Elektrofahrzeug,4,Haftpflicht,Telefon,Angestellt,280.0,0.0,0,0,0,1,0,0,74,0,7,0,0.0,0,0,0,0,2025-04-22
APP102048,38,Sachsen,Kleinwagen,4,Teilkasko,Makler,Freiberuflich,595.34,164.04,0,1,0,0,0,0,70,7,18,0,0.275,0,0,0,0,2025-04-09
APP102049,45,Hessen,Elektrofahrzeug,4,Haftpflicht,Filiale,Angestellt,486.98,3297.55,0,1,0,0,0,1,18,4,15,0,6.758,0,0,0,0,2025-03-16
APP102050,53,Sachsen,Limousine,3,Haftpflicht,Online,Angestellt,818.06,2632.84,0,4,0,1,0,0,43,11,17,0,3.214,0,0,0,0,2025-05-23
APP102051,31,Berlin,Elektrofahrzeug,2,Haftpflicht,Partnerportal,Angestellt,424.88,2720.67,0,1,0,0,0,0,29,2,6,0,6.388,0,0,0,0,2025-08-18
APP102052,34,Hessen,Transporter,16,Haftpflicht,Filiale,Angestellt,819.38,238.81,0,2,0,0,0,0,69,6,23,0,0.291,0,0,0,0,2025-03-15
APP102053,39,Baden-Württemberg,Elektrofahrzeug,14,Haftpflicht,Partnerportal,Student,496.13,0.0,0,0,0,0,0,0,13,0,8,0,0.0,0,0,0,0,2025-02-02
APP102054,25,Hessen,SUV,4,Vollkasko,Makler,Angestellt,615.37,734.8,1,3,0,0,0,0,26,3,20,0,1.192,0,0,0,0,2025-07-07
APP102055,32,NRW,Kleinwagen,5,Vollkasko,Online,Angestellt,974.63,0.0,0,0,0,0,0,0,23,0,0,0,0.0,0,0,0,0,2025-04-16
APP102056,36,Niedersachsen,Kleinwagen,9,Haftpflicht,Makler,Freiberuflich,459.32,0.0,0,0,1,0,0,0,15,0,8,0,0.0,0,0,0,0,2025-02-15
APP102057,54,Hessen,SUV,5,Vollkasko,Online,Freiberuflich,764.15,0.0,0,0,0,0,1,0,79,0,9,0,0.0,0,0,0,0,2025-10-10
APP102058,46,Niedersachsen,Kleinwagen,3,Haftpflicht,Filiale,Angestellt,380.81,1174.88,1,5,1,0,0,0,6,6,20,0,3.077,0,0,0,0,2025-12-29
APP102059,45,Berlin,Kleinwagen,2,Haftpflicht,Online,Angestellt,542.16,1937.6,0,1,0,0,0,1,5,4,17,0,3.567,0,0,0,0,2025-01-28
APP102060,54,Bayern,Kleinwagen,5,Teilkasko,Online,Student,280.0,1966.3,1,2,0,0,1,0,30,3,21,0,6.998,0,0,0,0,2025-04-17
APP102061,41,NRW,Limousine,2,Teilkasko,Online,Angestellt,398.69,71.19,0,1,0,0,1,0,38,7,0,1,0.178,0,0,0,0,2025-02-03
APP102062,48,Niedersachsen,SUV,10,Haftpflicht,Partnerportal,Rentner,315.96,0.0,0,0,0,0,0,1,7,0,12,0,0.0,0,0,0,0,2025-04-06
APP102063,41,Baden-Württemberg,Elektrofahrzeug,5,Haftpflicht,Makler,Angestellt,822.8,364.72,0,2,0,0,0,1,17,3,13,0,0.443,0,0,0,0,2025-05-07
APP102064,46,Baden-Württemberg,Elektrofahrzeug,7,Teilkasko,Partnerportal,Angestellt,1022.8,1703.19,1,1,0,0,0,0,105,4,22,0,1.664,0,0,0,0,2025-02-26
APP102065,35,Bayern,Elektrofahrzeug,4,Haftpflicht,Online,Arbeitsuchend,424.55,948.08,2,4,0,0,0,1,10,5,6,0,2.228,0,1,0,0,2025-05-04
APP102066,18,Niedersachsen,Transporter,8,Teilkasko,Online,Angestellt,356.14,1227.92,0,1,0,0,0,0,39,5,7,0,3.438,0,0,0,0,2025-05-30
APP102067,41,Bayern,Elektrofahrzeug,3,Vollkasko,Partnerportal,Angestellt,283.76,207.11,0,1,0,0,0,0,48,8,0,0,0.727,0,0,0,0,2025-09-08
APP102068,61,Hessen,Transporter,6,Teilkasko,Filiale,Freiberuflich,550.65,0.0,0,0,0,0,0,0,21,0,1,0,0.0,0,0,0,0,2025-01-27
APP102069,55,Niedersachsen,Elektrofahrzeug,4,Teilkasko,Online,Angestellt,382.62,0.0,0,0,0,0,0,0,99,0,10,0,0.0,0,0,0,0,2025-07-21
APP102070,55,Bayern,Kleinwagen,4,Haftpflicht,Telefon,Arbeitsuchend,391.33,0.0,0,0,1,0,0,0,48,0,0,0,0.0,0,0,0,0,2025-05-03
APP102071,59,Baden-Württemberg,Elektrofahrzeug,9,Haftpflicht,Telefon,Angestellt,976.94,0.0,0,0,0,0,0,0,22,0,23,0,0.0,0,0,0,0,2025-03-30
APP102072,44,Sachsen,Kleinwagen,3,Teilkasko,Filiale,Angestellt,435.07,389.5,1,1,1,1,0,0,30,5,11,0,0.893,0,0,0,0,2025-03-01
APP102073,45,NRW,SUV,6,Vollkasko,Filiale,Angestellt,630.42,0.0,0,0,0,1,0,0,42,0,7,0,0.0,0,0,0,0,2025-11-27
APP102074,34,NRW,SUV,10,Haftpflicht,Online,Angestellt,503.83,2242.62,1,1,0,0,0,1,32,1,2,0,4.442,0,0,0,0,2025-03-13
APP102075,38,Baden-Württemberg,SUV,8,Haftpflicht,Partnerportal,Student,280.0,0.0,0,0,0,0,0,1,75,0,9,0,0.0,0,0,0,0,2025-10-20
APP102076,51,Bayern,Transporter,3,Teilkasko,Online,Rentner,280.0,0.0,0,0,1,0,1,0,15,0,14,0,0.0,0,0,0,0,2025-04-20
APP102077,58,Bayern,SUV,7,Vollkasko,Partnerportal,Angestellt,604.72,0.0,0,0,0,0,0,0,12,0,11,0,0.0,0,0,0,0,2025-05-06
APP102078,41,Hessen,Transporter,1,Teilkasko,Makler,Angestellt,1008.0,732.64,0,1,0,1,0,0,8,4,1,0,0.726,0,0,0,0,2025-02-17
APP102079,37,NRW,SUV,9,Haftpflicht,Online,Rentner,562.45,0.0,0,0,0,0,0,0,1,0,4,0,0.0,0,0,0,0,2025-09-09
APP102080,43,Rheinland-Pfalz,Kleinwagen,19,Haftpflicht,Online,Angestellt,640.42,1284.51,0,3,0,0,0,0,1,6,8,0,2.003,0,0,0,0,2025-09-26
APP102081,50,Bayern,SUV,6,Vollkasko,Makler,Rentner,336.98,4481.15,1,2,0,0,0,0,73,4,17,0,13.259,0,0,0,0,2025-08-19
APP102082,24,Hessen,SUV,11,Teilkasko,Online,Rentner,754.65,0.0,0,0,0,0,0,0,40,0,5,0,0.0,0,0,0,0,2025-11-11
APP102083,18,Sachsen,SUV,2,Haftpflicht,Telefon,Angestellt,750.73,0.0,0,0,0,0,1,0,38,0,10,0,0.0,0,0,0,0,2025-01-15
APP102084,35,Sachsen,Kleinwagen,2,Teilkasko,Online,Angestellt,367.82,0.0,0,0,0,0,0,0,34,0,13,1,0.0,0,0,0,0,2025-01-24
APP102085,27,Niedersachsen,Limousine,4,Teilkasko,Makler,Student,619.6,692.64,0,1,0,0,0,0,68,4,0,0,1.116,0,0,0,0,2025-11-27
APP102086,36,Hessen,Motorrad,4,Vollkasko,Filiale,Freiberuflich,280.0,2421.58,1,2,0,0,0,0,23,8,22,0,8.618,0,0,0,0,2025-09-21
APP102087,41,Bayern,Limousine,6,Vollkasko,Filiale,Selbstständig,667.84,0.0,0,0,1,0,0,0,73,0,3,0,0.0,0,0,0,0,2025-04-16
APP102088,37,Rheinland-Pfalz,Limousine,3,Haftpflicht,Makler,Angestellt,387.45,0.0,0,0,0,1,1,1,16,0,6,1,0.0,0,0,0,0,2025-04-29
APP102089,61,Hessen,Kleinwagen,5,Vollkasko,Online,Arbeitsuchend,294.3,0.0,0,0,1,0,1,0,94,0,8,1,0.0,0,0,0,0,2025-12-24
APP102090,47,Baden-Württemberg,Limousine,9,Vollkasko,Makler,Selbstständig,583.54,2181.9,0,4,1,0,0,0,43,5,16,0,3.733,0,0,0,0,2025-06-19
APP102091,46,Baden-Württemberg,Limousine,7,Haftpflicht,Online,Angestellt,280.0,0.0,0,0,0,0,1,0,10,0,16,0,0.0,0,0,0,0,2025-04-25
APP102092,51,NRW,Motorrad,4,Haftpflicht,Online,Selbstständig,568.96,4244.97,0,1,0,0,0,0,29,6,10,0,7.448,0,0,0,0,2025-05-15
APP102093,28,Baden-Württemberg,Kleinwagen,8,Haftpflicht,Makler,Angestellt,306.26,943.36,0,1,1,0,0,1,27,4,22,0,3.07,0,0,0,0,2025-06-01
APP102094,56,Hessen,Elektrofahrzeug,4,Haftpflicht,Filiale,Angestellt,280.0,0.0,0,0,0,0,0,0,5,0,11,0,0.0,0,0,0,0,2025-10-10
APP102095,42,Baden-Württemberg,SUV,5,Vollkasko,Online,Angestellt,505.29,924.33,0,2,0,1,0,0,32,8,14,0,1.826,0,0,0,0,2025-05-07
APP102096,51,Niedersachsen,SUV,8,Teilkasko,Online,Arbeitsuchend,458.3,443.94,0,1,0,0,0,0,13,5,1,0,0.967,0,0,0,0,2025-12-31
APP102097,29,Hessen,Motorrad,4,Vollkasko,Online,Angestellt,908.55,1007.49,1,2,0,0,0,0,1,2,7,0,1.108,0,0,0,0,2025-01-03
APP102098,22,Sachsen,Kleinwagen,2,Vollkasko,Online,Rentner,287.26,906.49,1,1,0,0,0,0,106,7,19,0,3.145,0,0,0,0,2025-02-17
APP102099,53,Baden-Württemberg,Kleinwagen,5,Vollkasko,Telefon,Freiberuflich,877.89,2249.28,0,1,0,0,1,0,36,3,22,0,2.559,0,0,0,0,2025-08-18
APP102100,47,Niedersachsen,Motorrad,8,Haftpflicht,Partnerportal,Angestellt,305.57,185.85,0,2,0,0,0,0,75,4,1,0,0.606,0,0,0,0,2025-10-31
APP102101,31,Sachsen,Elektrofahrzeug,9,Haftpflicht,Online,Angestellt,725.0,649.65,0,1,0,1,1,0,40,4,23,0,0.895,0,0,0,0,2025-06-26
APP102102,31,Sachsen,Motorrad,2,Vollkasko,Makler,Angestellt,784.12,0.0,0,0,0,0,0,0,15,0,5,0,0.0,0,0,0,0,2025-10-12
APP102103,57,Sachsen,Kleinwagen,7,Haftpflicht,Partnerportal,Angestellt,563.98,3324.45,0,1,0,0,0,0,25,7,0,0,5.884,0,0,0,0,2025-07-21
APP102104,27,NRW,SUV,4,Teilkasko,Online,Arbeitsuchend,353.47,470.23,1,3,0,0,0,0,40,5,17,0,1.327,0,0,0,0,2025-01-17
APP102105,64,Berlin,Limousine,11,Vollkasko,Filiale,Angestellt,280.0,1469.47,0,2,1,0,0,0,116,1,3,0,5.229,0,0,0,0,2025-08-22
APP102106,31,Niedersachsen,Motorrad,2,Haftpflicht,Partnerportal,Angestellt,280.0,1086.91,0,1,0,1,0,0,10,3,7,0,3.868,0,0,0,0,2025-01-07
APP102107,51,NRW,Kleinwagen,7,Teilkasko,Makler,Angestellt,1072.73,2941.24,1,2,0,0,0,0,74,5,7,0,2.739,0,0,0,0,2025-06-20
APP102108,38,Bayern,Elektrofahrzeug,4,Vollkasko,Partnerportal,Angestellt,434.99,2011.14,0,1,1,0,0,0,92,7,13,0,4.613,0,0,0,0,2025-10-18
APP102109,50,Baden-Württemberg,Limousine,3,Teilkasko,Online,Angestellt,309.83,1343.53,1,2,0,0,0,0,39,6,19,0,4.322,0,0,0,0,2025-06-17
APP102110,35,NRW,Limousine,9,Haftpflicht,Telefon,Angestellt,304.87,756.37,0,3,1,0,0,0,96,1,13,0,2.473,0,0,0,0,2025-07-14
APP102111,40,Hessen,Kleinwagen,9,Haftpflicht,Partnerportal,Angestellt,528.74,251.01,0,1,0,0,0,0,18,2,0,0,0.474,0,0,0,0,2025-07-24
APP102112,43,Hessen,Kleinwagen,1,Haftpflicht,Partnerportal,Angestellt,417.45,1495.21,3,5,0,0,0,0,110,2,19,0,3.573,0,1,0,0,2025-05-14
APP102113,29,Hessen,Limousine,9,Haftpflicht,Online,Angestellt,280.0,1902.49,1,1,1,0,0,0,43,4,2,1,6.77,0,0,0,0,2025-09-15
APP102114,52,Bayern,Kleinwagen,5,Teilkasko,Filiale,Arbeitsuchend,708.47,317.78,0,2,0,0,0,0,1,4,14,0,0.448,0,0,0,0,2025-02-08
APP102115,36,NRW,Transporter,5,Haftpflicht,Makler,Angestellt,567.19,0.0,0,0,0,0,0,0,85,0,18,0,0.0,0,0,0,0,2025-04-12
APP102116,40,Baden-Württemberg,Transporter,2,Haftpflicht,Filiale,Student,1067.17,1501.89,0,1,0,0,0,1,23,3,0,0,1.406,0,0,0,0,2025-02-02
APP102117,30,Bayern,Motorrad,7,Haftpflicht,Online,Angestellt,795.63,1616.91,0,3,1,0,0,0,22,4,2,0,2.03,0,0,0,0,2025-12-28
APP102118,18,Rheinland-Pfalz,Kleinwagen,17,Haftpflicht,Online,Freiberuflich,280.0,0.0,0,0,0,0,0,0,30,0,19,0,0.0,0,0,0,0,2025-05-31
APP102119,40,Bayern,Limousine,3,Haftpflicht,Online,Angestellt,893.48,744.0,1,1,1,0,0,0,5,6,0,0,0.832,0,0,0,0,2025-02-02
APP102120,74,Berlin,Kleinwagen,10,Vollkasko,Filiale,Arbeitsuchend,818.23,0.0,0,0,0,0,0,0,22,0,18,0,0.0,0,0,0,0,2025-03-30
APP102121,53,Sachsen,SUV,5,Vollkasko,Makler,Freiberuflich,361.67,3907.58,1,1,0,0,0,0,64,5,16,0,10.774,0,0,0,0,2025-03-19
APP102122,42,Berlin,Elektrofahrzeug,3,Haftpflicht,Online,Arbeitsuchend,410.89,401.46,0,1,0,0,0,0,1,0,12,0,0.975,0,0,0,0,2025-01-30
APP102123,39,Hessen,Limousine,1,Haftpflicht,Online,Student,585.77,1921.61,0,1,0,0,0,0,11,9,19,0,3.275,0,0,0,0,2025-09-22
APP102124,43,Berlin,Motorrad,11,Haftpflicht,Telefon,Student,321.83,1176.48,0,2,0,0,1,0,1,4,15,0,3.644,0,0,0,0,2025-12-16
APP102125,50,NRW,Elektrofahrzeug,5,Haftpflicht,Online,Freiberuflich,444.99,0.0,0,0,0,0,0,0,19,0,11,0,0.0,0,0,0,0,2025-05-06
APP102126,27,Bayern,Kleinwagen,4,Haftpflicht,Online,Rentner,749.96,0.0,0,0,0,0,0,0,46,0,6,0,0.0,0,0,0,0,2025-03-12
APP102127,57,Hessen,Kleinwagen,4,Haftpflicht,Online,Student,612.44,1276.74,1,3,0,0,0,0,57,9,23,0,2.081,0,0,0,0,2025-03-03
APP102128,52,Bayern,Transporter,7,Haftpflicht,Online,Angestellt,372.39,286.1,0,1,0,0,0,0,104,6,23,0,0.766,0,0,0,0,2025-07-19
APP102129,52,Hessen,SUV,4,Teilkasko,Online,Angestellt,757.15,233.28,0,1,0,0,1,0,33,5,16,0,0.308,0,0,0,0,2025-11-23
APP102130,48,Berlin,Limousine,2,Teilkasko,Online,Rentner,559.6,2012.0,0,3,0,0,0,0,10,4,10,0,3.589,0,0,0,0,2025-08-22
APP102131,43,Rheinland-Pfalz,Limousine,4,Vollkasko,Makler,Angestellt,551.62,0.0,0,0,0,0,0,0,92,0,21,0,0.0,0,0,0,0,2025-08-07
APP102132,51,Bayern,Kleinwagen,4,Haftpflicht,Filiale,Angestellt,396.92,998.26,1,2,2,0,0,0,53,5,7,0,2.509,0,0,1,0,2025-06-02
APP102133,50,NRW,Motorrad,4,Vollkasko,Filiale,Angestellt,491.4,0.0,0,0,2,0,0,0,30,0,9,0,0.0,0,0,1,0,2025-06-24
APP102134,38,Hessen,Kleinwagen,4,Teilkasko,Online,Student,355.98,2286.28,1,2,0,0,0,2,42,3,15,0,6.405,0,0,0,1,2025-11-03
APP102135,35,Sachsen,Kleinwagen,10,Teilkasko,Filiale,Angestellt,280.0,0.0,0,0,1,0,0,0,92,0,9,0,0.0,0,0,0,0,2025-10-11
APP102136,44,Baden-Württemberg,Transporter,20,Teilkasko,Online,Rentner,438.12,314.12,0,1,0,0,0,0,44,1,23,0,0.715,0,0,0,0,2025-12-20
APP102137,63,Bayern,SUV,2,Teilkasko,Partnerportal,Angestellt,468.11,0.0,0,0,0,0,0,0,16,0,7,0,0.0,0,0,0,0,2025-07-21
APP102138,26,Baden-Württemberg,Transporter,1,Teilkasko,Online,Angestellt,522.0,3793.02,1,3,0,0,0,0,44,4,4,0,7.252,0,0,0,0,2025-05-05
APP102139,23,Hessen,Elektrofahrzeug,4,Teilkasko,Telefon,Selbstständig,819.84,690.28,0,2,0,0,0,0,1,4,16,0,0.841,0,0,0,0,2025-07-08
APP102140,45,Hessen,Limousine,1,Haftpflicht,Filiale,Angestellt,374.67,612.28,1,2,0,0,0,0,17,6,12,0,1.63,0,0,0,0,2025-12-24
APP102141,43,Bayern,Kleinwagen,1,Vollkasko,Makler,Angestellt,422.23,775.75,1,3,0,0,0,0,18,3,9,0,1.833,0,0,0,0,2025-11-19
APP102142,45,Bayern,Limousine,3,Haftpflicht,Makler,Selbstständig,679.8,1970.15,0,2,0,0,0,0,6,6,9,0,2.894,0,0,0,0,2025-07-23
APP102143,46,Bayern,Kleinwagen,7,Haftpflicht,Online,Freiberuflich,359.22,3443.49,0,1,1,0,0,0,1,5,20,0,9.559,0,0,0,0,2025-07-09
APP102144,40,NRW,Kleinwagen,4,Haftpflicht,Filiale,Angestellt,525.62,422.56,0,2,0,0,0,0,5,0,22,0,0.802,0,0,0,0,2025-06-03
APP102145,62,Niedersachsen,Motorrad,0,Vollkasko,Telefon,Angestellt,415.1,339.16,3,4,0,0,0,0,38,3,11,0,0.815,0,1,0,0,2025-08-21
APP102146,22,Hessen,Elektrofahrzeug,4,Vollkasko,Makler,Rentner,444.82,8857.3,2,5,0,0,0,1,58,3,11,0,19.867,0,1,0,0,2025-08-21
APP102147,32,Hessen,SUV,4,Haftpflicht,Telefon,Angestellt,677.51,0.0,0,0,1,0,0,0,159,0,6,0,0.0,0,0,0,0,2025-09-19
APP102148,41,Bayern,Transporter,4,Haftpflicht,Online,Angestellt,421.22,1502.61,1,3,0,0,0,0,15,5,10,1,3.559,0,0,0,0,2025-03-08
APP102149,21,Sachsen,Transporter,9,Vollkasko,Filiale,Angestellt,686.85,673.08,1,2,0,0,0,0,32,6,19,0,0.979,0,0,0,0,2025-08-07
APP102150,40,Bayern,Kleinwagen,8,Teilkasko,Filiale,Angestellt,280.0,1838.06,1,1,0,1,0,0,99,5,23,0,6.541,0,0,0,0,2025-09-27
APP102151,64,Bayern,Kleinwagen,5,Haftpflicht,Online,Angestellt,280.0,0.0,0,0,0,0,0,0,6,0,11,0,0.0,0,0,0,0,2025-04-23
APP102152,43,Bayern,Transporter,15,Haftpflicht,Online,Angestellt,280.0,1563.73,1,4,0,0,0,0,45,7,3,0,5.565,0,0,0,0,2025-11-02
APP102153,45,Bayern,Kleinwagen,3,Teilkasko,Telefon,Selbstständig,301.98,5322.66,0,3,0,0,0,2,50,4,17,0,17.568,0,0,0,1,2025-03-16
APP102154,26,Niedersachsen,Motorrad,4,Haftpflicht,Filiale,Angestellt,1074.78,918.06,0,3,0,0,0,1,3,6,9,0,0.853,0,0,0,0,2025-09-01
APP102155,34,Bayern,SUV,5,Haftpflicht,Partnerportal,Angestellt,489.13,969.28,0,1,1,0,1,0,71,6,19,0,1.978,0,0,0,0,2025-08-31
APP102156,38,Hessen,Kleinwagen,1,Haftpflicht,Filiale,Student,363.96,1475.42,1,1,0,0,0,0,60,6,1,0,4.043,0,0,0,0,2025-05-25
APP102157,38,Baden-Württemberg,SUV,5,Teilkasko,Filiale,Freiberuflich,684.56,1799.42,0,1,1,0,0,0,1,6,0,0,2.625,0,0,0,0,2025-07-02
APP102158,59,Rheinland-Pfalz,SUV,1,Haftpflicht,Online,Angestellt,726.39,0.0,0,0,0,1,0,0,3,0,13,0,0.0,0,0,0,0,2025-07-07
APP102159,50,Baden-Württemberg,Limousine,3,Vollkasko,Filiale,Angestellt,295.08,0.0,0,0,1,0,0,1,1,0,16,0,0.0,0,0,0,0,2025-06-23
APP102160,28,Rheinland-Pfalz,Motorrad,5,Haftpflicht,Online,Angestellt,1407.04,1580.72,0,1,0,1,0,1,14,7,3,0,1.123,0,0,0,0,2025-03-03
APP102161,46,Berlin,Limousine,2,Teilkasko,Makler,Selbstständig,553.39,881.79,1,1,0,0,0,0,25,5,8,0,1.591,0,0,0,0,2025-09-01
APP102162,49,Rheinland-Pfalz,Limousine,6,Haftpflicht,Partnerportal,Angestellt,583.47,739.64,0,2,0,1,0,0,27,7,6,0,1.265,0,0,0,0,2025-05-24
APP102163,57,NRW,Transporter,3,Haftpflicht,Telefon,Angestellt,607.19,0.0,0,0,0,1,0,1,11,0,20,0,0.0,0,0,0,0,2025-08-23
APP102164,63,Sachsen,Transporter,4,Teilkasko,Filiale,Rentner,606.65,535.23,0,2,0,0,0,0,87,7,21,0,0.881,0,0,0,0,2025-10-31
APP102165,29,Rheinland-Pfalz,Limousine,7,Haftpflicht,Online,Freiberuflich,379.55,461.7,1,1,0,0,0,0,16,7,16,0,1.213,0,0,0,0,2025-02-23
APP102166,32,Berlin,Kleinwagen,5,Teilkasko,Online,Student,1196.62,0.0,0,0,1,0,0,0,1,0,2,0,0.0,0,0,0,0,2025-06-10
APP102167,26,Rheinland-Pfalz,Kleinwagen,6,Haftpflicht,Online,Arbeitsuchend,437.13,5351.6,1,1,0,0,0,0,12,7,0,0,12.215,0,0,0,0,2025-07-18
APP102168,39,Hessen,Limousine,6,Teilkasko,Filiale,Student,736.68,1943.74,3,4,0,1,0,0,27,3,9,0,2.635,0,1,0,0,2025-11-24
APP102169,49,Hessen,Elektrofahrzeug,5,Haftpflicht,Telefon,Rentner,403.64,1097.46,0,2,0,0,0,0,18,5,4,0,2.712,0,0,0,0,2025-04-27
APP102170,55,NRW,Motorrad,6,Vollkasko,Partnerportal,Angestellt,374.67,687.36,0,1,0,0,0,0,11,11,3,0,1.83,0,0,0,0,2025-05-03
APP102171,42,NRW,SUV,3,Teilkasko,Makler,Angestellt,1095.3,105.15,1,2,0,0,0,0,5,4,18,0,0.096,0,0,0,0,2025-01-30
APP102172,38,Baden-Württemberg,Transporter,7,Vollkasko,Telefon,Student,470.82,652.46,0,1,0,0,0,0,61,4,5,0,1.383,0,0,0,0,2025-01-07
APP102173,44,Baden-Württemberg,SUV,4,Teilkasko,Partnerportal,Freiberuflich,485.74,2227.17,0,2,0,0,0,1,180,6,5,0,4.576,0,0,0,0,2025-11-13
APP102174,32,Niedersachsen,Transporter,10,Teilkasko,Online,Arbeitsuchend,555.08,2699.57,1,4,0,0,0,0,14,4,8,1,4.855,0,0,0,0,2025-05-22
APP102175,70,Hessen,Limousine,5,Haftpflicht,Makler,Angestellt,1469.6,0.0,0,0,0,0,0,0,17,0,19,0,0.0,0,0,0,0,2025-07-08
APP102176,22,Hessen,SUV,3,Vollkasko,Online,Selbstständig,1225.22,0.0,0,0,0,0,0,1,34,0,8,0,0.0,0,0,0,0,2025-11-16
APP102177,45,Niedersachsen,SUV,7,Teilkasko,Online,Angestellt,844.88,3671.27,1,3,0,1,0,0,45,4,14,0,4.34,0,0,0,0,2025-02-24
APP102178,69,NRW,Limousine,11,Vollkasko,Makler,Student,1633.57,916.67,0,1,1,0,0,1,17,3,19,0,0.561,0,0,0,0,2025-11-19
APP102179,43,Hessen,Transporter,3,Teilkasko,Partnerportal,Rentner,331.38,3048.52,0,1,1,0,0,0,84,7,7,0,9.172,0,0,0,0,2025-03-31
APP102180,40,Bayern,Elektrofahrzeug,3,Haftpflicht,Filiale,Angestellt,649.03,874.02,0,1,0,0,1,0,29,2,23,0,1.345,0,0,0,0,2025-11-10
APP102181,38,Berlin,SUV,0,Haftpflicht,Telefon,Freiberuflich,508.69,0.0,0,0,0,0,0,0,21,0,1,0,0.0,0,0,0,0,2025-06-11
APP102182,40,Sachsen,Kleinwagen,5,Haftpflicht,Filiale,Selbstständig,280.0,0.0,0,0,0,0,0,0,37,0,9,0,0.0,0,0,0,0,2025-04-04
APP102183,60,Hessen,SUV,4,Haftpflicht,Online,Selbstständig,598.54,490.38,0,1,1,0,0,0,109,3,13,0,0.818,0,0,0,0,2025-09-12
APP102184,18,NRW,Transporter,7,Teilkasko,Online,Angestellt,400.96,2122.2,1,3,0,0,0,0,56,2,23,0,5.28,0,0,0,0,2025-06-06
APP102185,62,Berlin,Limousine,7,Vollkasko,Online,Angestellt,938.3,644.62,0,1,0,0,0,0,1,8,1,0,0.686,0,0,0,0,2025-06-14
APP102186,24,NRW,Limousine,1,Haftpflicht,Partnerportal,Arbeitsuchend,417.42,503.67,1,4,1,0,0,0,14,2,23,0,1.204,0,0,0,0,2025-08-24
APP102187,39,Rheinland-Pfalz,SUV,8,Haftpflicht,Telefon,Freiberuflich,407.57,0.0,0,0,1,0,0,0,22,0,21,0,0.0,0,0,0,0,2025-12-11
APP102188,37,Bayern,Transporter,3,Teilkasko,Online,Rentner,938.13,0.0,0,0,0,0,0,0,13,0,12,0,0.0,0,0,0,0,2025-03-09
APP102189,50,Baden-Württemberg,Motorrad,3,Haftpflicht,Partnerportal,Angestellt,479.39,2746.83,1,2,0,0,1,0,43,5,18,0,5.718,0,0,0,0,2025-11-14
APP102190,22,Hessen,Transporter,6,Vollkasko,Makler,Angestellt,803.04,1873.77,0,2,0,0,1,0,63,4,6,0,2.33,0,0,0,0,2025-09-08
APP102191,49,Berlin,Kleinwagen,2,Haftpflicht,Online,Angestellt,588.89,638.97,0,1,0,0,1,0,47,3,11,0,1.083,0,0,0,0,2025-01-01
APP102192,69,Hessen,Limousine,3,Vollkasko,Telefon,Angestellt,592.21,0.0,0,0,0,1,0,0,163,0,5,0,0.0,0,0,0,0,2025-07-19
APP102193,25,Rheinland-Pfalz,Kleinwagen,2,Vollkasko,Online,Angestellt,444.74,0.0,0,0,0,0,0,1,11,0,2,0,0.0,0,0,0,0,2025-04-27
APP102194,45,Bayern,Transporter,9,Vollkasko,Filiale,Rentner,608.46,554.86,0,1,0,1,0,0,74,4,4,0,0.91,0,0,0,0,2025-02-26
APP102195,34,NRW,Limousine,4,Haftpflicht,Filiale,Rentner,466.27,473.93,0,1,1,0,0,0,52,6,3,0,1.014,0,0,0,0,2025-11-09
APP102196,48,Baden-Württemberg,Kleinwagen,2,Haftpflicht,Partnerportal,Rentner,351.57,679.52,0,1,0,0,0,0,16,5,13,0,1.927,0,0,0,0,2025-11-18
APP102197,43,NRW,Kleinwagen,2,Haftpflicht,Partnerportal,Angestellt,471.64,6843.78,0,1,0,0,0,0,47,5,5,0,14.48,0,0,0,0,2025-12-03
APP102198,34,Baden-Württemberg,Kleinwagen,8,Vollkasko,Makler,Freiberuflich,846.31,0.0,0,0,0,1,0,0,3,0,16,0,0.0,0,0,0,0,2025-11-13
APP102199,49,Baden-Württemberg,Kleinwagen,3,Vollkasko,Filiale,Rentner,617.16,3456.24,0,1,0,0,0,0,56,5,16,0,5.591,0,0,0,0,2025-11-04
APP102200,66,Bayern,Transporter,3,Haftpflicht,Filiale,Angestellt,680.44,813.74,0,1,0,1,0,1,27,5,23,1,1.194,0,0,0,0,2025-12-29
APP102201,40,NRW,Kleinwagen,5,Haftpflicht,Online,Angestellt,493.05,0.0,0,0,0,0,0,0,12,0,12,0,0.0,0,0,0,0,2025-02-18
APP102202,52,Berlin,Limousine,4,Teilkasko,Online,Angestellt,280.0,2610.03,1,1,0,0,0,0,38,4,23,0,9.288,0,0,0,0,2025-01-23
APP102203,26,Baden-Württemberg,Motorrad,1,Haftpflicht,Partnerportal,Rentner,295.01,2723.58,1,3,1,0,0,0,36,4,11,0,9.201,0,0,0,0,2025-08-01
APP102204,30,Bayern,Limousine,7,Teilkasko,Online,Freiberuflich,436.43,1685.22,0,3,0,0,0,0,8,4,23,0,3.853,0,0,0,0,2025-08-09
APP102205,49,Niedersachsen,SUV,4,Vollkasko,Filiale,Angestellt,305.9,0.0,0,0,2,0,0,0,1,0,1,0,0.0,0,0,1,0,2025-11-21
APP102206,62,Bayern,Kleinwagen,6,Teilkasko,Online,Angestellt,395.35,1671.71,1,2,0,0,0,0,20,8,13,0,4.218,0,0,0,0,2025-12-18
APP102207,47,Sachsen,Kleinwagen,7,Teilkasko,Online,Angestellt,389.38,0.0,0,0,0,0,0,0,30,0,4,0,0.0,0,0,0,0,2025-05-29
APP102208,38,Hessen,Transporter,1,Haftpflicht,Filiale,Student,394.35,305.84,0,1,0,0,0,0,75,6,7,0,0.774,0,0,0,0,2025-07-05
APP102209,42,Hessen,Limousine,7,Haftpflicht,Filiale,Selbstständig,901.1,1629.52,2,2,0,0,0,0,94,3,14,0,1.806,0,1,0,0,2025-09-22
APP102210,26,Sachsen,Kleinwagen,18,Teilkasko,Filiale,Freiberuflich,481.91,0.0,0,0,0,0,0,0,27,0,8,0,0.0,0,0,0,0,2025-07-18
APP102211,50,Baden-Württemberg,Limousine,6,Vollkasko,Makler,Arbeitsuchend,729.65,546.73,0,1,0,1,0,0,50,4,15,0,0.748,0,0,0,0,2025-03-23
APP102212,54,NRW,Kleinwagen,10,Teilkasko,Online,Freiberuflich,527.87,1983.56,0,2,0,0,0,0,20,2,12,0,3.751,0,0,0,0,2025-03-20
APP102213,37,NRW,Transporter,9,Haftpflicht,Filiale,Angestellt,893.02,0.0,0,0,0,0,1,0,49,0,21,0,0.0,0,0,0,0,2025-08-05
APP102214,36,Berlin,Kleinwagen,7,Haftpflicht,Online,Angestellt,756.58,695.02,1,1,0,0,0,0,8,2,14,0,0.917,0,0,0,0,2025-06-25
APP102215,46,Berlin,Kleinwagen,9,Teilkasko,Online,Angestellt,384.35,221.58,0,1,0,0,0,0,16,6,3,0,0.575,0,0,0,0,2025-12-02
APP102216,37,Sachsen,Limousine,10,Haftpflicht,Online,Angestellt,1123.14,4558.88,0,1,0,0,0,0,36,6,15,0,4.055,0,0,0,0,2025-07-31
APP102217,42,NRW,SUV,10,Haftpflicht,Online,Freiberuflich,407.12,995.44,0,1,1,0,0,1,1,4,11,0,2.439,0,0,0,0,2025-02-06
APP102218,70,NRW,Transporter,2,Haftpflicht,Online,Freiberuflich,535.93,7645.34,0,1,0,0,0,0,46,3,19,0,14.239,0,0,0,0,2025-04-25
APP102219,39,Bayern,Kleinwagen,9,Haftpflicht,Online,Angestellt,577.29,0.0,0,0,0,0,0,0,64,0,21,0,0.0,0,0,0,0,2025-01-05
APP102220,38,Baden-Württemberg,Limousine,4,Haftpflicht,Online,Arbeitsuchend,604.93,1773.81,0,2,0,0,0,0,18,7,11,0,2.927,0,0,0,0,2025-08-28
APP102221,34,Berlin,Limousine,10,Haftpflicht,Online,Selbstständig,688.42,736.35,0,1,0,1,0,0,21,8,14,0,1.068,0,0,0,0,2025-01-07
APP102222,52,NRW,Transporter,7,Haftpflicht,Filiale,Angestellt,358.58,0.0,0,0,0,0,0,0,68,0,4,0,0.0,0,0,0,0,2025-10-25
APP102223,40,NRW,Limousine,2,Haftpflicht,Makler,Selbstständig,664.6,1890.37,1,1,0,0,0,0,53,4,0,0,2.84,0,0,0,0,2025-11-12
APP102224,34,Bayern,SUV,11,Haftpflicht,Telefon,Angestellt,628.97,1140.49,0,1,0,1,0,0,12,1,19,0,1.81,0,0,0,0,2025-09-17
APP102225,60,NRW,SUV,3,Haftpflicht,Telefon,Angestellt,492.85,388.24,0,1,1,0,0,0,14,3,2,0,0.786,0,0,0,0,2025-08-25
APP102226,61,Berlin,SUV,4,Haftpflicht,Telefon,Angestellt,455.0,0.0,0,0,0,0,0,0,40,0,7,1,0.0,0,0,0,0,2025-11-29
APP102227,35,Rheinland-Pfalz,Limousine,12,Vollkasko,Makler,Angestellt,350.93,536.52,2,2,0,0,0,0,29,5,6,0,1.525,0,1,0,0,2025-04-09
APP102228,18,Niedersachsen,Kleinwagen,5,Haftpflicht,Online,Selbstständig,602.9,5697.72,1,2,0,0,0,0,6,6,12,0,9.435,0,0,0,0,2025-12-29
APP102229,56,Niedersachsen,Kleinwagen,4,Teilkasko,Partnerportal,Freiberuflich,373.38,7952.85,1,1,0,0,0,1,13,4,9,0,21.243,0,0,0,0,2025-04-26
APP102230,34,Sachsen,Kleinwagen,5,Vollkasko,Makler,Angestellt,544.52,0.0,0,0,0,1,0,0,82,0,16,0,0.0,0,0,0,0,2025-05-05
APP102231,53,NRW,Kleinwagen,4,Vollkasko,Filiale,Freiberuflich,472.22,1375.54,0,1,0,0,0,0,41,5,10,0,2.907,0,0,0,0,2025-04-20
APP102232,18,Bayern,Elektrofahrzeug,8,Vollkasko,Partnerportal,Arbeitsuchend,281.36,910.62,1,5,0,0,0,0,153,7,7,0,3.225,0,0,0,0,2025-07-22
APP102233,54,Baden-Württemberg,Elektrofahrzeug,4,Teilkasko,Filiale,Rentner,332.94,547.68,1,4,0,1,0,0,52,2,22,0,1.64,0,0,0,0,2025-09-26
APP102234,27,NRW,Limousine,5,Teilkasko,Filiale,Angestellt,584.06,3900.66,1,4,0,1,0,0,102,6,14,0,6.667,0,0,0,0,2025-10-14
APP102235,52,Rheinland-Pfalz,Kleinwagen,7,Haftpflicht,Online,Angestellt,395.36,5958.3,1,1,0,0,0,0,8,4,11,0,15.033,0,0,0,0,2025-10-25
APP102236,43,NRW,Limousine,6,Vollkasko,Online,Freiberuflich,389.73,567.13,0,2,0,0,0,1,53,4,17,0,1.451,0,0,0,0,2025-03-11
APP102237,30,Niedersachsen,Transporter,3,Haftpflicht,Makler,Selbstständig,357.5,1129.56,2,3,1,0,0,1,1,3,9,0,3.151,0,1,0,0,2025-05-19
APP102238,37,NRW,Motorrad,8,Vollkasko,Filiale,Freiberuflich,362.63,0.0,0,0,0,0,1,1,39,0,11,0,0.0,0,0,0,0,2025-05-29
APP102239,51,Hessen,SUV,3,Teilkasko,Partnerportal,Rentner,982.32,0.0,0,0,0,0,0,1,22,0,3,0,0.0,0,0,0,0,2025-06-03
APP102240,44,Baden-Württemberg,SUV,2,Haftpflicht,Partnerportal,Angestellt,307.85,0.0,0,0,0,0,0,0,15,0,14,0,0.0,0,0,0,0,2025-01-15
APP102241,50,Niedersachsen,Limousine,1,Haftpflicht,Telefon,Angestellt,914.72,0.0,0,0,0,0,0,0,71,0,17,0,0.0,0,0,0,0,2025-12-04
APP102242,68,NRW,Kleinwagen,4,Teilkasko,Telefon,Rentner,428.84,0.0,0,0,1,0,0,0,69,0,12,0,0.0,0,0,0,0,2025-04-15
APP102243,22,Bayern,Kleinwagen,1,Vollkasko,Filiale,Angestellt,374.44,0.0,0,0,0,0,0,0,1,0,23,0,0.0,0,0,0,0,2025-10-11
APP102244,64,Rheinland-Pfalz,SUV,3,Haftpflicht,Makler,Angestellt,578.94,1074.03,1,3,1,0,0,0,33,5,16,0,1.852,0,0,0,0,2025-06-06
APP102245,44,Baden-Württemberg,Transporter,5,Vollkasko,Partnerportal,Angestellt,503.85,0.0,0,0,0,0,1,0,16,0,0,0,0.0,0,0,0,0,2025-08-27
APP102246,31,NRW,Transporter,10,Vollkasko,Online,Angestellt,453.52,0.0,0,0,0,1,0,1,19,0,23,0,0.0,0,0,0,0,2025-11-04
APP102247,25,Bayern,Elektrofahrzeug,4,Teilkasko,Online,Angestellt,540.42,3410.32,0,2,0,0,1,2,64,6,4,0,6.299,0,0,0,1,2025-04-20
APP102248,40,Bayern,Motorrad,1,Haftpflicht,Partnerportal,Selbstständig,500.51,0.0,0,0,0,0,0,0,13,0,16,0,0.0,0,0,0,0,2025-07-09
APP102249,54,Bayern,Limousine,4,Vollkasko,Telefon,Freiberuflich,450.09,901.03,0,2,0,1,1,0,103,2,19,0,1.997,0,0,0,0,2025-02-25
APP102250,41,NRW,Kleinwagen,9,Teilkasko,Partnerportal,Angestellt,729.96,1140.2,0,2,0,0,0,0,7,7,17,0,1.56,0,0,0,0,2025-09-15
APP102251,62,Sachsen,Limousine,4,Teilkasko,Online,Freiberuflich,280.0,0.0,0,0,0,0,0,0,39,0,8,0,0.0,0,0,0,0,2025-03-23
APP102252,24,NRW,Limousine,11,Vollkasko,Online,Student,335.57,481.52,0,1,0,0,0,0,40,5,9,1,1.431,0,0,0,0,2025-07-12
APP102253,42,NRW,Transporter,5,Teilkasko,Online,Rentner,353.88,606.95,1,2,0,0,0,0,10,4,21,0,1.71,0,0,0,0,2025-11-15
APP102254,26,NRW,Kleinwagen,7,Haftpflicht,Makler,Rentner,315.98,2713.45,0,1,0,0,0,0,14,7,16,0,8.56,0,0,0,0,2025-03-01
APP102255,47,Bayern,Elektrofahrzeug,6,Haftpflicht,Online,Angestellt,510.86,0.0,0,0,0,1,0,0,64,0,0,0,0.0,0,0,0,0,2025-12-31
APP102256,54,Bayern,Elektrofahrzeug,10,Vollkasko,Online,Angestellt,609.28,604.64,1,1,0,0,0,0,51,4,3,0,0.991,0,0,0,0,2025-12-31
APP102257,37,NRW,Kleinwagen,15,Haftpflicht,Filiale,Arbeitsuchend,280.0,2428.1,1,2,0,0,0,1,14,3,17,0,8.641,0,0,0,0,2025-10-11
APP102258,18,Hessen,Limousine,3,Haftpflicht,Online,Rentner,403.79,306.36,1,1,0,0,1,0,27,7,14,0,0.757,0,0,0,0,2025-02-13
APP102259,45,NRW,Motorrad,5,Haftpflicht,Telefon,Angestellt,430.48,208.4,0,1,0,0,1,0,2,9,14,0,0.483,0,0,0,0,2025-10-17
APP102260,48,Bayern,Kleinwagen,10,Vollkasko,Makler,Selbstständig,437.0,891.27,1,1,0,0,0,0,8,2,0,0,2.035,0,0,0,0,2025-06-16
APP102261,48,Sachsen,Transporter,6,Vollkasko,Online,Rentner,287.22,0.0,0,0,0,0,0,0,23,0,21,0,0.0,0,0,0,0,2025-09-17
APP102262,59,Sachsen,Transporter,1,Haftpflicht,Partnerportal,Angestellt,431.99,365.69,0,1,0,0,1,0,3,3,23,0,0.845,0,0,0,0,2025-08-23
APP102263,29,Niedersachsen,Kleinwagen,4,Vollkasko,Telefon,Angestellt,336.07,1973.21,0,1,1,0,0,0,66,6,0,1,5.854,0,0,0,0,2025-06-05
APP102264,51,NRW,Kleinwagen,6,Teilkasko,Telefon,Angestellt,428.19,2551.86,1,1,0,0,0,1,45,6,10,1,5.946,0,0,0,0,2025-10-22
APP102265,58,NRW,SUV,12,Vollkasko,Makler,Angestellt,280.0,2369.74,1,3,0,1,0,0,103,3,10,0,8.433,0,0,0,0,2025-07-12
APP102266,19,Berlin,SUV,5,Vollkasko,Telefon,Angestellt,429.42,0.0,0,0,0,0,1,0,42,0,5,0,0.0,0,0,0,0,2025-06-22
APP102267,47,Sachsen,SUV,2,Haftpflicht,Filiale,Angestellt,364.31,3480.61,0,1,0,0,1,0,101,6,0,0,9.528,0,0,0,0,2025-11-24
APP102268,36,Sachsen,Kleinwagen,6,Teilkasko,Online,Angestellt,441.31,198.48,1,2,0,0,0,0,29,6,13,0,0.449,0,0,0,0,2025-11-13
APP102269,41,NRW,SUV,11,Vollkasko,Makler,Angestellt,559.1,1777.3,2,2,0,0,0,0,33,4,23,0,3.173,0,1,0,0,2025-11-12
APP102270,47,Hessen,SUV,3,Teilkasko,Makler,Angestellt,483.58,772.66,1,3,0,0,0,0,135,4,5,0,1.594,0,0,0,0,2025-02-20
APP102271,36,NRW,Limousine,3,Haftpflicht,Makler,Selbstständig,687.61,0.0,0,0,0,0,0,0,36,0,16,0,0.0,0,0,0,0,2025-04-22
APP102272,34,Bayern,Transporter,3,Haftpflicht,Makler,Angestellt,423.47,1951.5,1,1,1,1,0,1,1,4,8,0,4.597,0,0,0,0,2025-02-14
APP102273,43,NRW,Limousine,2,Haftpflicht,Online,Angestellt,639.02,278.45,0,2,0,0,0,0,46,7,16,0,0.435,0,0,0,0,2025-10-14
APP102274,28,Hessen,Limousine,5,Vollkasko,Makler,Angestellt,790.36,0.0,0,0,0,1,0,0,84,0,13,0,0.0,0,0,0,0,2025-05-15
APP102275,28,Sachsen,SUV,5,Teilkasko,Makler,Selbstständig,552.79,0.0,0,0,1,1,0,0,57,0,18,0,0.0,0,0,0,0,2025-11-03
APP102276,51,Berlin,Elektrofahrzeug,1,Haftpflicht,Online,Angestellt,488.46,0.0,0,0,0,0,0,1,31,0,7,0,0.0,0,0,0,0,2025-07-13
APP102277,28,Bayern,Limousine,3,Haftpflicht,Online,Angestellt,586.42,0.0,0,0,1,0,0,0,40,0,23,0,0.0,0,0,0,0,2025-10-24
APP102278,51,Bayern,Limousine,5,Vollkasko,Online,Angestellt,561.05,573.68,0,1,0,0,0,0,166,8,22,0,1.021,0,0,0,0,2025-04-27
APP102279,49,Niedersachsen,Limousine,7,Vollkasko,Online,Rentner,750.34,0.0,0,0,0,0,0,0,3,0,11,0,0.0,0,0,0,0,2025-03-09
APP102280,20,Niedersachsen,SUV,9,Haftpflicht,Makler,Freiberuflich,687.73,2160.85,1,2,0,0,1,0,39,3,1,0,3.137,0,0,0,0,2025-09-23
APP102281,34,Sachsen,Limousine,8,Vollkasko,Online,Angestellt,691.21,0.0,0,0,0,0,0,1,11,0,2,1,0.0,0,0,0,0,2025-04-09
APP102282,58,Rheinland-Pfalz,Transporter,5,Haftpflicht,Filiale,Arbeitsuchend,501.95,445.54,1,1,0,0,0,0,36,5,20,0,0.886,0,0,0,0,2025-11-17
APP102283,30,Berlin,Kleinwagen,1,Vollkasko,Online,Freiberuflich,568.68,844.33,1,1,0,0,0,0,33,5,12,0,1.482,0,0,0,0,2025-09-16
APP102284,36,Niedersachsen,Limousine,4,Haftpflicht,Telefon,Angestellt,564.23,2470.46,0,2,0,0,0,0,5,10,4,0,4.371,0,0,0,0,2025-03-22
APP102285,49,NRW,Kleinwagen,0,Haftpflicht,Online,Angestellt,296.75,0.0,0,0,0,0,0,0,8,0,17,0,0.0,0,0,0,0,2025-10-25
APP102286,53,Berlin,Transporter,5,Teilkasko,Online,Angestellt,771.97,0.0,0,0,0,0,0,0,34,0,0,0,0.0,0,0,0,0,2025-03-13
APP102287,39,Baden-Württemberg,Kleinwagen,3,Haftpflicht,Filiale,Selbstständig,280.0,980.22,0,1,0,0,0,0,4,2,4,0,3.488,0,0,0,0,2025-01-30
APP102288,35,NRW,Limousine,1,Haftpflicht,Filiale,Angestellt,664.56,1056.34,0,1,0,0,0,0,11,3,20,0,1.587,0,0,0,0,2025-11-24
APP102289,61,Niedersachsen,SUV,6,Haftpflicht,Makler,Angestellt,551.22,0.0,0,0,0,1,0,0,64,0,11,0,0.0,0,0,0,0,2025-08-09
APP102290,65,Hessen,Kleinwagen,11,Haftpflicht,Partnerportal,Freiberuflich,437.29,739.59,0,3,0,0,2,1,14,10,18,0,1.687,0,0,0,1,2025-09-07
APP102291,55,Baden-Württemberg,Kleinwagen,1,Vollkasko,Online,Selbstständig,580.74,103.54,0,3,0,1,0,0,24,5,23,0,0.178,0,0,0,0,2025-08-31
APP102292,44,Berlin,Transporter,6,Vollkasko,Makler,Freiberuflich,587.45,3340.43,0,1,2,0,0,0,101,6,5,1,5.677,0,0,1,0,2025-01-24
APP102293,32,NRW,SUV,4,Haftpflicht,Online,Angestellt,284.5,5571.87,0,1,0,0,0,1,9,5,1,0,19.516,0,0,0,0,2025-11-25
APP102294,32,Baden-Württemberg,Kleinwagen,3,Haftpflicht,Online,Angestellt,893.17,720.15,0,2,0,0,0,0,17,1,1,0,0.805,0,0,0,0,2025-12-06
APP102295,49,Rheinland-Pfalz,Kleinwagen,3,Haftpflicht,Filiale,Angestellt,507.91,489.48,0,1,0,0,0,0,33,2,19,0,0.962,0,0,0,0,2025-10-20
APP102296,48,Hessen,Kleinwagen,4,Vollkasko,Online,Angestellt,1302.69,0.0,0,0,0,0,0,0,50,0,12,0,0.0,0,0,0,0,2025-10-02
APP102297,61,Hessen,Elektrofahrzeug,4,Haftpflicht,Online,Freiberuflich,686.57,0.0,0,0,0,0,0,0,83,0,13,0,0.0,0,0,0,0,2025-09-18
APP102298,51,Baden-Württemberg,SUV,5,Vollkasko,Makler,Student,503.08,0.0,0,0,0,1,0,0,88,0,5,0,0.0,0,0,0,0,2025-08-04
APP102299,23,Niedersachsen,Motorrad,3,Haftpflicht,Online,Angestellt,368.77,1269.58,0,1,0,0,1,1,53,6,11,0,3.433,0,0,0,0,2025-02-21
APP102300,56,Baden-Württemberg,Transporter,3,Haftpflicht,Filiale,Angestellt,470.34,617.87,1,4,1,1,0,0,9,3,12,0,1.311,0,0,0,0,2025-05-16
APP102301,30,NRW,Elektrofahrzeug,7,Haftpflicht,Online,Rentner,524.75,0.0,0,0,1,0,0,0,1,0,23,0,0.0,0,0,0,0,2025-08-26
APP102302,38,Niedersachsen,Elektrofahrzeug,2,Haftpflicht,Telefon,Angestellt,911.85,2529.53,1,2,0,1,1,0,17,2,7,0,2.771,0,0,0,0,2025-01-04
APP102303,46,Niedersachsen,Kleinwagen,6,Teilkasko,Filiale,Selbstständig,824.85,2017.44,0,3,0,0,0,0,5,2,13,0,2.443,0,0,0,0,2025-08-24
APP102304,68,Hessen,Kleinwagen,4,Haftpflicht,Makler,Rentner,595.63,2985.36,0,2,0,0,0,0,44,3,17,0,5.004,0,0,0,0,2025-12-24
APP102305,82,Rheinland-Pfalz,SUV,3,Haftpflicht,Makler,Arbeitsuchend,1035.94,532.21,1,1,1,0,0,0,38,8,3,0,0.513,0,0,0,0,2025-07-19
APP102306,50,Niedersachsen,Limousine,13,Haftpflicht,Filiale,Angestellt,280.0,5782.96,0,1,0,1,0,1,1,9,5,0,20.58,1,0,0,0,2025-03-14
APP102307,40,Niedersachsen,SUV,2,Haftpflicht,Online,Rentner,598.47,275.3,0,1,0,0,0,0,65,3,21,0,0.459,0,0,0,0,2025-02-10
APP102308,49,Hessen,Kleinwagen,12,Vollkasko,Partnerportal,Rentner,834.95,0.0,0,0,0,0,0,0,10,0,5,0,0.0,0,0,0,0,2025-09-04
APP102309,54,Niedersachsen,Elektrofahrzeug,8,Haftpflicht,Filiale,Selbstständig,620.13,0.0,0,0,0,0,1,0,20,0,14,0,0.0,0,0,0,0,2025-01-31
APP102310,38,Baden-Württemberg,Transporter,3,Vollkasko,Makler,Freiberuflich,281.52,619.07,1,2,0,0,0,0,39,6,23,0,2.191,0,0,0,0,2025-04-05
APP102311,66,Sachsen,SUV,8,Haftpflicht,Partnerportal,Selbstständig,883.21,0.0,0,0,0,0,0,0,20,0,23,0,0.0,0,0,0,0,2025-03-01
APP102312,45,Baden-Württemberg,Limousine,0,Vollkasko,Online,Student,678.42,2456.91,0,2,1,0,0,1,20,6,12,0,3.616,0,0,0,0,2025-10-23
APP102313,49,Bayern,Limousine,3,Teilkasko,Online,Freiberuflich,569.11,0.0,0,0,0,0,0,0,2,0,6,0,0.0,0,0,0,0,2025-01-25
APP102314,51,Hessen,SUV,2,Haftpflicht,Online,Angestellt,511.38,779.76,1,1,1,0,1,0,18,3,12,0,1.522,0,0,0,0,2025-07-16
APP102315,48,Berlin,SUV,6,Haftpflicht,Partnerportal,Angestellt,1138.37,1320.19,0,1,0,1,0,0,52,6,20,0,1.159,0,0,0,0,2025-11-13
APP102316,53,Sachsen,SUV,7,Haftpflicht,Online,Selbstständig,593.89,1876.23,0,2,0,1,0,1,88,6,5,0,3.154,0,0,0,0,2025-11-23
APP102317,34,Berlin,SUV,6,Haftpflicht,Partnerportal,Rentner,445.14,0.0,0,0,0,0,0,0,19,0,5,0,0.0,0,0,0,0,2025-03-05
APP102318,35,Bayern,Transporter,5,Vollkasko,Partnerportal,Angestellt,350.45,822.38,0,2,1,0,0,1,19,5,13,0,2.34,0,0,0,0,2025-12-28
APP102319,28,Niedersachsen,SUV,9,Vollkasko,Makler,Rentner,677.33,307.96,1,4,0,0,0,0,43,7,2,0,0.454,0,0,0,0,2025-12-01
APP102320,48,Berlin,Limousine,8,Vollkasko,Online,Angestellt,745.62,1384.96,1,3,0,0,0,0,102,4,10,0,1.855,0,0,0,0,2025-06-26
APP102321,53,Bayern,Limousine,3,Haftpflicht,Online,Angestellt,504.59,821.54,1,2,0,0,0,0,11,8,12,0,1.625,0,0,0,0,2025-10-28
APP102322,48,Bayern,Kleinwagen,3,Haftpflicht,Makler,Rentner,389.84,401.2,0,1,0,0,0,0,20,1,2,0,1.027,0,0,0,0,2025-07-09
APP102323,64,Hessen,Limousine,8,Vollkasko,Telefon,Angestellt,861.46,1560.9,1,4,2,0,0,0,57,8,11,0,1.81,0,0,1,0,2025-02-21
APP102324,42,Bayern,Transporter,5,Vollkasko,Online,Angestellt,339.44,1011.16,1,2,0,0,0,1,33,8,22,0,2.97,0,0,0,0,2025-01-31
APP102325,51,Bayern,Kleinwagen,5,Haftpflicht,Telefon,Rentner,1126.83,0.0,0,0,0,0,0,0,4,0,21,0,0.0,0,0,0,0,2025-07-03
APP102326,28,Hessen,Kleinwagen,5,Haftpflicht,Online,Selbstständig,361.95,566.64,1,2,0,0,0,0,35,3,20,0,1.561,0,0,0,0,2025-04-27
APP102327,37,NRW,Motorrad,1,Vollkasko,Telefon,Freiberuflich,288.04,0.0,0,0,0,0,0,0,7,0,21,0,0.0,0,0,0,0,2025-03-14
APP102328,52,Bayern,SUV,3,Teilkasko,Online,Arbeitsuchend,303.94,0.0,0,0,1,0,0,0,25,0,21,0,0.0,0,0,0,0,2025-05-27
APP102329,54,Niedersachsen,SUV,7,Vollkasko,Online,Angestellt,309.18,0.0,0,0,1,0,0,0,27,0,19,0,0.0,0,0,0,0,2025-05-04
APP102330,39,Hessen,Limousine,3,Haftpflicht,Online,Angestellt,446.14,985.87,0,2,0,0,0,0,75,11,4,0,2.205,0,0,0,0,2025-11-22
APP102331,42,Hessen,SUV,4,Vollkasko,Online,Angestellt,404.79,5327.01,0,1,0,1,0,0,22,4,12,0,13.128,0,0,0,0,2025-07-01
APP102332,23,Rheinland-Pfalz,Transporter,7,Haftpflicht,Filiale,Selbstständig,757.75,2361.62,0,1,1,0,1,0,11,5,22,0,3.113,0,0,0,0,2025-04-10
APP102333,38,Sachsen,Motorrad,9,Teilkasko,Filiale,Angestellt,713.71,3027.87,0,1,1,0,0,1,9,4,10,0,4.237,0,0,0,0,2025-11-14
APP102334,54,NRW,Elektrofahrzeug,9,Haftpflicht,Online,Angestellt,448.6,0.0,0,0,0,0,0,0,74,0,16,0,0.0,0,0,0,0,2025-06-27
APP102335,50,NRW,Motorrad,10,Teilkasko,Online,Angestellt,1814.24,25000.0,0,1,1,0,1,0,6,8,9,0,13.772,0,0,0,0,2025-06-15
APP102336,49,Bayern,Kleinwagen,4,Teilkasko,Telefon,Angestellt,446.11,1255.58,1,3,1,0,1,0,19,3,11,0,2.808,0,0,0,0,2025-01-10
APP102337,43,Baden-Württemberg,Limousine,4,Haftpflicht,Online,Rentner,471.78,4053.52,0,1,0,0,0,0,7,7,5,0,8.574,0,0,0,0,2025-06-12
APP102338,43,Bayern,Transporter,2,Vollkasko,Online,Freiberuflich,288.15,2866.19,1,3,0,0,0,0,53,3,4,0,9.912,0,0,0,0,2025-02-15
APP102339,34,Bayern,Limousine,11,Haftpflicht,Makler,Angestellt,476.36,2826.03,0,1,1,0,0,0,23,2,21,0,5.92,0,0,0,0,2025-10-07
APP102340,52,NRW,Limousine,4,Teilkasko,Filiale,Student,558.31,5475.85,0,1,0,1,0,0,15,5,0,0,9.79,0,0,0,0,2025-04-08
APP102341,48,Hessen,Transporter,11,Vollkasko,Online,Angestellt,299.65,848.6,0,2,0,0,0,0,16,3,19,0,2.823,0,0,0,0,2025-04-25
APP102342,49,Niedersachsen,Motorrad,6,Vollkasko,Online,Angestellt,399.63,793.23,0,1,0,0,0,0,68,8,23,0,1.98,0,0,0,0,2025-11-25
APP102343,36,Bayern,Transporter,9,Teilkasko,Telefon,Selbstständig,565.29,1590.5,3,4,0,0,0,0,29,4,19,0,2.809,0,1,0,0,2025-12-20
APP102344,18,Bayern,Limousine,5,Vollkasko,Partnerportal,Angestellt,395.27,1037.64,0,1,0,0,1,0,45,4,14,0,2.619,0,0,0,0,2025-07-26
APP102345,57,Sachsen,Kleinwagen,7,Haftpflicht,Makler,Angestellt,362.0,1588.79,1,3,1,0,1,0,81,8,15,0,4.377,0,0,0,0,2025-04-01
APP102346,36,Niedersachsen,Limousine,9,Teilkasko,Online,Arbeitsuchend,684.37,0.0,0,0,0,0,0,1,83,0,9,0,0.0,0,0,0,0,2025-12-13
APP102347,31,Bayern,Transporter,3,Vollkasko,Partnerportal,Angestellt,287.58,807.2,1,5,1,0,0,0,14,8,23,0,2.797,0,0,0,0,2025-05-07
APP102348,52,Hessen,Limousine,10,Vollkasko,Partnerportal,Student,312.02,935.45,0,2,0,0,0,0,109,9,7,0,2.988,0,0,0,0,2025-08-25
APP102349,37,Hessen,Kleinwagen,2,Teilkasko,Filiale,Freiberuflich,530.86,1405.52,1,1,1,0,0,0,1,3,1,0,2.643,0,0,0,0,2025-01-27
APP102350,56,Baden-Württemberg,Motorrad,13,Haftpflicht,Makler,Rentner,703.02,998.18,0,1,0,0,0,0,17,6,21,0,1.418,0,0,0,0,2025-01-26
APP102351,51,Niedersachsen,Kleinwagen,5,Haftpflicht,Telefon,Rentner,560.21,0.0,0,0,0,0,0,1,81,0,6,0,0.0,0,0,0,0,2025-06-21
APP102352,51,Niedersachsen,Elektrofahrzeug,3,Vollkasko,Online,Angestellt,448.53,0.0,0,0,0,0,0,0,11,0,22,0,0.0,0,0,0,0,2025-05-25
APP102353,25,Bayern,Motorrad,8,Vollkasko,Online,Arbeitsuchend,433.43,0.0,0,0,1,0,0,2,11,0,0,0,0.0,0,0,0,1,2025-06-03
APP102354,58,Niedersachsen,Elektrofahrzeug,6,Haftpflicht,Partnerportal,Rentner,753.24,0.0,0,0,0,0,0,0,12,0,19,0,0.0,0,0,0,0,2025-12-24
APP102355,46,Bayern,Motorrad,1,Vollkasko,Filiale,Arbeitsuchend,706.82,0.0,0,0,0,0,0,0,34,0,22,0,0.0,0,0,0,0,2025-11-08
APP102356,38,NRW,Kleinwagen,4,Haftpflicht,Telefon,Arbeitsuchend,503.17,452.42,1,2,0,1,0,1,20,6,5,1,0.897,0,0,0,0,2025-08-10
APP102357,44,Niedersachsen,Limousine,2,Haftpflicht,Filiale,Angestellt,438.52,1243.52,1,5,0,0,0,1,46,5,12,0,2.829,0,0,0,0,2025-03-23
APP102358,19,Baden-Württemberg,Elektrofahrzeug,2,Teilkasko,Online,Selbstständig,500.1,0.0,0,0,0,0,0,0,81,0,11,0,0.0,0,0,0,0,2025-08-08
APP102359,48,Sachsen,Kleinwagen,2,Haftpflicht,Online,Rentner,363.06,0.0,0,0,0,0,2,0,40,0,18,0,0.0,0,0,0,1,2025-08-20
APP102360,29,Hessen,Limousine,7,Vollkasko,Online,Freiberuflich,462.63,277.1,0,1,1,0,0,0,8,6,16,0,0.598,0,0,0,0,2025-05-24
APP102361,25,Baden-Württemberg,Limousine,8,Haftpflicht,Partnerportal,Arbeitsuchend,401.17,3880.43,1,3,0,0,0,1,97,1,4,0,9.649,0,0,0,0,2025-09-15
APP102362,23,Bayern,Limousine,3,Haftpflicht,Partnerportal,Arbeitsuchend,472.31,630.22,0,2,1,0,0,0,11,3,23,0,1.332,0,0,0,0,2025-11-25
APP102363,57,Hessen,Elektrofahrzeug,1,Teilkasko,Partnerportal,Angestellt,407.26,4938.96,0,1,0,0,0,0,5,8,14,0,12.098,1,0,0,0,2025-07-10
APP102364,34,Bayern,Limousine,0,Vollkasko,Makler,Student,614.04,3122.82,0,2,1,0,1,0,3,3,13,0,5.077,0,0,0,0,2025-11-16
APP102365,62,Berlin,Kleinwagen,15,Haftpflicht,Online,Angestellt,694.87,699.69,0,2,1,0,1,0,29,4,2,0,1.005,0,0,0,0,2025-03-06
APP102366,36,NRW,Limousine,5,Teilkasko,Online,Freiberuflich,420.11,487.28,0,2,0,0,1,1,4,4,4,0,1.157,0,0,0,0,2025-06-04
APP102367,20,Bayern,Limousine,8,Haftpflicht,Online,Angestellt,350.38,0.0,0,0,0,0,0,0,5,0,13,0,0.0,0,0,0,0,2025-09-03
APP102368,28,Bayern,SUV,4,Haftpflicht,Partnerportal,Freiberuflich,664.4,1108.82,0,2,0,0,0,0,12,12,7,0,1.666,0,0,0,0,2025-05-17
APP102369,59,Hessen,Elektrofahrzeug,0,Haftpflicht,Online,Arbeitsuchend,532.51,0.0,0,0,1,0,0,0,11,0,10,0,0.0,0,0,0,0,2025-12-13
APP102370,40,Baden-Württemberg,SUV,6,Teilkasko,Partnerportal,Angestellt,422.41,0.0,0,0,0,0,0,0,33,0,14,0,0.0,0,0,0,0,2025-06-16
APP102371,35,Berlin,Limousine,12,Haftpflicht,Partnerportal,Selbstständig,878.07,2285.72,0,1,0,1,0,1,61,8,12,0,2.6,0,0,0,0,2025-06-12
APP102372,45,Hessen,SUV,3,Haftpflicht,Online,Angestellt,388.65,0.0,0,0,0,1,0,0,51,0,4,0,0.0,0,0,0,0,2025-06-10
APP102373,49,Baden-Württemberg,Elektrofahrzeug,0,Teilkasko,Telefon,Angestellt,280.0,907.47,1,2,0,0,0,0,10,2,12,1,3.229,0,0,0,0,2025-11-30
APP102374,57,Bayern,SUV,2,Teilkasko,Partnerportal,Angestellt,366.01,661.67,1,2,0,0,0,0,10,6,2,0,1.803,0,0,0,0,2025-01-01
APP102375,61,Berlin,Kleinwagen,8,Teilkasko,Filiale,Angestellt,972.35,1035.72,1,1,1,0,1,0,121,1,12,0,1.064,0,0,0,0,2025-06-27
APP102376,38,NRW,Elektrofahrzeug,6,Haftpflicht,Makler,Angestellt,431.2,605.25,1,2,0,0,0,0,1,5,10,0,1.4,0,0,0,0,2025-11-23
APP102377,25,Hessen,SUV,10,Vollkasko,Filiale,Angestellt,396.83,0.0,0,0,0,0,0,0,76,0,8,0,0.0,0,0,0,0,2025-12-25
APP102378,37,Hessen,Kleinwagen,5,Teilkasko,Makler,Selbstständig,498.29,1303.26,0,1,1,0,0,0,8,4,3,0,2.61,0,0,0,0,2025-09-01
APP102379,46,NRW,Kleinwagen,7,Haftpflicht,Filiale,Student,753.44,1513.91,0,1,0,0,1,0,105,3,16,0,2.007,0,0,0,0,2025-06-29
APP102380,30,Baden-Württemberg,Kleinwagen,4,Haftpflicht,Telefon,Angestellt,475.89,5438.76,1,3,0,0,0,0,15,4,14,1,11.405,0,0,0,0,2025-10-17
APP102381,30,Berlin,Elektrofahrzeug,2,Vollkasko,Online,Angestellt,631.67,1082.93,1,1,0,0,0,0,20,6,17,0,1.712,0,0,0,0,2025-08-26
APP102382,47,Niedersachsen,Kleinwagen,7,Vollkasko,Online,Angestellt,455.1,2846.68,0,1,0,0,1,0,44,7,15,0,6.241,0,0,0,0,2025-04-27
APP102383,42,Baden-Württemberg,Transporter,8,Teilkasko,Makler,Angestellt,633.76,0.0,0,0,0,0,0,0,31,0,23,0,0.0,0,0,0,0,2025-12-14
APP102384,43,Niedersachsen,Limousine,3,Vollkasko,Online,Rentner,531.5,989.79,1,1,0,0,0,0,13,6,1,0,1.859,0,0,0,0,2025-01-07
APP102385,33,Hessen,Kleinwagen,12,Teilkasko,Telefon,Angestellt,416.9,1095.22,0,1,0,0,0,0,29,4,5,0,2.621,0,0,0,0,2025-06-23
APP102386,40,Rheinland-Pfalz,Limousine,12,Haftpflicht,Filiale,Arbeitsuchend,549.16,0.0,0,0,1,0,0,0,47,0,11,0,0.0,0,0,0,0,2025-04-26
APP102387,30,NRW,Kleinwagen,2,Haftpflicht,Makler,Rentner,392.35,1537.33,0,1,0,0,1,0,1,8,4,0,3.908,0,0,0,0,2025-09-12
APP102388,54,Hessen,Motorrad,2,Teilkasko,Telefon,Angestellt,280.0,536.24,1,1,0,0,0,0,1,8,23,0,1.908,0,0,0,0,2025-03-20
APP102389,56,Sachsen,SUV,2,Haftpflicht,Online,Angestellt,488.65,348.79,0,3,0,0,1,1,22,10,16,0,0.712,0,0,0,0,2025-01-24
APP102390,18,NRW,Limousine,4,Vollkasko,Online,Student,286.71,2113.61,0,2,0,0,0,0,5,8,18,1,7.346,0,0,0,0,2025-04-01
APP102391,30,Bayern,Motorrad,4,Vollkasko,Telefon,Freiberuflich,633.28,2600.36,1,2,0,1,0,0,39,7,11,0,4.1,0,0,0,0,2025-02-08
APP102392,23,Hessen,SUV,2,Vollkasko,Makler,Selbstständig,485.05,2284.24,0,2,0,0,0,0,8,4,4,0,4.7,0,0,0,0,2025-07-14
APP102393,34,NRW,SUV,3,Haftpflicht,Telefon,Angestellt,895.86,0.0,0,0,0,0,0,0,20,0,23,0,0.0,0,0,0,0,2025-11-26
APP102394,41,NRW,Motorrad,0,Vollkasko,Telefon,Rentner,428.93,0.0,0,0,0,0,0,0,7,0,6,0,0.0,0,0,0,0,2025-07-23
APP102395,24,Niedersachsen,Transporter,1,Vollkasko,Online,Arbeitsuchend,488.62,2222.56,0,1,3,0,0,0,28,10,1,0,4.539,0,0,1,0,2025-06-18
APP102396,31,Hessen,SUV,1,Vollkasko,Makler,Angestellt,280.0,2367.25,0,1,0,0,0,0,4,6,11,0,8.424,0,0,0,0,2025-06-06
APP102397,29,Niedersachsen,Transporter,14,Teilkasko,Partnerportal,Rentner,309.91,583.7,2,3,1,1,1,0,1,7,22,1,1.877,0,1,0,0,2025-07-19
APP102398,45,Rheinland-Pfalz,Limousine,13,Haftpflicht,Online,Rentner,280.0,477.04,1,1,0,0,0,0,1,3,4,0,1.698,0,0,0,0,2025-09-30
APP102399,43,Sachsen,Kleinwagen,8,Haftpflicht,Makler,Angestellt,774.76,0.0,0,0,0,0,0,1,111,0,21,0,0.0,0,0,0,0,2025-09-28
APP102400,33,Berlin,SUV,3,Haftpflicht,Online,Student,406.26,0.0,0,0,0,0,1,0,5,0,7,0,0.0,0,0,0,0,2025-01-04
APP102401,45,Hessen,Kleinwagen,1,Teilkasko,Filiale,Angestellt,860.38,986.7,0,3,1,0,0,0,44,3,4,0,1.145,0,0,0,0,2025-05-29
APP102402,35,Niedersachsen,Kleinwagen,5,Vollkasko,Online,Rentner,280.0,245.87,0,2,0,1,0,1,2,7,15,0,0.875,0,0,0,0,2025-03-12
APP102403,39,Sachsen,Limousine,6,Haftpflicht,Makler,Selbstständig,944.06,0.0,0,0,1,0,0,0,4,0,8,0,0.0,0,0,0,0,2025-02-15
APP102404,64,Hessen,Transporter,3,Teilkasko,Telefon,Angestellt,478.87,960.12,1,3,0,0,0,0,25,7,0,0,2.001,0,0,0,0,2025-07-31
APP102405,60,Bayern,Transporter,6,Vollkasko,Partnerportal,Freiberuflich,568.35,0.0,0,0,0,0,0,0,22,0,4,0,0.0,0,0,0,0,2025-05-15
APP102406,26,Niedersachsen,Elektrofahrzeug,2,Vollkasko,Partnerportal,Angestellt,315.31,3490.73,0,3,0,0,0,1,109,2,0,0,11.036,0,0,0,0,2025-04-20
APP102407,53,Berlin,SUV,3,Teilkasko,Online,Angestellt,614.9,0.0,0,0,0,0,0,1,104,0,16,0,0.0,0,0,0,0,2025-07-17
APP102408,53,Sachsen,Limousine,4,Teilkasko,Makler,Angestellt,421.14,0.0,0,0,0,0,1,1,54,0,0,0,0.0,0,0,0,0,2025-04-10
APP102409,28,Niedersachsen,Limousine,14,Vollkasko,Filiale,Student,298.43,872.14,0,2,1,0,0,1,33,0,14,0,2.913,0,0,0,0,2025-02-21
APP102410,53,Baden-Württemberg,Transporter,3,Vollkasko,Online,Rentner,296.72,910.63,1,1,0,0,0,0,21,4,4,0,3.059,0,0,0,0,2025-01-03
APP102411,62,Hessen,Limousine,6,Vollkasko,Online,Arbeitsuchend,294.52,1045.8,0,3,0,0,0,0,15,6,8,0,3.539,0,0,0,0,2025-04-19
APP102412,28,Bayern,Motorrad,2,Vollkasko,Online,Angestellt,578.07,4146.69,0,2,0,1,0,0,105,9,17,0,7.161,0,0,0,0,2025-06-08
APP102413,31,Berlin,Motorrad,2,Vollkasko,Online,Angestellt,377.3,2148.32,1,2,0,0,0,0,33,2,5,0,5.679,0,0,0,0,2025-12-10
APP102414,56,NRW,Limousine,3,Teilkasko,Partnerportal,Angestellt,280.0,2736.21,0,2,1,0,0,0,31,8,20,0,9.737,0,0,0,0,2025-03-04
APP102415,46,Hessen,Limousine,5,Teilkasko,Makler,Angestellt,575.42,1261.49,0,1,0,0,0,0,9,2,11,0,2.188,0,0,0,0,2025-06-01
APP102416,50,Bayern,Elektrofahrzeug,12,Vollkasko,Partnerportal,Rentner,280.0,368.9,0,2,0,0,0,0,1,8,13,0,1.313,0,0,0,0,2025-06-25
APP102417,47,Sachsen,Limousine,3,Haftpflicht,Online,Angestellt,861.1,206.9,1,2,0,0,0,1,104,6,6,1,0.24,0,0,0,0,2025-04-10
APP102418,48,Sachsen,Transporter,8,Vollkasko,Online,Angestellt,1134.89,0.0,0,0,0,0,1,0,13,0,6,0,0.0,0,0,0,0,2025-10-18
APP102419,25,NRW,Limousine,14,Haftpflicht,Partnerportal,Angestellt,283.95,0.0,0,0,0,0,0,0,21,0,18,0,0.0,0,0,0,0,2025-01-25
APP102420,56,Baden-Württemberg,Transporter,6,Haftpflicht,Makler,Student,766.65,1245.14,0,1,1,0,1,1,4,2,5,0,1.622,0,0,0,0,2025-07-03
APP102421,58,NRW,Kleinwagen,9,Teilkasko,Makler,Freiberuflich,570.56,1013.7,1,2,0,0,0,1,65,7,2,0,1.774,0,0,0,0,2025-12-25
APP102422,40,Rheinland-Pfalz,Motorrad,3,Haftpflicht,Makler,Rentner,399.41,885.99,0,1,0,0,0,0,1,3,15,0,2.213,0,0,0,0,2025-09-04
APP102423,42,Rheinland-Pfalz,Elektrofahrzeug,6,Haftpflicht,Makler,Rentner,407.31,6700.67,1,2,0,0,0,0,64,6,15,0,16.411,0,0,0,0,2025-01-21
APP102424,23,Sachsen,Transporter,7,Vollkasko,Partnerportal,Angestellt,648.64,602.17,0,4,0,0,0,0,5,4,17,0,0.927,0,0,0,0,2025-05-23
APP102425,49,Hessen,Limousine,2,Haftpflicht,Makler,Rentner,484.55,0.0,0,0,0,0,0,0,78,0,4,0,0.0,0,0,0,0,2025-08-14
APP102426,50,NRW,SUV,2,Haftpflicht,Telefon,Angestellt,280.0,1213.94,0,2,1,0,1,1,47,3,19,0,4.32,0,0,0,0,2025-05-11
APP102427,42,NRW,SUV,4,Teilkasko,Partnerportal,Selbstständig,1176.93,1150.79,0,4,0,0,0,0,6,5,3,1,0.977,0,0,0,0,2025-01-10
APP102428,57,Hessen,Kleinwagen,3,Vollkasko,Filiale,Student,591.07,0.0,0,0,0,0,0,0,30,0,15,0,0.0,0,0,0,0,2025-06-27
APP102429,38,Sachsen,Limousine,4,Haftpflicht,Filiale,Angestellt,482.1,0.0,0,0,0,0,0,0,13,0,3,0,0.0,0,0,0,0,2025-07-26
APP102430,50,Baden-Württemberg,Motorrad,1,Haftpflicht,Partnerportal,Student,364.4,988.69,1,1,0,0,0,0,7,6,23,0,2.706,0,0,0,0,2025-05-06
APP102431,29,Rheinland-Pfalz,Elektrofahrzeug,13,Haftpflicht,Partnerportal,Freiberuflich,455.15,2390.65,0,1,1,0,0,0,70,7,12,0,5.241,0,0,0,0,2025-12-02
APP102432,42,Hessen,Limousine,9,Haftpflicht,Online,Freiberuflich,839.71,1651.28,0,1,0,0,1,0,18,4,13,0,1.964,0,0,0,0,2025-01-13
APP102433,40,Hessen,Kleinwagen,24,Vollkasko,Online,Angestellt,549.98,1219.65,1,2,0,0,0,0,18,10,16,1,2.214,0,0,0,0,2025-02-13
APP102434,45,Bayern,Elektrofahrzeug,2,Vollkasko,Partnerportal,Angestellt,576.89,1441.76,1,1,0,1,0,0,6,5,2,0,2.495,0,0,0,0,2025-08-24
APP102435,38,Bayern,Limousine,6,Vollkasko,Online,Student,291.59,675.32,1,1,0,0,0,0,17,10,2,0,2.308,0,0,0,0,2025-06-24
APP102436,41,Bayern,Transporter,3,Vollkasko,Filiale,Freiberuflich,425.45,0.0,0,0,0,0,0,0,73,0,16,0,0.0,0,0,0,0,2025-09-07
APP102437,53,Hessen,Limousine,2,Teilkasko,Partnerportal,Angestellt,503.43,739.86,0,2,0,0,0,0,16,2,12,0,1.467,0,0,0,0,2025-02-24
APP102438,37,NRW,Elektrofahrzeug,9,Haftpflicht,Online,Freiberuflich,660.21,2607.56,1,2,0,0,0,0,109,3,20,0,3.944,0,0,0,0,2025-06-10
APP102439,22,Bayern,SUV,5,Haftpflicht,Makler,Selbstständig,413.79,1117.76,0,1,1,0,0,0,105,5,19,0,2.695,0,0,0,0,2025-09-29
APP102440,65,Sachsen,Limousine,4,Teilkasko,Telefon,Angestellt,727.57,402.2,0,1,0,0,0,0,5,2,9,0,0.552,0,0,0,0,2025-02-17
APP102441,60,Niedersachsen,Kleinwagen,6,Teilkasko,Online,Angestellt,304.71,655.29,1,1,0,0,0,0,7,1,23,0,2.144,0,0,0,0,2025-10-18
APP102442,26,Niedersachsen,Limousine,2,Vollkasko,Filiale,Rentner,507.35,0.0,0,0,0,0,0,0,71,0,11,0,0.0,0,0,0,0,2025-02-20
APP102443,51,Niedersachsen,Motorrad,2,Haftpflicht,Makler,Angestellt,472.96,0.0,0,0,0,0,0,0,17,0,8,0,0.0,0,0,0,0,2025-11-30
APP102444,36,Hessen,Kleinwagen,3,Vollkasko,Partnerportal,Angestellt,280.0,1251.38,0,1,0,1,1,0,1,8,20,0,4.453,0,0,0,0,2025-04-15
APP102445,46,Baden-Württemberg,Kleinwagen,10,Vollkasko,Makler,Rentner,482.97,1079.53,1,3,0,0,1,0,11,9,0,0,2.231,0,0,0,0,2025-12-13
APP102446,46,Hessen,Kleinwagen,9,Vollkasko,Online,Angestellt,385.79,6523.27,0,1,1,0,0,0,32,4,3,0,16.865,0,0,0,0,2025-08-30
APP102447,39,Niedersachsen,Kleinwagen,2,Haftpflicht,Online,Freiberuflich,892.28,1975.68,0,2,1,0,0,0,57,0,18,0,2.212,0,0,0,0,2025-12-29
APP102448,32,Hessen,Transporter,13,Vollkasko,Online,Selbstständig,414.76,1902.42,2,4,0,1,0,0,5,5,5,0,4.576,0,1,0,0,2025-12-16
APP102449,34,Rheinland-Pfalz,Elektrofahrzeug,5,Teilkasko,Filiale,Student,570.99,299.83,0,2,0,0,0,0,4,2,14,0,0.524,0,0,0,0,2025-10-18
APP102450,31,Baden-Württemberg,Kleinwagen,6,Haftpflicht,Online,Arbeitsuchend,293.82,888.96,0,1,0,0,0,0,91,7,17,0,3.015,0,0,0,0,2025-12-17
APP102451,32,Hessen,Transporter,3,Haftpflicht,Filiale,Freiberuflich,544.22,801.38,0,1,0,0,0,0,50,4,4,0,1.47,0,0,0,0,2025-01-12
APP102452,42,Rheinland-Pfalz,Kleinwagen,5,Haftpflicht,Online,Angestellt,413.92,621.31,0,3,0,0,0,0,32,2,7,0,1.497,0,0,0,0,2025-04-14
APP102453,33,Niedersachsen,Elektrofahrzeug,2,Haftpflicht,Online,Freiberuflich,355.66,614.07,0,1,0,0,0,0,52,3,10,0,1.722,0,0,0,0,2025-02-04
APP102454,51,Berlin,SUV,3,Teilkasko,Makler,Student,1620.09,0.0,0,0,1,0,0,0,20,0,4,0,0.0,0,0,0,0,2025-08-14
APP102455,62,Hessen,Motorrad,8,Vollkasko,Online,Angestellt,424.77,0.0,0,0,0,0,0,0,51,0,20,0,0.0,0,0,0,0,2025-06-16
APP102456,35,Hessen,Kleinwagen,8,Haftpflicht,Filiale,Freiberuflich,450.78,2547.78,0,1,0,0,1,0,16,4,7,0,5.639,0,0,0,0,2025-05-08
APP102457,46,Baden-Württemberg,Motorrad,7,Teilkasko,Online,Angestellt,719.7,1073.33,0,2,0,0,0,0,10,6,10,0,1.489,0,0,0,0,2025-12-18
APP102458,49,Hessen,Kleinwagen,4,Teilkasko,Online,Freiberuflich,356.83,788.05,1,2,1,0,0,0,47,8,20,0,2.202,0,0,0,0,2025-07-23
APP102459,49,Baden-Württemberg,Kleinwagen,2,Haftpflicht,Online,Student,583.69,1206.41,0,1,0,0,0,0,19,5,19,0,2.063,0,0,0,0,2025-10-11
APP102460,43,NRW,Transporter,10,Vollkasko,Filiale,Angestellt,610.53,3269.14,0,2,1,0,0,1,143,7,9,0,5.346,0,0,0,0,2025-07-30
APP102461,52,Bayern,Kleinwagen,9,Teilkasko,Telefon,Angestellt,546.08,1216.31,1,2,0,1,0,0,15,1,8,1,2.223,0,0,0,0,2025-01-11
APP102462,49,Niedersachsen,Motorrad,1,Vollkasko,Partnerportal,Selbstständig,1292.67,0.0,0,0,1,0,0,1,91,0,1,0,0.0,0,0,0,0,2025-10-11
APP102463,26,NRW,SUV,8,Vollkasko,Makler,Angestellt,351.5,590.16,1,1,0,0,0,0,97,2,16,0,1.674,0,0,0,0,2025-08-20
APP102464,54,Rheinland-Pfalz,Limousine,4,Haftpflicht,Online,Freiberuflich,939.92,716.35,1,1,0,0,0,0,9,4,3,0,0.761,0,0,0,0,2025-01-20
APP102465,54,NRW,Limousine,7,Haftpflicht,Online,Rentner,600.82,0.0,0,0,0,0,0,0,57,0,11,0,0.0,0,0,0,0,2025-08-31
APP102466,33,Hessen,Kleinwagen,1,Teilkasko,Online,Selbstständig,721.96,0.0,0,0,0,0,0,0,20,0,18,0,0.0,0,0,0,0,2025-11-10
APP102467,43,Niedersachsen,Transporter,3,Haftpflicht,Online,Angestellt,568.68,4085.95,0,2,1,0,0,1,89,5,18,0,7.172,0,0,0,0,2025-10-23
APP102468,51,Berlin,Elektrofahrzeug,5,Haftpflicht,Online,Rentner,1084.5,0.0,0,0,1,0,0,1,21,0,18,0,0.0,0,0,0,0,2025-09-20
APP102469,40,Rheinland-Pfalz,Transporter,13,Vollkasko,Online,Selbstständig,430.77,1378.46,1,1,0,0,0,0,49,5,6,0,3.193,0,0,0,0,2025-12-08
APP102470,56,Bayern,SUV,5,Haftpflicht,Online,Angestellt,607.18,0.0,0,0,0,1,0,1,22,0,12,0,0.0,0,0,0,0,2025-09-13
APP102471,73,NRW,Kleinwagen,9,Teilkasko,Online,Rentner,852.61,2381.48,0,1,0,0,0,0,9,3,1,0,2.79,0,0,0,0,2025-03-17
APP102472,32,Niedersachsen,Motorrad,6,Haftpflicht,Online,Freiberuflich,389.66,172.5,0,1,0,0,0,1,8,5,7,0,0.442,0,0,0,0,2025-12-15
APP102473,25,Bayern,Elektrofahrzeug,5,Haftpflicht,Online,Rentner,750.08,494.8,0,1,0,0,0,0,19,9,5,0,0.659,0,0,0,0,2025-02-04
APP102474,46,NRW,Limousine,7,Vollkasko,Telefon,Angestellt,488.91,1615.53,0,1,0,0,0,0,50,8,10,1,3.298,0,0,0,0,2025-04-17
APP102475,52,Sachsen,Limousine,5,Vollkasko,Telefon,Selbstständig,293.34,265.36,0,1,1,0,0,0,33,8,8,0,0.902,0,0,0,0,2025-05-30
APP102476,39,Bayern,Kleinwagen,8,Haftpflicht,Makler,Selbstständig,280.0,565.13,1,1,0,0,0,0,42,2,7,0,2.011,0,0,0,0,2025-10-01
APP102477,61,NRW,Motorrad,2,Vollkasko,Telefon,Arbeitsuchend,474.31,0.0,0,0,0,0,0,1,11,0,19,0,0.0,0,0,0,0,2025-03-27
APP102478,25,NRW,Kleinwagen,5,Haftpflicht,Filiale,Freiberuflich,747.08,974.83,0,3,0,0,0,0,23,1,23,0,1.303,0,0,0,0,2025-03-24
APP102479,52,Berlin,SUV,14,Haftpflicht,Makler,Angestellt,280.0,0.0,0,0,1,0,0,0,1,0,19,0,0.0,0,0,0,0,2025-02-03
APP102480,35,Hessen,SUV,10,Haftpflicht,Online,Arbeitsuchend,536.03,947.9,0,1,1,1,1,1,61,5,14,0,1.765,0,0,0,0,2025-11-26
APP102481,65,Hessen,Kleinwagen,6,Haftpflicht,Online,Rentner,716.8,2444.29,1,4,0,0,1,2,165,1,20,0,3.405,0,0,0,1,2025-03-24
APP102482,68,Bayern,Kleinwagen,9,Teilkasko,Online,Angestellt,288.09,967.35,0,2,3,0,0,0,18,6,10,0,3.346,0,0,1,0,2025-04-12
APP102483,33,Rheinland-Pfalz,Transporter,12,Haftpflicht,Online,Rentner,377.56,873.99,1,3,0,1,0,0,1,6,14,0,2.309,0,0,0,0,2025-01-09
APP102484,35,NRW,Limousine,1,Haftpflicht,Online,Angestellt,626.65,384.98,1,4,0,0,1,0,6,1,22,1,0.613,0,0,0,0,2025-11-03
APP102485,54,Bayern,Transporter,4,Haftpflicht,Online,Arbeitsuchend,703.72,2894.87,0,1,1,0,0,0,38,7,21,0,4.108,0,0,0,0,2025-01-28
APP102486,37,Bayern,Transporter,3,Teilkasko,Makler,Angestellt,966.54,684.87,1,2,0,0,0,1,34,5,4,1,0.708,0,0,0,0,2025-08-10
APP102487,42,Bayern,Limousine,1,Haftpflicht,Makler,Rentner,385.19,481.08,0,1,0,0,1,0,55,5,15,0,1.246,0,0,0,0,2025-10-08
APP102488,43,Hessen,Kleinwagen,15,Teilkasko,Online,Angestellt,349.83,1452.62,0,1,0,0,1,0,10,6,1,0,4.141,0,0,0,0,2025-07-29
APP102489,18,Berlin,Kleinwagen,7,Haftpflicht,Filiale,Freiberuflich,986.47,631.5,1,2,0,0,0,0,51,2,14,0,0.64,0,0,0,0,2025-01-26
APP102490,42,Niedersachsen,SUV,9,Haftpflicht,Makler,Student,358.86,0.0,0,0,0,0,0,0,41,0,4,0,0.0,0,0,0,0,2025-05-27
APP102491,34,Sachsen,Kleinwagen,3,Vollkasko,Online,Rentner,609.76,1509.74,1,2,0,0,0,0,14,4,14,0,2.472,0,0,0,0,2025-08-07
APP102492,36,Bayern,Transporter,4,Haftpflicht,Filiale,Angestellt,1232.63,918.27,1,1,1,0,0,0,28,9,22,0,0.744,0,0,0,0,2025-12-22
APP102493,61,Hessen,Limousine,5,Vollkasko,Telefon,Angestellt,675.96,0.0,0,0,0,0,0,1,5,0,10,0,0.0,0,0,0,0,2025-03-09
APP102494,26,NRW,Transporter,6,Haftpflicht,Partnerportal,Selbstständig,684.7,1137.28,1,2,0,0,1,1,21,4,5,0,1.659,0,0,0,0,2025-11-01
APP102495,53,NRW,Limousine,8,Teilkasko,Makler,Angestellt,842.85,0.0,0,0,0,0,0,2,76,0,5,0,0.0,0,0,0,1,2025-01-26
APP102496,39,Bayern,SUV,1,Haftpflicht,Online,Selbstständig,614.28,232.66,0,1,0,0,0,0,19,5,4,0,0.378,0,0,0,0,2025-10-28
APP102497,39,NRW,Motorrad,8,Teilkasko,Online,Angestellt,686.08,583.15,1,5,1,0,0,0,65,10,0,0,0.849,0,0,0,0,2025-11-19
APP102498,53,Hessen,Motorrad,4,Vollkasko,Filiale,Angestellt,426.71,0.0,0,0,0,0,0,0,32,0,19,0,0.0,0,0,0,0,2025-04-27
APP102499,47,Hessen,Kleinwagen,12,Vollkasko,Online,Arbeitsuchend,802.06,538.49,0,1,0,0,0,0,7,11,6,0,0.671,0,0,0,0,2025-04-10
